timestamp,temp_c,relative_humidity_2m,surface_pressure,cloud_pct,wind_speed,wind_speed_100m,wind_gust,direct_normal_irradiance,diffuse_radiation,shortwave_radiation_instant,hour_of_day,day_of_year,day_of_week,is_lab_hour,is_hostel_peak,solar_kw,wind_kw,demand_kw
2024-01-01 00:00:00+05:30,14.4,48,990.8,0,15.1,27.3,25.6,0.0,0.0,0.0,0,1,0,0,0,0.0,50.0,70.0
2024-01-01 01:00:00+05:30,13.7,52,990.8,0,15.1,27.0,24.5,0.0,0.0,0.0,1,1,0,0,0,0.0,50.0,70.0
2024-01-01 02:00:00+05:30,13.0,57,990.4,0,15.4,27.5,25.2,0.0,0.0,0.0,2,1,0,0,0,0.0,50.0,70.0
2024-01-01 03:00:00+05:30,12.4,61,990.3,0,16.0,27.6,26.3,0.0,0.0,0.0,3,1,0,0,0,0.0,50.0,70.0
2024-01-01 04:00:00+05:30,11.9,66,990.2,0,15.8,27.1,26.3,0.0,0.0,0.0,4,1,0,0,0,0.0,50.0,70.0
2024-01-01 05:00:00+05:30,11.4,71,990.4,0,15.5,26.8,25.9,0.0,0.0,0.0,5,1,0,0,0,0.0,50.0,70.0
2024-01-01 06:00:00+05:30,11.0,75,991.3,0,14.9,26.0,25.2,0.0,0.0,0.0,6,1,0,0,0,0.0,50.0,70.0
2024-01-01 07:00:00+05:30,10.8,79,992.0,0,14.6,26.0,24.5,0.0,0.0,0.0,7,1,0,0,0,0.0,50.0,110.0
2024-01-01 08:00:00+05:30,11.9,77,992.4,0,15.6,26.5,24.5,176.8,35.0,111.3,8,1,0,0,0,21.47,50.0,110.0
2024-01-01 09:00:00+05:30,14.4,71,993.3,0,13.2,22.8,25.6,446.3,89.0,285.1,9,1,0,1,0,74.26,50.0,190.0
2024-01-01 10:00:00+05:30,17.3,63,993.5,0,12.2,16.3,26.3,611.2,119.0,454.7,10,1,0,1,0,121.54,50.0,190.0
2024-01-01 11:00:00+05:30,20.1,56,992.9,0,12.0,15.1,26.3,700.4,135.0,574.1,11,1,0,1,0,154.24,50.0,190.0
2024-01-01 12:00:00+05:30,21.9,47,991.7,0,12.5,15.3,27.4,742.8,143.0,630.1,12,1,0,1,0,171.84,50.0,190.0
2024-01-01 13:00:00+05:30,23.1,38,990.4,0,13.1,16.1,28.1,754.0,143.0,617.8,13,1,0,1,0,174.49,50.0,154.0
2024-01-01 14:00:00+05:30,23.6,34,989.7,0,13.1,16.4,28.4,731.1,137.0,537.9,14,1,0,1,0,161.96,50.0,190.0
2024-01-01 15:00:00+05:30,23.7,33,989.3,0,13.2,16.5,27.7,669.0,123.0,400.5,15,1,0,1,0,134.42,50.0,190.0
2024-01-01 16:00:00+05:30,23.2,32,989.1,0,13.5,17.4,26.6,542.5,99.0,224.3,16,1,0,1,0,92.41,50.0,190.0
2024-01-01 17:00:00+05:30,21.5,36,989.1,0,9.8,18.7,24.8,312.9,58.0,50.7,17,1,0,1,0,40.83,50.0,190.0
2024-01-01 18:00:00+05:30,18.2,48,990.2,0,10.5,22.2,16.2,16.4,5.0,0.0,18,1,0,0,1,0.0,50.0,165.0
2024-01-01 19:00:00+05:30,17.4,50,990.9,0,13.7,27.2,22.3,0.0,0.0,0.0,19,1,0,0,1,0.0,50.0,165.0
2024-01-01 20:00:00+05:30,16.4,54,991.3,0,14.7,28.3,24.1,0.0,0.0,0.0,20,1,0,0,1,0.0,50.0,165.0
2024-01-01 21:00:00+05:30,15.3,59,991.6,0,15.1,28.4,24.5,0.0,0.0,0.0,21,1,0,0,1,0.0,50.0,165.0
2024-01-01 22:00:00+05:30,14.3,63,991.7,0,16.1,29.5,25.9,0.0,0.0,0.0,22,1,0,0,1,0.0,50.0,165.0
2024-01-01 23:00:00+05:30,13.4,66,991.3,0,16.3,29.2,27.0,0.0,0.0,0.0,23,1,0,0,1,0.0,50.0,165.0
2024-01-02 00:00:00+05:30,12.5,70,991.0,0,15.0,27.6,26.6,0.0,0.0,0.0,0,2,1,0,0,0.0,50.0,70.0
2024-01-02 01:00:00+05:30,11.8,74,990.5,0,14.2,26.5,24.5,0.0,0.0,0.0,1,2,1,0,0,0.0,50.0,70.0
2024-01-02 02:00:00+05:30,11.2,77,990.1,0,14.1,25.5,23.4,0.0,0.0,0.0,2,2,1,0,0,0.0,50.0,70.0
2024-01-02 03:00:00+05:30,10.7,80,989.8,0,13.2,24.8,22.7,0.0,0.0,0.0,3,2,1,0,0,0.0,50.0,70.0
2024-01-02 04:00:00+05:30,10.2,83,989.9,0,12.5,23.6,21.6,0.0,0.0,0.0,4,2,1,0,0,0.0,50.0,70.0
2024-01-02 05:00:00+05:30,9.8,86,990.0,0,13.2,23.9,21.2,0.0,0.0,0.0,5,2,1,0,0,0.0,50.0,70.0
2024-01-02 06:00:00+05:30,9.6,87,990.3,0,13.2,24.1,22.0,0.0,0.0,0.0,6,2,1,0,0,0.0,50.0,70.0
2024-01-02 07:00:00+05:30,9.3,89,991.0,0,13.0,23.8,22.0,0.0,0.0,0.0,7,2,1,0,0,0.0,50.0,110.0
2024-01-02 08:00:00+05:30,10.5,83,991.6,0,13.8,23.7,22.3,185.4,34.0,111.8,8,2,1,0,0,21.92,50.0,110.0
2024-01-02 09:00:00+05:30,13.3,72,992.3,0,11.5,22.2,23.0,450.5,89.0,286.7,9,2,1,1,0,74.94,50.0,190.0
2024-01-02 10:00:00+05:30,16.5,64,992.4,0,10.9,14.7,24.1,615.8,118.0,456.0,10,2,1,1,0,122.29,50.0,190.0
2024-01-02 11:00:00+05:30,19.3,53,991.5,0,10.7,13.3,24.5,707.0,134.0,577.5,11,2,1,1,0,155.6,50.0,190.0
2024-01-02 12:00:00+05:30,21.2,42,990.4,0,10.7,13.3,25.2,751.3,142.0,635.5,12,2,1,1,0,173.65,50.0,190.0
2024-01-02 13:00:00+05:30,22.4,36,989.6,0,10.5,12.7,24.8,760.2,142.0,622.0,13,2,1,1,0,175.99,50.0,154.0
2024-01-02 14:00:00+05:30,23.1,33,988.9,0,11.1,13.9,24.8,735.6,136.0,541.0,14,2,1,1,0,163.03,50.0,190.0
2024-01-02 15:00:00+05:30,23.1,30,988.5,0,12.4,15.3,25.2,672.3,122.0,402.6,15,2,1,1,0,135.26,50.0,190.0
2024-01-02 16:00:00+05:30,22.5,31,988.4,0,13.0,17.2,25.2,547.3,99.0,227.1,16,2,1,1,0,93.48,50.0,190.0
2024-01-02 17:00:00+05:30,20.7,36,988.6,0,10.4,19.5,24.5,319.8,59.0,52.9,17,2,1,1,0,41.93,50.0,190.0
2024-01-02 18:00:00+05:30,17.2,54,989.1,0,10.8,22.3,16.9,16.1,6.0,0.0,18,2,1,0,1,0.0,50.0,165.0
2024-01-02 19:00:00+05:30,16.2,57,989.8,0,14.2,27.5,22.7,0.0,0.0,0.0,19,2,1,0,1,0.0,50.0,165.0
2024-01-02 20:00:00+05:30,15.1,60,990.1,0,15.0,28.4,24.5,0.0,0.0,0.0,20,2,1,0,1,0.0,50.0,165.0
2024-01-02 21:00:00+05:30,14.1,64,990.4,0,14.1,27.1,24.1,0.0,0.0,0.0,21,2,1,0,1,0.0,50.0,165.0
2024-01-02 22:00:00+05:30,13.2,69,990.4,0,13.5,26.0,23.0,0.0,0.0,0.0,22,2,1,0,1,0.0,50.0,165.0
2024-01-02 23:00:00+05:30,12.4,74,990.2,0,13.7,25.5,22.0,0.0,0.0,0.0,23,2,1,0,1,0.0,50.0,165.0
2024-01-03 00:00:00+05:30,11.8,78,989.9,0,14.0,26.0,22.7,0.0,0.0,0.0,0,3,2,0,0,0.0,50.0,70.0
2024-01-03 01:00:00+05:30,11.2,82,989.6,0,13.6,25.3,22.7,0.0,0.0,0.0,1,3,2,0,0,0.0,50.0,70.0
2024-01-03 02:00:00+05:30,10.8,85,989.4,0,12.8,23.4,22.0,0.0,0.0,0.0,2,3,2,0,0,0.0,50.0,70.0
2024-01-03 03:00:00+05:30,10.4,88,989.1,0,12.8,22.7,20.5,0.0,0.0,0.0,3,3,2,0,0,0.0,50.0,70.0
2024-01-03 04:00:00+05:30,9.9,89,988.9,0,12.5,22.5,20.5,0.0,0.0,0.0,4,3,2,0,0,0.0,50.0,70.0
2024-01-03 05:00:00+05:30,9.5,90,988.9,0,12.6,22.4,20.5,0.0,0.0,0.0,5,3,2,0,0,0.0,50.0,70.0
2024-01-03 06:00:00+05:30,9.1,92,989.7,0,13.3,24.6,22.0,0.0,0.0,0.0,6,3,2,0,0,0.0,50.0,70.0
2024-01-03 07:00:00+05:30,8.9,93,990.5,0,12.8,24.4,21.6,0.0,0.0,0.0,7,3,2,0,0,0.0,50.0,110.0
2024-01-03 08:00:00+05:30,10.1,86,991.4,0,13.8,23.5,22.0,185.9,34.0,112.3,8,3,2,0,0,21.92,50.0,110.0
2024-01-03 09:00:00+05:30,12.8,75,992.3,0,11.5,22.6,22.7,458.0,89.0,289.5,9,3,2,1,0,75.85,50.0,190.0
2024-01-03 10:00:00+05:30,15.8,66,992.8,0,12.0,16.2,24.8,631.3,116.0,461.9,10,3,2,1,0,124.41,50.0,190.0
2024-01-03 11:00:00+05:30,18.3,60,992.0,0,13.2,16.7,28.1,711.7,135.0,582.0,11,3,2,1,0,157.16,50.0,190.0
2024-01-03 12:00:00+05:30,19.9,50,991.1,0,12.6,15.8,28.1,753.4,143.0,638.7,12,3,2,1,0,175.17,50.0,190.0
2024-01-03 13:00:00+05:30,21.0,42,989.8,0,12.7,15.8,27.7,761.7,143.0,625.1,13,3,2,1,0,177.58,50.0,154.0
2024-01-03 14:00:00+05:30,21.6,38,989.1,0,13.7,17.1,28.4,738.5,136.0,544.1,14,3,2,1,0,164.7,50.0,190.0
2024-01-03 15:00:00+05:30,21.7,36,988.7,0,14.6,18.4,28.4,675.4,123.0,406.4,15,3,2,1,0,136.91,50.0,190.0
2024-01-03 16:00:00+05:30,21.2,34,988.6,0,15.2,19.8,28.4,549.3,101.0,230.7,16,3,2,1,0,94.83,50.0,190.0
2024-01-03 17:00:00+05:30,19.6,38,988.8,0,11.4,21.2,27.4,326.4,60.0,55.1,17,3,2,1,0,43.05,50.0,190.0
2024-01-03 18:00:00+05:30,16.0,55,989.3,0,10.0,22.0,19.1,15.8,6.0,0.0,18,3,2,0,1,0.0,50.0,165.0
2024-01-03 19:00:00+05:30,14.9,61,989.7,0,11.0,23.2,17.6,0.0,0.0,0.0,19,3,2,0,1,0.0,50.0,165.0
2024-01-03 20:00:00+05:30,13.9,66,990.2,0,13.1,25.9,20.5,0.0,0.0,0.0,20,3,2,0,1,0.0,50.0,165.0
2024-01-03 21:00:00+05:30,13.2,70,990.7,0,15.1,28.4,24.1,0.0,0.0,0.0,21,3,2,0,1,0.0,50.0,165.0
2024-01-03 22:00:00+05:30,12.5,73,991.0,0,15.0,28.8,24.5,0.0,0.0,0.0,22,3,2,0,1,0.0,50.0,165.0
2024-01-03 23:00:00+05:30,11.9,75,990.9,0,15.2,29.0,24.8,0.0,0.0,0.0,23,3,2,0,1,0.0,50.0,165.0
2024-01-04 00:00:00+05:30,11.1,78,990.5,0,14.1,27.0,24.8,0.0,0.0,0.0,0,4,3,0,0,0.0,50.0,70.0
2024-01-04 01:00:00+05:30,10.4,81,990.3,0,12.7,25.0,23.0,0.0,0.0,0.0,1,4,3,0,0,0.0,50.0,70.0
2024-01-04 02:00:00+05:30,9.7,83,990.3,0,12.0,23.1,20.5,0.0,0.0,0.0,2,4,3,0,0,0.0,50.0,70.0
2024-01-04 03:00:00+05:30,9.1,86,990.1,0,12.0,22.3,19.4,0.0,0.0,0.0,3,4,3,0,0,0.0,50.0,70.0
2024-01-04 04:00:00+05:30,8.6,88,990.0,0,12.0,22.1,19.4,0.0,0.0,0.0,4,4,3,0,0,0.0,50.0,70.0
2024-01-04 05:00:00+05:30,8.1,91,990.2,0,12.0,21.7,19.4,0.0,0.0,0.0,5,4,3,0,0,0.0,50.0,70.0
2024-01-04 06:00:00+05:30,8.3,91,991.4,0,12.6,22.3,20.2,0.0,0.0,0.0,6,4,3,0,0,0.0,50.0,70.0
2024-01-04 07:00:00+05:30,8.0,92,992.1,0,13.6,23.0,21.6,0.0,0.0,0.0,7,4,3,0,0,0.0,50.0,110.0
2024-01-04 08:00:00+05:30,9.1,86,993.0,0,15.3,24.7,23.8,186.3,34.0,112.8,8,4,3,0,0,21.96,50.0,110.0
2024-01-04 09:00:00+05:30,11.6,74,993.8,0,12.8,24.5,25.2,458.6,89.0,289.8,9,4,3,1,0,76.14,50.0,190.0
2024-01-04 10:00:00+05:30,14.7,64,994.3,0,12.5,16.8,25.9,624.6,118.0,461.0,10,4,3,1,0,124.27,50.0,190.0
2024-01-04 11:00:00+05:30,17.3,56,993.2,0,12.7,15.8,27.0,711.1,135.0,582.2,11,4,3,1,0,157.67,50.0,190.0
2024-01-04 12:00:00+05:30,19.2,44,991.9,0,13.2,16.6,28.4,753.8,143.0,640.0,12,4,3,1,0,175.8,50.0,190.0
2024-01-04 13:00:00+05:30,20.4,37,990.7,0,13.0,16.6,28.8,763.1,144.0,628.3,13,4,3,1,0,178.56,50.0,154.0
2024-01-04 14:00:00+05:30,21.1,33,989.8,0,12.5,15.8,28.4,741.2,137.0,548.1,14,4,3,1,0,165.85,50.0,190.0
2024-01-04 15:00:00+05:30,21.2,33,989.3,0,12.3,15.3,27.0,678.4,123.0,409.4,15,4,3,1,0,137.86,50.0,190.0
2024-01-04 16:00:00+05:30,20.8,32,989.0,0,12.5,16.3,25.2,553.9,100.0,232.7,16,4,3,1,0,95.58,50.0,190.0
2024-01-04 17:00:00+05:30,19.0,37,989.1,0,8.5,17.3,23.0,327.3,60.0,56.5,17,4,3,1,0,43.38,50.0,190.0
2024-01-04 18:00:00+05:30,16.0,50,989.7,0,11.0,23.4,17.6,15.5,7.0,0.0,18,4,3,0,1,0.0,50.0,165.0
2024-01-04 19:00:00+05:30,15.0,53,990.1,0,12.6,25.9,20.2,0.0,0.0,0.0,19,4,3,0,1,0.0,50.0,165.0
2024-01-04 20:00:00+05:30,13.9,57,990.7,0,13.4,26.9,21.2,0.0,0.0,0.0,20,4,3,0,1,0.0,50.0,165.0
2024-01-04 21:00:00+05:30,12.9,60,991.2,0,13.3,27.4,22.0,0.0,0.0,0.0,21,4,3,0,1,0.0,50.0,165.0
2024-01-04 22:00:00+05:30,12.2,63,991.3,0,13.0,26.5,22.0,0.0,0.0,0.0,22,4,3,0,1,0.0,50.0,165.0
2024-01-04 23:00:00+05:30,11.4,66,990.8,0,12.4,25.5,20.9,0.0,0.0,0.0,23,4,3,0,1,0.0,50.0,165.0
2024-01-05 00:00:00+05:30,10.6,69,990.5,0,12.0,24.3,19.8,0.0,0.0,0.0,0,5,4,0,0,0.0,50.0,70.0
2024-01-05 01:00:00+05:30,9.9,72,990.3,0,12.2,23.9,19.4,0.0,0.0,0.0,1,5,4,0,0,0.0,50.0,70.0
2024-01-05 02:00:00+05:30,9.3,73,990.1,0,12.5,23.8,20.2,0.0,0.0,0.0,2,5,4,0,0,0.0,50.0,70.0
2024-01-05 03:00:00+05:30,8.8,75,989.7,0,12.5,23.6,20.5,0.0,0.0,0.0,3,5,4,0,0,0.0,50.0,70.0
2024-01-05 04:00:00+05:30,8.3,79,989.3,0,11.7,22.2,20.2,0.0,0.0,0.0,4,5,4,0,0,0.0,50.0,70.0
2024-01-05 05:00:00+05:30,7.8,83,989.5,0,11.0,20.8,19.1,0.0,0.0,0.0,5,5,4,0,0,0.0,50.0,70.0
2024-01-05 06:00:00+05:30,7.7,85,990.9,0,10.4,20.6,18.7,0.0,0.0,0.0,6,5,4,0,0,0.0,50.0,70.0
2024-01-05 07:00:00+05:30,7.3,89,991.4,0,10.6,19.7,16.9,0.0,0.0,0.0,7,5,4,0,0,0.0,50.0,110.0
2024-01-05 08:00:00+05:30,8.7,83,992.0,0,13.0,20.0,21.2,186.7,33.0,111.3,8,5,4,0,0,21.73,50.0,110.0
2024-01-05 09:00:00+05:30,11.7,72,992.8,0,10.8,21.5,22.0,459.0,89.0,290.0,9,5,4,1,0,76.05,50.0,190.0
2024-01-05 10:00:00+05:30,14.8,63,993.2,0,11.2,15.9,24.1,622.2,118.0,460.0,10,5,4,1,0,123.79,50.0,190.0
2024-01-05 11:00:00+05:30,17.3,54,992.4,0,12.4,15.8,26.6,706.8,135.0,580.2,11,5,4,1,0,156.94,50.0,190.0
2024-01-05 12:00:00+05:30,19.1,46,991.2,0,12.2,15.3,27.0,746.3,143.0,636.1,12,5,4,1,0,174.62,50.0,190.0
2024-01-05 13:00:00+05:30,20.2,42,990.2,0,11.2,13.5,27.0,753.6,144.0,623.6,13,5,4,1,0,177.18,50.0,154.0
2024-01-05 14:00:00+05:30,20.9,40,989.8,0,11.4,13.9,25.2,729.0,137.0,542.8,14,5,4,1,0,164.13,50.0,190.0
2024-01-05 15:00:00+05:30,20.9,39,989.8,0,12.7,15.8,25.9,663.7,124.0,405.4,15,5,4,1,0,136.2,50.0,190.0
2024-01-05 16:00:00+05:30,20.5,40,990.0,0,13.4,17.4,25.9,539.4,101.0,231.0,16,5,4,1,0,94.27,50.0,190.0
2024-01-05 17:00:00+05:30,19.0,45,990.1,0,10.2,19.2,24.8,317.6,61.0,57.4,17,5,4,1,0,42.86,50.0,190.0
2024-01-05 18:00:00+05:30,16.1,55,990.7,0,10.5,22.7,18.4,15.2,7.0,0.0,18,5,4,0,1,0.0,50.0,165.0
2024-01-05 19:00:00+05:30,15.2,57,991.3,0,11.6,25.2,18.7,0.0,0.0,0.0,19,5,4,0,1,0.0,50.0,165.0
2024-01-05 20:00:00+05:30,14.4,60,991.7,0,14.0,27.8,22.7,0.0,0.0,0.0,20,5,4,0,1,0.0,50.0,165.0
2024-01-05 21:00:00+05:30,13.4,64,991.7,0,13.8,27.3,23.0,0.0,0.0,0.0,21,5,4,0,1,0.0,50.0,165.0
2024-01-05 22:00:00+05:30,12.6,68,992.0,0,13.0,26.3,22.0,0.0,0.0,0.0,22,5,4,0,1,0.0,50.0,165.0
2024-01-05 23:00:00+05:30,11.8,73,991.9,0,12.0,24.9,20.9,0.0,0.0,0.0,23,5,4,0,1,0.0,50.0,165.0
2024-01-06 00:00:00+05:30,11.1,76,991.7,0,11.5,23.3,19.4,0.0,0.0,0.0,0,6,5,0,0,0.0,50.0,70.0
2024-01-06 01:00:00+05:30,10.5,80,991.5,0,10.9,22.5,18.7,0.0,0.0,0.0,1,6,5,0,0,0.0,50.0,70.0
2024-01-06 02:00:00+05:30,9.9,84,991.3,0,11.2,21.7,18.0,0.0,0.0,0.0,2,6,5,0,0,0.0,50.0,70.0
2024-01-06 03:00:00+05:30,9.5,87,991.1,0,11.1,21.3,18.4,0.0,0.0,0.0,3,6,5,0,0,0.0,50.0,70.0
2024-01-06 04:00:00+05:30,9.0,90,990.8,0,11.4,20.8,18.0,0.0,0.0,0.0,4,6,5,0,0,0.0,50.0,70.0
2024-01-06 05:00:00+05:30,8.7,92,991.1,0,11.9,21.3,19.1,0.0,0.0,0.0,5,6,5,0,0,0.0,50.0,70.0
2024-01-06 06:00:00+05:30,9.1,92,992.5,0,11.5,21.6,18.4,0.0,0.0,0.0,6,6,5,0,0,0.0,50.0,70.0
2024-01-06 07:00:00+05:30,8.9,93,992.9,0,12.3,22.6,20.2,0.0,0.0,0.0,7,6,5,0,0,0.0,50.0,110.0
2024-01-06 08:00:00+05:30,10.1,87,993.7,0,14.8,24.1,23.0,170.7,33.0,107.7,8,6,5,0,0,20.38,50.0,110.0
2024-01-06 09:00:00+05:30,12.7,76,994.6,0,13.1,25.0,25.2,442.3,88.0,282.4,9,6,5,0,0,73.49,50.0,130.0
2024-01-06 10:00:00+05:30,15.6,65,994.9,0,13.0,17.7,26.3,606.5,118.0,452.2,10,6,5,0,0,121.02,50.0,130.0
2024-01-06 11:00:00+05:30,18.3,54,994.0,0,12.8,16.1,27.0,695.5,135.0,574.0,11,6,5,0,0,154.43,50.0,130.0
2024-01-06 12:00:00+05:30,20.1,44,992.7,0,12.6,15.8,27.7,740.3,143.0,633.2,12,6,5,0,0,172.92,50.0,130.0
2024-01-06 13:00:00+05:30,21.4,37,991.4,0,12.0,14.9,27.4,750.3,144.0,622.9,13,6,5,0,0,175.85,50.0,112.0
2024-01-06 14:00:00+05:30,22.1,34,990.6,0,11.7,14.5,26.6,729.8,137.0,545.0,14,6,5,0,0,163.64,50.0,130.0
2024-01-06 15:00:00+05:30,22.3,32,990.3,0,12.0,15.1,25.6,668.5,123.0,408.4,15,6,5,0,0,136.19,50.0,130.0
2024-01-06 16:00:00+05:30,21.8,33,990.5,0,12.8,16.6,24.5,546.5,101.0,234.6,16,6,5,0,0,94.91,50.0,130.0
2024-01-06 17:00:00+05:30,19.9,39,990.7,0,9.5,18.8,23.4,323.7,61.0,59.2,17,6,5,0,0,43.41,50.0,130.0
2024-01-06 18:00:00+05:30,16.1,56,992.0,0,10.0,20.6,17.3,29.7,7.0,0.0,18,6,5,0,1,0.0,50.0,165.0
2024-01-06 19:00:00+05:30,14.9,62,992.8,0,11.5,23.2,18.4,0.0,0.0,0.0,19,6,5,0,1,0.0,50.0,165.0
2024-01-06 20:00:00+05:30,14.0,67,993.2,0,13.3,25.7,21.2,0.0,0.0,0.0,20,6,5,0,1,0.0,50.0,165.0
2024-01-06 21:00:00+05:30,13.2,73,993.6,0,15.4,28.8,24.8,0.0,0.0,0.0,21,6,5,0,1,0.0,50.0,165.0
2024-01-06 22:00:00+05:30,12.5,79,993.5,0,16.1,29.5,26.3,0.0,0.0,0.0,22,6,5,0,1,0.0,50.0,165.0
2024-01-06 23:00:00+05:30,11.8,82,993.2,0,15.8,28.8,26.3,0.0,0.0,0.0,23,6,5,0,1,0.0,50.0,165.0
2024-01-07 00:00:00+05:30,11.0,85,993.0,0,15.3,27.9,25.6,0.0,0.0,0.0,0,7,6,0,0,0.0,50.0,70.0
2024-01-07 01:00:00+05:30,10.4,87,992.5,0,14.3,26.9,24.5,0.0,0.0,0.0,1,7,6,0,0,0.0,50.0,70.0
2024-01-07 02:00:00+05:30,9.8,89,992.3,0,13.8,26.2,23.4,0.0,0.0,0.0,2,7,6,0,0,0.0,50.0,70.0
2024-01-07 03:00:00+05:30,9.3,91,992.0,0,13.6,25.6,22.7,0.0,0.0,0.0,3,7,6,0,0,0.0,50.0,70.0
2024-01-07 04:00:00+05:30,8.9,92,991.8,0,13.3,25.2,22.0,0.0,0.0,0.0,4,7,6,0,0,0.0,50.0,70.0
2024-01-07 05:00:00+05:30,8.6,92,991.9,0,13.6,25.5,22.0,0.0,0.0,0.0,5,7,6,0,0,0.0,50.0,70.0
2024-01-07 06:00:00+05:30,8.8,92,992.9,0,14.5,26.4,23.4,0.0,0.0,0.0,6,7,6,0,0,0.0,50.0,70.0
2024-01-07 07:00:00+05:30,8.7,92,993.3,0,15.0,27.2,24.5,0.0,0.0,0.0,7,7,6,0,0,0.0,50.0,110.0
2024-01-07 08:00:00+05:30,9.8,86,994.2,0,15.8,26.7,25.2,179.0,33.0,110.0,8,7,6,0,0,20.95,50.0,110.0
2024-01-07 09:00:00+05:30,12.3,75,995.1,0,12.8,24.0,24.5,449.3,89.0,286.5,9,7,6,0,0,74.53,50.0,70.0
2024-01-07 10:00:00+05:30,15.4,64,995.4,0,12.3,16.5,25.6,614.9,118.0,456.9,10,7,6,0,0,122.28,50.0,70.0
2024-01-07 11:00:00+05:30,18.3,53,994.5,0,12.0,15.2,26.3,706.8,134.0,580.6,11,7,6,0,0,156.1,50.0,70.0
2024-01-07 12:00:00+05:30,20.3,42,993.2,0,11.7,14.5,26.3,751.3,142.0,640.5,12,7,6,0,0,174.57,50.0,70.0
2024-01-07 13:00:00+05:30,21.5,37,992.0,0,11.6,14.1,25.9,760.5,144.0,631.0,13,7,6,0,0,177.69,50.0,70.0
2024-01-07 14:00:00+05:30,22.0,35,991.5,0,11.5,14.3,25.9,738.8,137.0,551.8,14,7,6,0,0,165.41,50.0,70.0
2024-01-07 15:00:00+05:30,21.9,35,990.9,0,12.4,15.5,25.2,677.1,124.0,414.9,15,7,6,0,0,138.14,50.0,70.0
2024-01-07 16:00:00+05:30,21.2,37,990.7,0,13.4,17.1,25.2,553.4,102.0,239.0,16,7,6,0,0,96.43,50.0,70.0
2024-01-07 17:00:00+05:30,19.5,45,990.7,0,10.8,19.8,24.5,329.6,62.0,61.5,17,7,6,0,0,44.37,50.0,70.0
2024-01-07 18:00:00+05:30,16.4,61,991.1,0,11.8,23.8,18.7,29.1,7.0,0.0,18,7,6,0,1,0.0,50.0,165.0
2024-01-07 19:00:00+05:30,15.2,67,991.8,0,13.4,26.1,21.6,0.0,0.0,0.0,19,7,6,0,1,0.0,50.0,165.0
2024-01-07 20:00:00+05:30,14.1,72,992.0,0,15.0,27.8,24.1,0.0,0.0,0.0,20,7,6,0,1,0.0,50.0,165.0
2024-01-07 21:00:00+05:30,13.1,75,992.3,0,14.8,27.5,24.1,0.0,0.0,0.0,21,7,6,0,1,0.0,50.0,165.0
2024-01-07 22:00:00+05:30,12.3,79,992.6,0,14.5,26.6,23.8,0.0,0.0,0.0,22,7,6,0,1,0.0,50.0,165.0
2024-01-07 23:00:00+05:30,11.7,81,992.2,0,15.0,26.9,24.5,0.0,0.0,0.0,23,7,6,0,1,0.0,50.0,165.0
2024-01-08 00:00:00+05:30,11.1,83,991.9,0,14.9,26.8,24.8,0.0,0.0,0.0,0,8,0,0,0,0.0,50.0,70.0
2024-01-08 01:00:00+05:30,10.5,86,991.4,0,13.3,23.9,24.1,0.0,0.0,0.0,1,8,0,0,0,0.0,50.0,70.0
2024-01-08 02:00:00+05:30,9.9,89,991.1,0,11.7,20.6,21.6,0.0,0.0,0.0,2,8,0,0,0,0.0,50.0,70.0
2024-01-08 03:00:00+05:30,9.4,92,991.0,0,11.1,19.4,18.7,0.0,0.0,0.0,3,8,0,0,0,0.0,50.0,70.0
2024-01-08 04:00:00+05:30,9.1,93,991.0,0,11.5,19.1,18.7,0.0,0.0,0.0,4,8,0,0,0,0.0,50.0,70.0
2024-01-08 05:00:00+05:30,8.8,95,991.0,0,12.9,21.1,20.5,0.0,0.0,0.0,5,8,0,0,0,0.0,50.0,70.0
2024-01-08 06:00:00+05:30,9.3,95,992.0,0,12.8,21.9,20.9,0.0,0.0,0.0,6,8,0,0,0,0.0,50.0,70.0
2024-01-08 07:00:00+05:30,9.1,95,992.5,0,12.8,22.2,20.9,0.0,0.0,0.0,7,8,0,0,0,0.0,50.0,110.0
2024-01-08 08:00:00+05:30,10.3,90,993.4,0,14.4,22.8,22.7,171.0,33.0,108.3,8,8,0,0,0,20.28,50.0,110.0
2024-01-08 09:00:00+05:30,13.1,79,994.1,0,12.3,22.3,23.8,449.3,88.0,285.3,9,8,0,1,0,73.99,50.0,190.0
2024-01-08 10:00:00+05:30,16.3,68,994.4,0,10.4,14.1,23.8,616.5,118.0,458.2,10,8,0,1,0,122.02,50.0,190.0
2024-01-08 11:00:00+05:30,19.1,57,993.5,0,8.3,9.9,23.0,707.4,134.0,581.8,11,8,0,1,0,155.7,24.11,190.0
2024-01-08 12:00:00+05:30,21.3,47,992.3,0,6.3,7.7,20.5,752.8,142.0,642.8,12,8,0,1,0,174.18,10.43,190.0
2024-01-08 13:00:00+05:30,22.9,40,991.2,0,5.6,6.6,18.7,763.0,143.0,633.2,13,8,0,1,0,177.05,6.54,154.0
2024-01-08 14:00:00+05:30,23.7,34,990.4,0,6.6,7.9,18.0,741.1,137.0,554.9,14,8,0,1,0,164.82,11.55,190.0
2024-01-08 15:00:00+05:30,23.9,30,989.8,0,8.2,9.8,18.7,681.6,124.0,418.8,15,8,0,1,0,137.93,22.84,190.0
2024-01-08 16:00:00+05:30,23.4,30,989.8,0,9.8,12.1,18.7,560.2,102.0,242.6,16,8,0,1,0,96.68,41.97,190.0
2024-01-08 17:00:00+05:30,21.1,38,989.7,0,8.5,17.4,18.7,340.4,63.0,64.4,17,8,0,1,0,45.44,50.0,190.0
2024-01-08 18:00:00+05:30,17.6,53,991.1,0,9.5,20.3,14.8,28.6,8.0,0.0,18,8,0,0,1,0.0,50.0,165.0
2024-01-08 19:00:00+05:30,17.0,55,991.5,0,9.1,20.0,14.8,0.0,0.0,0.0,19,8,0,0,1,0.0,50.0,165.0
2024-01-08 20:00:00+05:30,15.9,63,991.8,0,11.6,23.0,18.4,0.0,0.0,0.0,20,8,0,0,1,0.0,50.0,165.0
2024-01-08 21:00:00+05:30,14.9,65,992.3,0,14.1,26.6,22.7,0.0,0.0,0.0,21,8,0,0,1,0.0,50.0,165.0
2024-01-08 22:00:00+05:30,14.3,67,992.6,0,15.8,29.3,25.2,0.0,0.0,0.0,22,8,0,0,1,0.0,50.0,165.0
2024-01-08 23:00:00+05:30,13.7,74,992.3,0,15.9,29.6,26.3,0.0,0.0,0.0,23,8,0,0,1,0.0,50.0,165.0
2024-01-09 00:00:00+05:30,12.8,82,992.1,0,16.0,29.3,25.9,0.0,0.0,0.0,0,9,1,0,0,0.0,50.0,70.0
2024-01-09 01:00:00+05:30,12.2,88,991.8,0,15.9,28.9,25.9,0.0,0.0,0.0,1,9,1,0,0,0.0,50.0,70.0
2024-01-09 02:00:00+05:30,11.7,91,991.5,0,14.4,26.4,25.6,0.0,0.0,0.0,2,9,1,0,0,0.0,50.0,70.0
2024-01-09 03:00:00+05:30,11.1,93,991.5,0,16.9,29.5,27.0,0.0,0.0,0.0,3,9,1,0,0,0.0,50.0,70.0
2024-01-09 04:00:00+05:30,11.0,92,991.1,0,16.2,29.4,27.7,0.0,0.0,0.0,4,9,1,0,0,0.0,50.0,70.0
2024-01-09 05:00:00+05:30,10.6,94,991.3,0,16.2,29.4,26.3,0.0,0.0,0.0,5,9,1,0,0,0.0,50.0,70.0
2024-01-09 06:00:00+05:30,9.9,95,992.8,0,15.3,27.8,24.5,0.0,0.0,0.0,6,9,1,0,0,0.0,50.0,70.0
2024-01-09 07:00:00+05:30,9.7,95,993.5,0,17.6,30.9,28.1,0.0,0.0,0.0,7,9,1,0,0,0.0,50.0,110.0
2024-01-09 08:00:00+05:30,10.5,90,994.4,0,18.1,32.5,31.7,171.0,33.0,108.5,8,9,1,0,0,20.21,0.0,110.0
2024-01-09 09:00:00+05:30,12.8,80,995.3,0,17.4,28.9,31.3,438.9,90.0,284.2,9,9,1,1,0,73.21,50.0,190.0
2024-01-09 10:00:00+05:30,15.3,71,995.6,0,17.9,25.1,33.1,613.6,119.0,458.3,10,9,1,1,0,122.22,50.0,190.0
2024-01-09 11:00:00+05:30,17.5,64,994.9,0,20.0,26.1,38.2,709.7,136.0,586.2,11,9,1,1,0,157.48,50.0,190.0
2024-01-09 12:00:00+05:30,19.0,56,994.0,0,20.1,25.9,38.9,754.2,146.0,649.1,12,9,1,1,0,176.9,50.0,190.0
2024-01-09 13:00:00+05:30,20.0,49,993.0,0,19.2,24.7,38.9,765.4,147.0,640.2,13,9,1,1,0,180.49,50.0,154.0
2024-01-09 14:00:00+05:30,20.6,45,992.3,0,18.0,23.0,37.4,744.9,140.0,561.7,14,9,1,1,0,168.35,50.0,190.0
2024-01-09 15:00:00+05:30,20.7,42,992.1,0,17.4,21.9,35.3,684.1,126.0,423.5,15,9,1,1,0,140.74,50.0,190.0
2024-01-09 16:00:00+05:30,20.2,42,992.0,0,16.8,21.8,32.8,561.6,105.0,247.0,16,9,1,1,0,98.93,50.0,190.0
2024-01-09 17:00:00+05:30,18.8,47,992.3,0,12.9,21.7,29.9,340.8,65.0,66.8,17,9,1,1,0,46.46,50.0,190.0
2024-01-09 18:00:00+05:30,15.6,62,993.0,0,10.1,22.2,17.3,28.0,9.0,0.0,18,9,1,0,1,0.0,50.0,165.0
2024-01-09 19:00:00+05:30,14.9,65,993.7,0,12.4,25.6,19.4,0.0,0.0,0.0,19,9,1,0,1,0.0,50.0,165.0
2024-01-09 20:00:00+05:30,14.0,70,994.1,0,13.7,27.1,22.0,0.0,0.0,0.0,20,9,1,0,1,0.0,50.0,165.0
2024-01-09 21:00:00+05:30,13.1,74,994.4,0,16.2,30.2,25.9,0.0,0.0,0.0,21,9,1,0,1,0.0,50.0,165.0
2024-01-09 22:00:00+05:30,12.5,72,994.5,0,18.8,33.8,30.2,0.0,0.0,0.0,22,9,1,0,1,0.0,0.0,165.0
2024-01-09 23:00:00+05:30,11.8,72,994.3,0,18.2,32.9,30.6,0.0,0.0,0.0,23,9,1,0,1,0.0,0.0,165.0
2024-01-10 00:00:00+05:30,11.1,74,993.9,0,16.7,30.9,29.2,0.0,0.0,0.0,0,10,2,0,0,0.0,50.0,70.0
2024-01-10 01:00:00+05:30,10.3,77,993.6,0,15.6,28.9,27.0,0.0,0.0,0.0,1,10,2,0,0,0.0,50.0,70.0
2024-01-10 02:00:00+05:30,9.7,81,993.4,0,15.2,27.9,25.2,0.0,0.0,0.0,2,10,2,0,0,0.0,50.0,70.0
2024-01-10 03:00:00+05:30,9.2,84,993.0,0,15.5,28.3,25.2,0.0,0.0,0.0,3,10,2,0,0,0.0,50.0,70.0
2024-01-10 04:00:00+05:30,8.6,87,992.4,0,14.9,27.4,25.2,0.0,0.0,0.0,4,10,2,0,0,0.0,50.0,70.0
2024-01-10 05:00:00+05:30,8.1,90,992.5,0,14.3,26.5,24.1,0.0,0.0,0.0,5,10,2,0,0,0.0,50.0,70.0
2024-01-10 06:00:00+05:30,8.1,94,993.6,0,13.9,25.7,22.3,0.0,0.0,0.0,6,10,2,0,0,0.0,50.0,70.0
2024-01-10 07:00:00+05:30,7.8,95,994.0,0,15.0,27.2,24.1,0.0,0.0,0.0,7,10,2,0,0,0.0,50.0,110.0
2024-01-10 08:00:00+05:30,8.9,89,994.5,0,16.4,28.0,25.6,179.1,34.0,112.7,8,10,2,0,0,21.09,50.0,110.0
2024-01-10 09:00:00+05:30,11.5,78,995.4,0,13.5,26.1,25.9,465.8,89.0,293.3,9,10,2,1,0,76.4,50.0,190.0
2024-01-10 10:00:00+05:30,14.5,67,995.7,0,13.5,18.9,27.0,634.6,119.0,469.9,10,10,2,1,0,125.63,50.0,190.0
2024-01-10 11:00:00+05:30,17.2,53,995.0,0,13.2,17.1,28.1,725.7,136.0,597.1,11,10,2,1,0,160.33,50.0,190.0
2024-01-10 12:00:00+05:30,19.0,41,993.3,0,12.5,15.5,28.1,771.0,145.0,660.5,12,10,2,1,0,179.73,50.0,190.0
2024-01-10 13:00:00+05:30,20.2,35,991.9,0,10.7,13.2,27.0,784.4,145.0,652.2,13,10,2,1,0,183.46,50.0,154.0
2024-01-10 14:00:00+05:30,20.9,32,991.0,0,10.2,12.5,24.5,764.8,139.0,574.2,14,10,2,1,0,171.51,47.28,190.0
2024-01-10 15:00:00+05:30,20.9,32,990.5,0,10.2,12.4,23.0,703.7,127.0,435.3,15,10,2,1,0,144.06,46.6,190.0
2024-01-10 16:00:00+05:30,20.2,33,990.6,0,11.3,14.3,22.0,583.9,104.0,254.5,16,10,2,1,0,101.83,50.0,190.0
2024-01-10 17:00:00+05:30,18.3,40,990.6,0,9.4,18.6,21.6,361.0,66.0,70.7,17,10,2,1,0,48.79,50.0,190.0
2024-01-10 18:00:00+05:30,15.4,46,990.8,0,9.3,21.3,14.4,41.2,9.0,0.0,18,10,2,0,1,0.0,50.0,165.0
2024-01-10 19:00:00+05:30,14.3,51,991.3,0,10.6,23.1,16.6,0.0,0.0,0.0,19,10,2,0,1,0.0,50.0,165.0
2024-01-10 20:00:00+05:30,13.3,56,992.0,0,10.6,23.2,17.6,0.0,0.0,0.0,20,10,2,0,1,0.0,50.0,165.0
2024-01-10 21:00:00+05:30,12.3,61,992.8,0,10.9,23.0,17.3,0.0,0.0,0.0,21,10,2,0,1,0.0,50.0,165.0
2024-01-10 22:00:00+05:30,11.5,64,993.1,0,12.2,24.9,19.4,0.0,0.0,0.0,22,10,2,0,1,0.0,50.0,165.0
2024-01-10 23:00:00+05:30,10.8,68,992.9,0,12.6,25.8,20.2,0.0,0.0,0.0,23,10,2,0,1,0.0,50.0,165.0
2024-01-11 00:00:00+05:30,10.0,72,992.4,0,11.8,24.2,20.2,0.0,0.0,0.0,0,11,3,0,0,0.0,50.0,70.0
2024-01-11 01:00:00+05:30,9.2,76,992.0,0,10.0,21.8,18.7,0.0,0.0,0.0,1,11,3,0,0,0.0,50.0,70.0
2024-01-11 02:00:00+05:30,8.5,80,991.9,0,9.9,20.6,15.8,0.0,0.0,0.0,2,11,3,0,0,0.0,50.0,70.0
2024-01-11 03:00:00+05:30,8.1,82,991.7,0,9.9,20.6,16.2,0.0,0.0,0.0,3,11,3,0,0,0.0,50.0,70.0
2024-01-11 04:00:00+05:30,7.6,85,991.5,0,9.7,19.6,16.2,0.0,0.0,0.0,4,11,3,0,0,0.0,50.0,70.0
2024-01-11 05:00:00+05:30,7.0,88,991.5,0,10.1,18.3,16.2,0.0,0.0,0.0,5,11,3,0,0,0.0,50.0,70.0
2024-01-11 06:00:00+05:30,6.6,90,992.8,0,10.7,20.7,18.4,0.0,0.0,0.0,6,11,3,0,0,0.0,50.0,70.0
2024-01-11 07:00:00+05:30,6.2,92,993.2,0,10.7,20.5,17.6,0.0,0.0,0.0,7,11,3,0,0,0.0,50.0,110.0
2024-01-11 08:00:00+05:30,7.8,83,994.1,0,13.0,21.3,21.2,187.2,34.0,114.8,8,11,3,0,0,21.71,50.0,110.0
2024-01-11 09:00:00+05:30,11.2,70,995.2,0,11.5,21.6,22.0,482.3,89.0,299.9,9,11,3,1,0,78.32,50.0,190.0
2024-01-11 10:00:00+05:30,14.9,56,995.5,0,10.0,17.1,22.0,651.1,118.0,478.1,10,11,3,1,0,127.6,50.0,190.0
2024-01-11 11:00:00+05:30,18.1,43,994.7,0,8.7,11.1,22.3,739.8,135.0,605.9,11,11,3,1,0,161.9,31.55,190.0
2024-01-11 12:00:00+05:30,20.2,32,993.6,0,6.5,7.9,21.2,783.0,144.0,668.9,12,11,3,1,0,180.83,11.48,190.0
2024-01-11 13:00:00+05:30,21.5,27,992.2,0,6.9,8.1,19.1,794.1,145.0,660.3,13,11,3,1,0,184.31,12.97,154.0
2024-01-11 14:00:00+05:30,22.2,25,991.4,0,7.9,9.4,19.8,773.2,139.0,581.0,14,11,3,1,0,172.2,20.32,190.0
2024-01-11 15:00:00+05:30,22.2,25,990.8,0,8.5,10.5,19.8,711.7,126.0,440.1,15,11,3,1,0,144.58,27.25,190.0
2024-01-11 16:00:00+05:30,21.6,26,990.9,0,9.3,11.3,19.4,590.2,105.0,259.0,16,11,3,1,0,102.51,35.01,190.0
2024-01-11 17:00:00+05:30,19.0,36,990.7,0,6.8,14.7,17.3,366.0,67.0,73.1,17,11,3,1,0,49.49,36.9,190.0
2024-01-11 18:00:00+05:30,16.8,39,991.0,0,8.7,18.2,13.3,40.4,9.0,0.0,18,11,3,0,1,0.0,50.0,165.0
2024-01-11 19:00:00+05:30,15.8,42,991.5,0,8.5,19.7,13.3,0.0,0.0,0.0,19,11,3,0,1,0.0,50.0,165.0
2024-01-11 20:00:00+05:30,15.1,45,991.7,0,10.0,22.2,15.5,0.0,0.0,0.0,20,11,3,0,1,0.0,50.0,165.0
2024-01-11 21:00:00+05:30,14.0,49,992.0,0,10.9,23.9,17.3,0.0,0.0,0.0,21,11,3,0,1,0.0,50.0,165.0
2024-01-11 22:00:00+05:30,12.9,52,992.0,0,10.7,23.7,17.6,0.0,0.0,0.0,22,11,3,0,1,0.0,50.0,165.0
2024-01-11 23:00:00+05:30,12.0,55,991.6,0,10.3,21.9,17.3,0.0,0.0,0.0,23,11,3,0,1,0.0,50.0,165.0
2024-01-12 00:00:00+05:30,11.2,58,991.2,0,10.5,22.5,16.9,0.0,0.0,0.0,0,12,4,0,0,0.0,50.0,70.0
2024-01-12 01:00:00+05:30,10.7,58,990.7,0,11.2,24.3,18.0,0.0,0.0,0.0,1,12,4,0,0,0.0,50.0,70.0
2024-01-12 02:00:00+05:30,10.3,58,990.4,0,12.5,24.4,19.8,0.0,0.0,0.0,2,12,4,0,0,0.0,50.0,70.0
2024-01-12 03:00:00+05:30,9.8,61,990.1,0,13.1,24.5,21.2,0.0,0.0,0.0,3,12,4,0,0,0.0,50.0,70.0
2024-01-12 04:00:00+05:30,9.6,65,989.8,0,12.8,24.2,20.9,0.0,0.0,0.0,4,12,4,0,0,0.0,50.0,70.0
2024-01-12 05:00:00+05:30,9.3,71,990.0,0,12.5,23.7,20.2,0.0,0.0,0.0,5,12,4,0,0,0.0,50.0,70.0
2024-01-12 06:00:00+05:30,8.9,80,990.8,0,12.0,21.2,19.1,0.0,0.0,0.0,6,12,4,0,0,0.0,50.0,70.0
2024-01-12 07:00:00+05:30,8.7,85,991.2,0,11.6,21.7,19.4,0.0,0.0,0.0,7,12,4,0,0,0.0,50.0,110.0
2024-01-12 08:00:00+05:30,10.2,82,992.0,0,13.2,20.2,20.5,187.0,33.0,112.9,8,12,4,0,0,21.22,50.0,110.0
2024-01-12 09:00:00+05:30,13.4,70,993.0,0,11.1,20.0,21.6,478.2,88.0,297.4,9,12,4,1,0,76.9,50.0,190.0
2024-01-12 10:00:00+05:30,16.9,60,993.5,0,8.9,14.5,20.9,643.4,117.0,473.5,10,12,4,1,0,125.25,50.0,190.0
2024-01-12 11:00:00+05:30,20.2,50,993.2,0,7.2,8.8,20.2,727.8,134.0,598.5,11,12,4,1,0,158.41,16.06,190.0
2024-01-12 12:00:00+05:30,22.5,42,992.0,0,5.1,6.2,19.1,767.1,143.0,658.8,12,12,4,1,0,176.31,5.05,190.0
2024-01-12 13:00:00+05:30,23.8,39,990.9,0,3.8,4.7,16.9,776.6,144.0,649.7,13,12,4,1,0,179.52,1.65,154.0
2024-01-12 14:00:00+05:30,24.5,34,990.0,0,3.3,4.0,15.1,754.2,138.0,571.0,14,12,4,1,0,167.45,0.72,190.0
2024-01-12 15:00:00+05:30,24.7,31,989.7,0,3.2,3.7,13.7,695.0,126.0,434.3,15,12,4,1,0,140.82,0.47,190.0
2024-01-12 16:00:00+05:30,24.4,31,989.6,2,2.1,2.8,11.9,578.3,104.0,256.4,16,12,4,1,0,99.89,0.0,190.0
2024-01-12 17:00:00+05:30,23.4,34,989.9,0,2.5,2.0,6.8,361.2,67.0,74.0,17,12,4,1,0,48.38,0.0,190.0
2024-01-12 18:00:00+05:30,21.1,39,990.2,12,6.4,7.4,7.2,39.7,10.0,0.0,18,12,4,0,1,0.0,9.89,165.0
2024-01-12 19:00:00+05:30,19.2,45,990.4,5,5.4,5.8,7.6,0.0,0.0,0.0,19,12,4,0,1,0.0,5.31,165.0
2024-01-12 20:00:00+05:30,16.5,57,990.3,2,7.0,7.6,7.6,0.0,0.0,0.0,20,12,4,0,1,0.0,12.7,165.0
2024-01-12 21:00:00+05:30,14.4,67,990.1,0,9.8,11.0,11.2,0.0,0.0,0.0,21,12,4,0,1,0.0,36.67,165.0
2024-01-12 22:00:00+05:30,15.2,63,990.1,0,6.7,8.0,11.2,0.0,0.0,0.0,22,12,4,0,1,0.0,12.42,165.0
2024-01-12 23:00:00+05:30,15.9,59,989.8,0,3.8,5.5,7.6,0.0,0.0,0.0,23,12,4,0,1,0.0,2.48,165.0
2024-01-13 00:00:00+05:30,12.4,74,989.0,87,4.1,4.3,5.0,0.0,0.0,0.0,0,13,5,0,0,0.0,1.87,70.0
2024-01-13 01:00:00+05:30,11.6,80,988.7,99,4.6,5.4,7.9,0.0,0.0,0.0,1,13,5,0,0,0.0,3.34,70.0
2024-01-13 02:00:00+05:30,11.1,84,988.4,91,4.2,5.8,8.3,0.0,0.0,0.0,2,13,5,0,0,0.0,3.36,70.0
2024-01-13 03:00:00+05:30,10.5,87,987.9,60,6.0,5.8,10.4,0.0,0.0,0.0,3,13,5,0,0,0.0,7.82,70.0
2024-01-13 04:00:00+05:30,10.3,87,987.7,93,6.2,5.1,10.8,0.0,0.0,0.0,4,13,5,0,0,0.0,8.72,70.0
2024-01-13 05:00:00+05:30,10.1,87,988.1,50,5.8,5.0,10.8,0.0,0.0,0.0,5,13,5,0,0,0.0,6.99,70.0
2024-01-13 06:00:00+05:30,10.2,87,989.3,35,5.8,6.5,9.7,0.0,0.0,0.0,6,13,5,0,0,0.0,6.99,70.0
2024-01-13 07:00:00+05:30,9.6,89,989.9,100,4.5,5.1,9.7,0.0,0.0,0.0,7,13,5,0,0,0.0,2.86,110.0
2024-01-13 08:00:00+05:30,11.4,82,990.8,98,5.4,2.0,10.1,138.0,37.0,108.8,8,13,5,0,0,18.54,5.46,110.0
2024-01-13 09:00:00+05:30,15.6,70,991.9,98,4.0,2.6,11.2,413.0,97.0,284.4,9,13,5,0,0,70.66,1.66,130.0
2024-01-13 10:00:00+05:30,19.6,55,992.5,99,3.8,4.7,12.6,504.9,151.0,440.3,10,13,5,0,0,110.63,1.67,130.0
2024-01-13 11:00:00+05:30,22.2,41,991.7,54,5.5,6.5,16.2,614.3,174.0,571.6,11,13,5,0,0,146.17,6.21,130.0
2024-01-13 12:00:00+05:30,23.7,35,990.9,84,8.5,10.5,20.9,742.0,156.0,656.9,12,13,5,0,0,173.58,27.11,130.0
2024-01-13 13:00:00+05:30,24.4,29,989.8,95,11.3,13.9,24.8,715.7,174.0,641.1,13,13,5,0,0,174.06,50.0,112.0
2024-01-13 14:00:00+05:30,24.8,24,989.5,100,11.8,14.5,25.2,587.0,205.0,537.5,14,13,5,0,0,151.56,50.0,130.0
2024-01-13 15:00:00+05:30,24.6,22,989.1,94,11.1,14.1,24.8,445.4,208.0,391.6,15,13,5,0,0,118.16,50.0,130.0
2024-01-13 16:00:00+05:30,24.2,20,989.1,76,9.4,12.2,22.7,512.7,122.0,252.2,16,13,5,0,0,95.36,40.16,130.0
2024-01-13 17:00:00+05:30,20.6,35,989.1,75,8.4,12.1,17.3,294.7,78.0,73.8,17,13,5,0,0,45.21,34.52,130.0
2024-01-13 18:00:00+05:30,17.4,35,989.1,36,10.4,12.3,12.2,39.0,11.0,0.0,18,13,5,0,1,0.0,47.64,165.0
2024-01-13 19:00:00+05:30,17.9,33,989.7,36,8.4,9.6,11.9,0.0,0.0,0.0,19,13,5,0,1,0.0,23.21,165.0
2024-01-13 20:00:00+05:30,18.9,31,990.3,20,6.4,7.3,9.4,0.0,0.0,0.0,20,13,5,0,1,0.0,9.72,165.0
2024-01-13 21:00:00+05:30,14.2,44,990.2,21,8.1,7.7,10.4,0.0,0.0,0.0,21,13,5,0,1,0.0,20.32,165.0
2024-01-13 22:00:00+05:30,14.6,41,990.5,3,9.7,17.4,14.8,0.0,0.0,0.0,22,13,5,0,1,0.0,50.0,165.0
2024-01-13 23:00:00+05:30,13.9,45,990.2,16,9.7,20.0,15.8,0.0,0.0,0.0,23,13,5,0,1,0.0,50.0,165.0
2024-01-14 00:00:00+05:30,12.9,50,989.8,15,8.8,18.2,15.1,0.0,0.0,0.0,0,14,6,0,0,0.0,50.0,70.0
2024-01-14 01:00:00+05:30,12.1,54,989.4,14,9.0,16.6,13.7,0.0,0.0,0.0,1,14,6,0,0,0.0,50.0,70.0
2024-01-14 02:00:00+05:30,11.6,56,989.2,14,9.0,15.6,14.0,0.0,0.0,0.0,2,14,6,0,0,0.0,50.0,70.0
2024-01-14 03:00:00+05:30,11.2,57,988.8,13,9.3,15.0,14.8,0.0,0.0,0.0,3,14,6,0,0,0.0,50.0,70.0
2024-01-14 04:00:00+05:30,10.2,62,988.6,5,8.6,15.0,14.8,0.0,0.0,0.0,4,14,6,0,0,0.0,50.0,70.0
2024-01-14 05:00:00+05:30,9.4,66,989.1,12,9.4,17.0,14.8,0.0,0.0,0.0,5,14,6,0,0,0.0,50.0,70.0
2024-01-14 06:00:00+05:30,9.0,69,990.2,2,8.7,13.3,14.0,0.0,0.0,0.0,6,14,6,0,0,0.0,44.45,70.0
2024-01-14 07:00:00+05:30,9.0,70,990.8,2,8.8,13.2,14.0,0.0,0.0,0.0,7,14,6,0,0,0.0,44.56,110.0
2024-01-14 08:00:00+05:30,10.9,64,991.5,0,11.4,13.2,16.9,186.3,34.0,114.8,8,14,6,0,0,21.25,50.0,110.0
2024-01-14 09:00:00+05:30,14.4,54,992.7,0,9.3,14.1,18.7,479.7,89.0,300.0,9,14,6,0,0,76.85,50.0,70.0
2024-01-14 10:00:00+05:30,18.0,46,993.2,0,7.7,13.3,18.7,647.1,118.0,478.3,10,14,6,0,0,125.39,36.75,70.0
2024-01-14 11:00:00+05:30,20.9,35,992.8,0,7.5,9.3,19.4,736.3,134.0,606.2,11,14,6,0,0,159.42,18.69,70.0
2024-01-14 12:00:00+05:30,22.6,27,991.7,0,6.5,7.6,19.4,778.1,143.0,669.3,12,14,6,0,0,178.34,10.58,70.0
2024-01-14 13:00:00+05:30,23.5,24,990.9,0,6.5,7.6,18.7,789.4,144.0,661.9,13,14,6,0,0,182.3,10.54,70.0
2024-01-14 14:00:00+05:30,23.9,23,990.1,12,6.5,8.0,18.7,769.0,139.0,584.6,14,14,6,0,0,170.95,11.56,70.0
2024-01-14 15:00:00+05:30,23.9,23,989.6,7,6.2,7.6,18.0,710.5,126.0,445.6,15,14,6,0,0,144.13,9.84,70.0
2024-01-14 16:00:00+05:30,23.6,23,989.8,40,7.0,8.3,16.2,593.0,105.0,265.2,16,14,6,0,0,102.75,13.7,70.0
2024-01-14 17:00:00+05:30,20.6,35,989.9,39,6.5,10.0,14.0,375.3,68.0,78.9,17,14,6,0,0,50.73,17.49,70.0
2024-01-14 18:00:00+05:30,17.1,43,990.6,18,9.0,9.5,10.1,51.0,10.0,0.0,18,14,6,0,1,0.0,27.94,165.0
2024-01-14 19:00:00+05:30,15.6,47,990.9,1,9.9,10.2,11.5,0.0,0.0,0.0,19,14,6,0,1,0.0,37.68,165.0
2024-01-14 20:00:00+05:30,14.9,48,991.1,0,8.7,9.9,11.5,0.0,0.0,0.0,20,14,6,0,1,0.0,25.99,165.0
2024-01-14 21:00:00+05:30,14.9,49,991.6,0,8.8,15.5,13.0,0.0,0.0,0.0,21,14,6,0,1,0.0,50.0,165.0
2024-01-14 22:00:00+05:30,14.6,51,992.0,0,11.6,25.2,18.4,0.0,0.0,0.0,22,14,6,0,1,0.0,50.0,165.0
2024-01-14 23:00:00+05:30,14.3,55,991.6,0,14.2,27.9,22.7,0.0,0.0,0.0,23,14,6,0,1,0.0,50.0,165.0
2024-01-15 00:00:00+05:30,13.5,60,991.2,5,14.7,28.2,23.8,0.0,0.0,0.0,0,15,0,0,0,0.0,50.0,70.0
2024-01-15 01:00:00+05:30,12.8,64,990.8,0,14.4,27.9,23.4,0.0,0.0,0.0,1,15,0,0,0,0.0,50.0,70.0
2024-01-15 02:00:00+05:30,12.0,68,990.3,0,13.9,27.1,23.0,0.0,0.0,0.0,2,15,0,0,0,0.0,50.0,70.0
2024-01-15 03:00:00+05:30,11.3,70,989.9,3,12.7,25.4,22.3,0.0,0.0,0.0,3,15,0,0,0,0.0,50.0,70.0
2024-01-15 04:00:00+05:30,10.6,73,989.7,0,11.5,23.4,20.9,0.0,0.0,0.0,4,15,0,0,0,0.0,50.0,70.0
2024-01-15 05:00:00+05:30,9.9,75,989.6,3,10.8,21.2,18.7,0.0,0.0,0.0,5,15,0,0,0,0.0,50.0,70.0
2024-01-15 06:00:00+05:30,9.5,77,990.8,0,11.2,22.3,19.1,0.0,0.0,0.0,6,15,0,0,0,0.0,50.0,70.0
2024-01-15 07:00:00+05:30,9.1,79,991.3,8,11.5,22.1,18.4,0.0,0.0,0.0,7,15,0,0,0,0.0,50.0,110.0
2024-01-15 08:00:00+05:30,10.3,73,991.6,0,13.2,22.2,21.6,185.8,33.0,112.7,8,15,0,0,0,20.98,50.0,110.0
2024-01-15 09:00:00+05:30,13.1,63,992.7,0,10.7,21.4,21.2,475.2,88.0,297.4,9,15,0,1,0,76.43,50.0,190.0
2024-01-15 10:00:00+05:30,16.5,52,993.2,0,9.3,15.1,21.2,641.2,118.0,476.0,10,15,0,1,0,125.26,50.0,190.0
2024-01-15 11:00:00+05:30,19.5,43,992.5,0,9.5,11.8,22.3,729.2,135.0,604.1,11,15,0,1,0,159.42,39.18,190.0
2024-01-15 12:00:00+05:30,21.2,37,991.3,0,7.3,8.8,22.3,774.2,143.0,668.5,12,15,0,1,0,178.84,16.28,190.0
2024-01-15 13:00:00+05:30,22.3,32,990.2,0,5.0,6.1,20.2,785.2,144.0,661.1,13,15,0,1,0,182.68,4.74,154.0
2024-01-15 14:00:00+05:30,23.0,30,989.3,0,4.3,4.8,17.3,765.8,139.0,584.9,14,15,0,1,0,171.29,2.22,190.0
2024-01-15 15:00:00+05:30,23.2,28,988.8,0,4.8,5.6,15.5,710.5,126.0,447.7,15,15,0,1,0,144.8,3.71,190.0
2024-01-15 16:00:00+05:30,22.9,27,988.5,48,5.4,6.1,14.8,596.3,105.0,268.1,16,15,0,1,0,103.7,5.3,190.0
2024-01-15 17:00:00+05:30,20.2,42,988.3,49,6.1,7.6,12.2,379.6,69.0,81.4,17,15,0,1,0,51.58,9.72,190.0
2024-01-15 18:00:00+05:30,17.3,43,988.3,70,7.8,7.9,9.7,37.6,12.0,0.0,18,15,0,0,1,0.0,17.83,165.0
2024-01-15 19:00:00+05:30,15.7,47,989.0,69,8.9,9.2,10.8,0.0,0.0,0.0,19,15,0,0,1,0.0,27.08,165.0
2024-01-15 20:00:00+05:30,14.7,50,989.3,65,9.2,8.1,11.2,0.0,0.0,0.0,20,15,0,0,1,0.0,30.11,165.0
2024-01-15 21:00:00+05:30,14.7,50,989.7,13,7.6,5.5,10.8,0.0,0.0,0.0,21,15,0,0,1,0.0,16.6,165.0
2024-01-15 22:00:00+05:30,13.5,55,989.6,23,7.9,5.2,9.4,0.0,0.0,0.0,22,15,0,0,1,0.0,18.83,165.0
2024-01-15 23:00:00+05:30,11.9,63,988.9,77,8.8,6.5,10.4,0.0,0.0,0.0,23,15,0,0,1,0.0,26.49,165.0
2024-01-16 00:00:00+05:30,11.2,67,988.2,17,6.8,7.6,10.4,0.0,0.0,0.0,0,16,1,0,0,0.0,11.76,70.0
2024-01-16 01:00:00+05:30,10.5,69,987.6,7,5.5,9.3,9.4,0.0,0.0,0.0,1,16,1,0,0,0.0,12.6,70.0
2024-01-16 02:00:00+05:30,10.1,71,987.0,23,5.6,10.0,9.4,0.0,0.0,0.0,2,16,1,0,0,0.0,14.75,70.0
2024-01-16 03:00:00+05:30,9.4,73,986.6,44,5.4,9.1,9.4,0.0,0.0,0.0,3,16,1,0,0,0.0,11.84,70.0
2024-01-16 04:00:00+05:30,8.7,76,986.2,41,5.1,8.9,8.6,0.0,0.0,0.0,4,16,1,0,0,0.0,10.51,70.0
2024-01-16 05:00:00+05:30,8.6,76,986.2,71,5.1,8.8,8.6,0.0,0.0,0.0,5,16,1,0,0,0.0,10.3,70.0
2024-01-16 06:00:00+05:30,8.7,75,987.3,100,7.6,10.7,12.2,0.0,0.0,0.0,6,16,1,0,0,0.0,25.32,70.0
2024-01-16 07:00:00+05:30,8.7,76,987.4,99,7.4,11.0,12.6,0.0,0.0,0.0,7,16,1,0,0,0.0,25.66,110.0
2024-01-16 08:00:00+05:30,10.3,70,988.1,100,8.9,9.6,14.0,104.7,41.0,108.6,8,16,1,0,0,17.09,27.57,110.0
2024-01-16 09:00:00+05:30,14.2,57,989.2,100,6.3,9.0,14.8,383.1,106.0,285.7,9,16,1,1,0,69.38,14.16,190.0
2024-01-16 10:00:00+05:30,18.5,45,989.5,100,5.4,8.4,15.1,615.7,129.0,476.0,10,16,1,1,0,122.77,9.93,190.0
2024-01-16 11:00:00+05:30,21.2,34,989.1,97,4.2,5.2,16.6,698.0,152.0,604.2,11,16,1,1,0,156.47,2.55,190.0
2024-01-16 12:00:00+05:30,22.6,30,987.9,93,0.8,0.8,15.5,759.6,153.0,670.6,12,16,1,1,0,177.21,0.0,190.0
2024-01-16 13:00:00+05:30,23.4,27,986.7,82,1.0,1.5,12.2,772.0,154.0,664.2,13,16,1,1,0,181.51,0.0,154.0
2024-01-16 14:00:00+05:30,23.9,26,985.8,92,1.6,1.9,12.2,742.1,142.0,575.8,14,16,1,1,0,167.46,0.0,190.0
2024-01-16 15:00:00+05:30,24.1,25,985.4,74,1.8,2.5,11.9,703.0,131.0,450.7,15,16,1,1,0,144.3,0.0,190.0
2024-01-16 16:00:00+05:30,23.8,25,985.3,31,2.2,2.9,11.2,601.9,105.0,271.8,16,16,1,1,0,104.27,0.0,190.0
2024-01-16 17:00:00+05:30,22.9,27,985.2,20,2.8,3.4,8.3,383.7,70.0,83.9,17,16,1,1,0,51.8,0.11,190.0
2024-01-16 18:00:00+05:30,18.4,38,985.7,37,9.3,11.4,10.1,49.2,12.0,0.0,18,16,1,0,1,0.0,35.75,165.0
2024-01-16 19:00:00+05:30,16.9,41,986.0,6,10.2,11.7,12.2,0.0,0.0,0.0,19,16,1,0,1,0.0,42.51,165.0
2024-01-16 20:00:00+05:30,19.1,33,986.5,60,6.9,8.0,11.5,0.0,0.0,0.0,20,16,1,0,1,0.0,12.71,165.0
2024-01-16 21:00:00+05:30,19.9,32,987.0,12,1.3,3.3,7.9,0.0,0.0,0.0,21,16,1,0,1,0.0,0.0,165.0
2024-01-16 22:00:00+05:30,18.6,35,986.9,0,1.3,1.5,2.2,0.0,0.0,0.0,22,16,1,0,1,0.0,0.0,165.0
2024-01-16 23:00:00+05:30,13.0,53,986.2,0,6.5,4.0,7.9,0.0,0.0,0.0,23,16,1,0,1,0.0,10.08,165.0
2024-01-17 00:00:00+05:30,12.4,57,985.7,0,6.6,7.3,9.4,0.0,0.0,0.0,0,17,2,0,0,0.0,10.61,70.0
2024-01-17 01:00:00+05:30,12.0,60,985.4,8,6.6,7.3,11.2,0.0,0.0,0.0,1,17,2,0,0,0.0,10.62,70.0
2024-01-17 02:00:00+05:30,11.3,64,985.1,1,7.4,10.2,13.0,0.0,0.0,0.0,2,17,2,0,0,0.0,22.19,70.0
2024-01-17 03:00:00+05:30,10.4,70,984.9,53,7.6,10.8,12.2,0.0,0.0,0.0,3,17,2,0,0,0.0,25.52,70.0
2024-01-17 04:00:00+05:30,9.8,74,985.0,72,8.1,11.6,14.0,0.0,0.0,0.0,4,17,2,0,0,0.0,31.58,70.0
2024-01-17 05:00:00+05:30,9.5,77,985.1,34,6.1,10.9,13.3,0.0,0.0,0.0,5,17,2,0,0,0.0,19.36,70.0
2024-01-17 06:00:00+05:30,9.3,77,986.1,0,6.0,7.1,10.8,0.0,0.0,0.0,6,17,2,0,0,0.0,8.67,70.0
2024-01-17 07:00:00+05:30,9.1,76,986.4,0,7.4,9.3,12.2,0.0,0.0,0.0,7,17,2,0,0,0.0,19.0,110.0
2024-01-17 08:00:00+05:30,10.9,67,987.1,0,10.2,11.9,16.9,184.7,33.0,112.4,8,17,2,0,0,20.77,44.76,110.0
2024-01-17 09:00:00+05:30,14.4,56,988.1,0,8.0,13.6,17.6,469.0,87.0,294.7,9,17,2,1,0,75.03,40.49,190.0
2024-01-17 10:00:00+05:30,18.0,49,988.6,0,6.5,10.8,17.3,633.2,117.0,472.6,10,17,2,1,0,123.16,20.22,190.0
2024-01-17 11:00:00+05:30,20.8,42,988.3,0,5.9,7.0,18.0,721.5,134.0,601.0,11,17,2,1,0,157.26,7.93,190.0
2024-01-17 12:00:00+05:30,22.6,35,987.4,0,3.7,4.1,17.6,763.2,143.0,664.6,12,17,2,1,0,176.17,1.1,190.0
2024-01-17 13:00:00+05:30,23.6,33,986.5,0,1.5,1.8,15.5,773.6,144.0,657.5,13,17,2,1,0,180.05,0.0,154.0
2024-01-17 14:00:00+05:30,24.1,32,985.8,0,2.2,2.9,13.3,754.5,138.0,581.7,14,17,2,1,0,168.9,0.0,190.0
2024-01-17 15:00:00+05:30,24.3,31,985.6,0,3.3,3.8,13.3,699.2,126.0,446.7,15,17,2,1,0,142.91,0.59,190.0
2024-01-17 16:00:00+05:30,24.0,31,985.8,0,4.3,5.2,13.0,585.0,105.0,268.4,16,17,2,1,0,102.24,2.62,190.0
2024-01-17 17:00:00+05:30,21.7,46,986.1,0,6.2,7.8,11.5,374.1,69.0,83.7,17,17,2,1,0,51.08,10.36,190.0
2024-01-17 18:00:00+05:30,19.6,42,987.1,0,9.7,18.9,15.1,48.3,13.0,0.0,18,17,2,0,1,0.0,50.0,165.0
2024-01-17 19:00:00+05:30,18.3,45,987.9,0,7.7,16.1,15.5,0.0,0.0,0.0,19,17,2,0,1,0.0,50.0,165.0
2024-01-17 20:00:00+05:30,17.5,49,988.3,0,8.1,16.5,11.9,0.0,0.0,0.0,20,17,2,0,1,0.0,50.0,165.0
2024-01-17 21:00:00+05:30,16.9,52,989.1,0,14.5,28.9,23.0,0.0,0.0,0.0,21,17,2,0,1,0.0,50.0,165.0
2024-01-17 22:00:00+05:30,16.2,57,989.4,0,15.9,30.6,25.9,0.0,0.0,0.0,22,17,2,0,1,0.0,50.0,165.0
2024-01-17 23:00:00+05:30,15.2,64,989.2,0,15.5,29.6,25.9,0.0,0.0,0.0,23,17,2,0,1,0.0,50.0,165.0
2024-01-18 00:00:00+05:30,14.4,71,989.0,0,14.3,27.9,25.2,0.0,0.0,0.0,0,18,3,0,0,0.0,50.0,70.0
2024-01-18 01:00:00+05:30,13.5,78,988.6,0,13.6,26.4,23.4,0.0,0.0,0.0,1,18,3,0,0,0.0,50.0,70.0
2024-01-18 02:00:00+05:30,12.7,84,988.4,0,13.1,24.9,22.0,0.0,0.0,0.0,2,18,3,0,0,0.0,50.0,70.0
2024-01-18 03:00:00+05:30,12.1,89,988.2,0,12.9,24.3,21.2,0.0,0.0,0.0,3,18,3,0,0,0.0,50.0,70.0
2024-01-18 04:00:00+05:30,11.6,92,988.2,0,13.5,25.1,22.0,0.0,0.0,0.0,4,18,3,0,0,0.0,50.0,70.0
2024-01-18 05:00:00+05:30,11.3,94,988.6,0,13.9,25.5,22.3,0.0,0.0,0.0,5,18,3,0,0,0.0,50.0,70.0
2024-01-18 06:00:00+05:30,10.9,94,989.5,0,14.0,25.8,22.7,0.0,0.0,0.0,6,18,3,0,0,0.0,50.0,70.0
2024-01-18 07:00:00+05:30,10.6,94,989.9,0,13.8,25.2,22.7,0.0,0.0,0.0,7,18,3,0,0,0.0,50.0,110.0
2024-01-18 08:00:00+05:30,11.5,89,990.5,0,15.0,24.5,23.4,176.0,34.0,112.1,8,18,3,0,0,20.31,50.0,110.0
2024-01-18 09:00:00+05:30,14.0,76,991.4,0,12.7,22.9,24.8,457.3,89.0,293.3,9,18,3,1,0,74.19,50.0,190.0
2024-01-18 10:00:00+05:30,17.0,64,991.8,0,11.8,15.3,25.6,622.7,119.0,470.3,10,18,3,1,0,122.52,50.0,190.0
2024-01-18 11:00:00+05:30,19.7,55,991.2,0,9.7,11.7,24.8,714.1,136.0,600.0,11,18,3,1,0,157.2,39.6,190.0
2024-01-18 12:00:00+05:30,21.7,46,990.1,0,7.7,9.2,23.0,760.6,144.0,665.7,12,18,3,1,0,176.7,18.9,190.0
2024-01-18 13:00:00+05:30,22.8,39,989.2,0,5.9,6.9,20.9,773.6,145.0,660.7,13,18,3,1,0,181.03,7.67,154.0
2024-01-18 14:00:00+05:30,23.5,35,988.5,0,5.7,6.7,18.7,754.3,140.0,585.7,14,18,3,1,0,169.88,6.88,190.0
2024-01-18 15:00:00+05:30,23.7,33,988.0,0,6.3,7.4,17.6,699.0,127.0,449.7,15,18,3,1,0,143.67,9.57,190.0
2024-01-18 16:00:00+05:30,23.4,32,988.1,4,7.1,8.6,16.9,588.0,106.0,272.1,16,18,3,1,0,103.3,14.88,190.0
2024-01-18 17:00:00+05:30,21.9,35,988.4,29,6.9,13.1,15.8,378.0,71.0,86.8,17,18,3,1,0,51.98,30.38,190.0
2024-01-18 18:00:00+05:30,18.5,48,989.1,49,7.7,17.0,11.5,59.3,13.0,0.0,18,18,3,0,1,0.0,50.0,165.0
2024-01-18 19:00:00+05:30,17.4,53,989.7,71,7.5,16.6,12.2,0.0,0.0,0.0,19,18,3,0,1,0.0,50.0,165.0
2024-01-18 20:00:00+05:30,16.2,59,990.3,54,7.3,16.3,11.5,0.0,0.0,0.0,20,18,3,0,1,0.0,50.0,165.0
2024-01-18 21:00:00+05:30,16.1,59,990.9,58,11.5,23.8,18.4,0.0,0.0,0.0,21,18,3,0,1,0.0,50.0,165.0
2024-01-18 22:00:00+05:30,15.7,59,990.9,18,13.4,27.5,21.6,0.0,0.0,0.0,22,18,3,0,1,0.0,50.0,165.0
2024-01-18 23:00:00+05:30,14.9,65,990.7,0,14.9,29.2,24.1,0.0,0.0,0.0,23,18,3,0,1,0.0,50.0,165.0
2024-01-19 00:00:00+05:30,13.9,72,990.4,1,14.0,27.2,24.5,0.0,0.0,0.0,0,19,4,0,0,0.0,50.0,70.0
2024-01-19 01:00:00+05:30,12.8,78,990.0,6,12.7,24.7,22.7,0.0,0.0,0.0,1,19,4,0,0,0.0,50.0,70.0
2024-01-19 02:00:00+05:30,12.2,81,989.6,3,12.6,22.4,20.5,0.0,0.0,0.0,2,19,4,0,0,0.0,50.0,70.0
2024-01-19 03:00:00+05:30,11.5,84,989.4,32,11.6,19.9,20.2,0.0,0.0,0.0,3,19,4,0,0,0.0,50.0,70.0
2024-01-19 04:00:00+05:30,10.9,87,989.3,0,10.6,17.0,18.7,0.0,0.0,0.0,4,19,4,0,0,0.0,50.0,70.0
2024-01-19 05:00:00+05:30,10.5,90,989.4,0,11.4,17.7,18.4,0.0,0.0,0.0,5,19,4,0,0,0.0,50.0,70.0
2024-01-19 06:00:00+05:30,9.9,91,990.4,0,12.3,20.5,19.8,0.0,0.0,0.0,6,19,4,0,0,0.0,50.0,70.0
2024-01-19 07:00:00+05:30,9.7,90,991.0,0,12.4,21.6,19.8,0.0,0.0,0.0,7,19,4,0,0,0.0,50.0,110.0
2024-01-19 08:00:00+05:30,11.0,81,991.6,0,14.1,21.9,22.7,183.3,34.0,113.9,8,19,4,0,0,20.82,50.0,110.0
2024-01-19 09:00:00+05:30,13.9,69,992.8,1,11.7,21.4,23.0,468.9,89.0,298.4,9,19,4,1,0,75.5,50.0,190.0
2024-01-19 10:00:00+05:30,17.0,59,992.9,0,10.2,13.2,23.0,631.3,119.0,476.0,10,19,4,1,0,123.78,50.0,190.0
2024-01-19 11:00:00+05:30,19.8,51,992.2,0,8.0,9.8,22.3,718.5,137.0,605.4,11,19,4,1,0,158.12,22.46,190.0
2024-01-19 12:00:00+05:30,21.8,46,991.0,0,6.9,8.4,20.5,760.9,147.0,671.0,12,19,4,1,0,177.36,13.83,190.0
2024-01-19 13:00:00+05:30,22.9,41,989.9,0,6.5,7.6,19.8,773.5,148.0,665.8,13,19,4,1,0,181.66,10.55,154.0
2024-01-19 14:00:00+05:30,23.6,36,988.9,0,6.0,7.2,19.1,755.5,142.0,590.6,14,19,4,1,0,170.6,8.49,190.0
2024-01-19 15:00:00+05:30,23.8,33,988.8,0,3.6,4.4,18.0,702.4,129.0,455.4,15,19,4,1,0,144.75,1.23,190.0
2024-01-19 16:00:00+05:30,23.6,32,988.5,0,3.6,3.8,13.7,590.9,108.0,276.6,16,19,4,1,0,104.21,0.94,190.0
2024-01-19 17:00:00+05:30,21.4,49,988.9,0,5.1,4.9,10.4,386.1,72.0,89.9,17,19,4,1,0,53.2,4.3,190.0
2024-01-19 18:00:00+05:30,19.2,52,989.6,1,7.1,8.5,7.6,58.3,13.0,0.0,18,19,4,0,1,0.0,14.8,165.0
2024-01-19 19:00:00+05:30,17.4,59,989.9,0,7.8,14.8,11.2,0.0,0.0,0.0,19,19,4,0,1,0.0,44.98,165.0
2024-01-19 20:00:00+05:30,17.9,57,990.4,0,10.7,23.0,16.2,0.0,0.0,0.0,20,19,4,0,1,0.0,50.0,165.0
2024-01-19 21:00:00+05:30,17.6,57,990.6,0,13.6,27.6,22.3,0.0,0.0,0.0,21,19,4,0,1,0.0,50.0,165.0
2024-01-19 22:00:00+05:30,16.5,60,990.6,0,14.6,28.5,23.4,0.0,0.0,0.0,22,19,4,0,1,0.0,50.0,165.0
2024-01-19 23:00:00+05:30,15.4,63,990.6,0,12.8,24.9,23.4,0.0,0.0,0.0,23,19,4,0,1,0.0,50.0,165.0
2024-01-20 00:00:00+05:30,14.4,65,990.3,0,12.2,23.9,20.5,0.0,0.0,0.0,0,20,5,0,0,0.0,50.0,70.0
2024-01-20 01:00:00+05:30,13.6,69,990.1,0,12.4,24.5,20.2,0.0,0.0,0.0,1,20,5,0,0,0.0,50.0,70.0
2024-01-20 02:00:00+05:30,13.1,73,989.9,0,12.6,24.8,20.5,0.0,0.0,0.0,2,20,5,0,0,0.0,50.0,70.0
2024-01-20 03:00:00+05:30,12.6,77,989.4,0,11.2,23.0,20.5,0.0,0.0,0.0,3,20,5,0,0,0.0,50.0,70.0
2024-01-20 04:00:00+05:30,11.9,82,989.3,0,9.9,20.0,18.4,0.0,0.0,0.0,4,20,5,0,0,0.0,50.0,70.0
2024-01-20 05:00:00+05:30,11.2,86,989.4,0,8.3,17.7,15.8,0.0,0.0,0.0,5,20,5,0,0,0.0,50.0,70.0
2024-01-20 06:00:00+05:30,10.3,88,990.3,0,7.7,15.1,13.0,0.0,0.0,0.0,6,20,5,0,0,0.0,46.95,70.0
2024-01-20 07:00:00+05:30,9.8,90,990.9,1,8.6,15.5,14.0,0.0,0.0,0.0,7,20,5,0,0,0.0,50.0,110.0
2024-01-20 08:00:00+05:30,11.0,84,991.8,0,11.2,15.7,18.4,182.5,34.0,113.5,8,20,5,0,0,20.73,50.0,110.0
2024-01-20 09:00:00+05:30,13.9,71,992.9,0,8.9,16.3,19.1,463.7,90.0,298.3,9,20,5,0,0,75.09,50.0,130.0
2024-01-20 10:00:00+05:30,17.3,57,993.4,0,8.2,11.4,19.8,629.1,120.0,477.1,10,20,5,0,0,123.54,30.6,130.0
2024-01-20 11:00:00+05:30,20.0,46,993.1,0,7.5,9.1,20.2,719.3,137.0,607.6,11,20,5,0,0,158.21,18.04,130.0
2024-01-20 12:00:00+05:30,21.8,40,992.2,0,7.8,9.1,20.5,762.6,146.0,673.1,12,20,5,0,0,177.62,18.9,130.0
2024-01-20 13:00:00+05:30,22.9,34,991.4,0,9.2,11.2,23.0,773.3,148.0,667.9,13,20,5,0,0,181.82,33.85,112.0
2024-01-20 14:00:00+05:30,23.3,30,990.6,0,9.2,11.2,23.0,753.6,142.0,591.8,14,20,5,0,0,170.73,33.77,130.0
2024-01-20 15:00:00+05:30,23.4,27,990.2,0,8.8,10.6,22.7,698.4,129.0,455.8,15,20,5,0,0,144.62,28.89,130.0
2024-01-20 16:00:00+05:30,23.0,27,990.2,0,8.2,10.0,20.5,586.3,109.0,277.9,16,20,5,0,0,104.28,23.75,130.0
2024-01-20 17:00:00+05:30,21.5,33,990.4,15,5.1,10.2,17.3,381.0,73.0,91.3,17,20,5,0,0,53.06,12.97,130.0
2024-01-20 18:00:00+05:30,17.3,48,990.8,25,9.9,11.9,11.2,57.2,14.0,0.0,18,20,5,0,1,0.0,42.23,165.0
2024-01-20 19:00:00+05:30,16.2,51,991.7,45,8.4,13.7,11.5,0.0,0.0,0.0,19,20,5,0,1,0.0,43.63,165.0
2024-01-20 20:00:00+05:30,16.1,45,992.2,27,7.9,18.3,11.9,0.0,0.0,0.0,20,20,5,0,1,0.0,50.0,165.0
2024-01-20 21:00:00+05:30,15.9,44,992.6,33,10.5,23.5,16.6,0.0,0.0,0.0,21,20,5,0,1,0.0,50.0,165.0
2024-01-20 22:00:00+05:30,14.7,54,992.8,25,9.9,21.1,16.6,0.0,0.0,0.0,22,20,5,0,1,0.0,50.0,165.0
2024-01-20 23:00:00+05:30,13.5,65,992.3,73,8.7,18.7,15.8,0.0,0.0,0.0,23,20,5,0,1,0.0,50.0,165.0
2024-01-21 00:00:00+05:30,12.8,70,991.9,61,7.9,18.2,14.0,0.0,0.0,0.0,0,21,6,0,0,0.0,50.0,70.0
2024-01-21 01:00:00+05:30,12.2,73,991.5,62,8.1,17.7,13.0,0.0,0.0,0.0,1,21,6,0,0,0.0,50.0,70.0
2024-01-21 02:00:00+05:30,11.4,77,991.2,60,7.9,17.5,13.3,0.0,0.0,0.0,2,21,6,0,0,0.0,50.0,70.0
2024-01-21 03:00:00+05:30,10.8,80,990.6,0,8.2,16.4,13.0,0.0,0.0,0.0,3,21,6,0,0,0.0,50.0,70.0
2024-01-21 04:00:00+05:30,10.3,82,990.4,89,7.4,15.0,13.0,0.0,0.0,0.0,4,21,6,0,0,0.0,44.04,70.0
2024-01-21 05:00:00+05:30,9.8,84,990.3,59,7.7,14.1,12.6,0.0,0.0,0.0,5,21,6,0,0,0.0,41.75,70.0
2024-01-21 06:00:00+05:30,9.6,83,991.7,87,9.1,13.3,14.4,0.0,0.0,0.0,6,21,6,0,0,0.0,47.14,70.0
2024-01-21 07:00:00+05:30,9.3,84,992.2,76,10.0,14.9,16.2,0.0,0.0,0.0,7,21,6,0,0,0.0,50.0,110.0
2024-01-21 08:00:00+05:30,10.9,75,992.8,5,12.2,15.6,19.4,181.6,35.0,115.1,8,21,6,0,0,20.87,50.0,110.0
2024-01-21 09:00:00+05:30,14.4,61,993.8,0,9.7,16.1,20.2,474.9,91.0,304.7,9,21,6,0,0,76.4,50.0,70.0
2024-01-21 10:00:00+05:30,17.8,49,994.1,0,8.1,12.2,19.4,643.8,121.0,487.4,10,21,6,0,0,125.64,33.86,70.0
2024-01-21 11:00:00+05:30,20.4,41,993.8,0,7.0,8.6,19.8,733.5,138.0,619.5,11,21,6,0,0,160.55,14.83,70.0
2024-01-21 12:00:00+05:30,21.9,34,993.0,0,6.1,7.1,19.1,777.7,147.0,686.6,12,21,6,0,0,180.48,8.55,70.0
2024-01-21 13:00:00+05:30,23.0,28,991.9,0,6.0,7.1,18.7,787.5,149.0,680.9,13,21,6,0,0,184.6,8.31,70.0
2024-01-21 14:00:00+05:30,23.5,23,990.9,0,5.0,5.8,18.7,771.6,143.0,606.2,14,21,6,0,0,174.03,4.26,70.0
2024-01-21 15:00:00+05:30,23.7,21,990.4,86,4.8,5.5,16.6,717.8,130.0,468.5,15,21,6,0,0,147.86,3.57,70.0
2024-01-21 16:00:00+05:30,23.4,20,990.3,99,5.6,6.5,14.8,598.7,112.0,286.4,16,21,6,0,0,106.55,6.34,70.0
2024-01-21 17:00:00+05:30,21.5,27,990.2,99,5.3,9.6,13.3,384.5,76.0,95.1,17,21,6,0,0,54.17,12.25,70.0
2024-01-21 18:00:00+05:30,17.9,38,991.0,100,8.9,10.2,11.5,56.2,16.0,0.0,18,21,6,0,1,0.0,27.95,165.0
2024-01-21 19:00:00+05:30,16.1,43,991.5,99,9.8,11.7,11.9,0.0,0.0,0.0,19,21,6,0,1,0.0,40.66,165.0
2024-01-21 20:00:00+05:30,15.9,42,991.9,39,8.2,8.7,12.2,0.0,0.0,0.0,20,21,6,0,1,0.0,21.03,165.0
2024-01-21 21:00:00+05:30,14.8,44,992.3,75,5.9,5.2,9.4,0.0,0.0,0.0,21,21,6,0,1,0.0,7.31,165.0
2024-01-21 22:00:00+05:30,14.9,46,992.3,82,8.7,13.8,13.0,0.0,0.0,0.0,22,21,6,0,1,0.0,46.52,165.0
2024-01-21 23:00:00+05:30,14.4,48,991.8,67,10.2,21.1,15.8,0.0,0.0,0.0,23,21,6,0,1,0.0,50.0,165.0
2024-01-22 00:00:00+05:30,13.5,53,991.2,47,10.3,21.3,16.9,0.0,0.0,0.0,0,22,0,0,0,0.0,50.0,70.0
2024-01-22 01:00:00+05:30,12.3,59,990.4,90,9.6,18.4,16.2,0.0,0.0,0.0,1,22,0,0,0,0.0,50.0,70.0
2024-01-22 02:00:00+05:30,11.1,67,990.2,25,8.6,17.2,15.1,0.0,0.0,0.0,2,22,0,0,0,0.0,50.0,70.0
2024-01-22 03:00:00+05:30,10.4,71,990.0,92,7.4,16.4,13.7,0.0,0.0,0.0,3,22,0,0,0,0.0,50.0,70.0
2024-01-22 04:00:00+05:30,10.0,74,989.4,75,7.2,15.5,12.2,0.0,0.0,0.0,4,22,0,0,0,0.0,44.97,70.0
2024-01-22 05:00:00+05:30,9.6,75,989.4,88,6.6,14.2,11.2,0.0,0.0,0.0,5,22,0,0,0,0.0,34.45,70.0
2024-01-22 06:00:00+05:30,9.4,76,990.9,63,8.5,15.5,13.7,0.0,0.0,0.0,6,22,0,0,0,0.0,50.0,70.0
2024-01-22 07:00:00+05:30,9.3,75,991.2,76,7.7,14.9,13.7,0.0,0.0,0.0,7,22,0,0,0,0.0,46.08,110.0
2024-01-22 08:00:00+05:30,11.1,66,991.8,35,10.2,14.2,16.2,180.7,36.0,116.7,8,22,0,0,0,21.0,50.0,110.0
2024-01-22 09:00:00+05:30,14.7,53,992.9,39,7.9,13.7,16.9,472.7,92.0,305.8,9,22,0,1,0,76.26,40.49,190.0
2024-01-22 10:00:00+05:30,18.4,43,993.8,82,5.8,10.8,16.9,615.9,128.0,481.6,10,22,0,1,0,122.74,17.39,190.0
2024-01-22 11:00:00+05:30,21.4,35,993.7,44,4.7,5.7,16.6,719.1,141.0,615.2,11,22,0,1,0,158.21,3.76,190.0
2024-01-22 12:00:00+05:30,23.1,27,992.7,4,3.8,4.4,16.2,761.3,150.0,680.5,12,22,0,1,0,177.45,1.39,190.0
2024-01-22 13:00:00+05:30,23.9,24,991.3,0,4.0,4.8,16.2,779.9,148.0,677.1,13,22,0,1,0,182.61,1.92,154.0
2024-01-22 14:00:00+05:30,24.4,23,990.5,0,4.5,5.4,16.2,760.3,143.0,601.7,14,22,0,1,0,171.71,3.08,190.0
2024-01-22 15:00:00+05:30,24.6,22,990.2,0,4.7,5.8,15.8,706.5,130.0,465.3,15,22,0,1,0,145.82,3.85,190.0
2024-01-22 16:00:00+05:30,24.4,21,990.3,0,6.0,7.1,14.8,594.1,110.0,285.4,16,22,0,1,0,105.35,8.26,190.0
2024-01-22 17:00:00+05:30,22.6,27,990.2,0,6.1,11.2,13.7,387.9,75.0,96.5,17,22,0,1,0,54.19,19.52,190.0
2024-01-22 18:00:00+05:30,18.6,37,990.4,7,9.4,12.6,11.5,66.3,15.0,0.0,18,22,0,0,1,0.0,43.35,165.0
2024-01-22 19:00:00+05:30,17.3,40,991.0,3,9.7,12.1,12.2,0.0,0.0,0.0,19,22,0,0,1,0.0,42.33,165.0
2024-01-22 20:00:00+05:30,19.7,30,991.8,1,7.2,11.3,11.2,0.0,0.0,0.0,20,22,0,0,1,0.0,25.07,165.0
2024-01-22 21:00:00+05:30,18.6,32,992.1,1,8.5,13.3,9.4,0.0,0.0,0.0,21,22,0,0,1,0.0,41.76,165.0
2024-01-22 22:00:00+05:30,17.2,36,992.0,4,8.0,12.0,9.7,0.0,0.0,0.0,22,22,0,0,1,0.0,32.36,165.0
2024-01-22 23:00:00+05:30,18.3,33,991.8,45,6.6,11.4,9.0,0.0,0.0,0.0,23,22,0,0,1,0.0,22.77,165.0
2024-01-23 00:00:00+05:30,18.6,32,991.5,22,4.3,8.6,7.6,0.0,0.0,0.0,0,23,1,0,0,0.0,7.51,70.0
2024-01-23 01:00:00+05:30,14.7,43,991.0,9,4.1,2.4,5.4,0.0,0.0,0.0,1,23,1,0,0,0.0,1.86,70.0
2024-01-23 02:00:00+05:30,13.6,47,991.0,8,3.6,1.8,5.4,0.0,0.0,0.0,2,23,1,0,0,0.0,0.98,70.0
2024-01-23 03:00:00+05:30,11.6,53,990.3,0,5.9,9.1,9.0,0.0,0.0,0.0,3,23,1,0,0,0.0,13.34,70.0
2024-01-23 04:00:00+05:30,10.6,57,989.9,0,8.3,11.4,10.1,0.0,0.0,0.0,4,23,1,0,0,0.0,31.72,70.0
2024-01-23 05:00:00+05:30,10.3,58,989.8,6,9.2,11.6,10.8,0.0,0.0,0.0,5,23,1,0,0,0.0,37.53,70.0
2024-01-23 06:00:00+05:30,13.8,48,991.6,0,4.5,8.9,8.6,0.0,0.0,0.0,6,23,1,0,0,0.0,8.7,70.0
2024-01-23 07:00:00+05:30,13.9,48,991.8,2,5.1,9.4,6.1,0.0,0.0,0.0,7,23,1,0,0,0.0,11.48,110.0
2024-01-23 08:00:00+05:30,13.9,50,992.1,0,3.1,8.2,6.1,171.9,35.0,112.3,8,23,1,0,0,19.93,4.26,110.0
2024-01-23 09:00:00+05:30,17.0,43,993.3,0,3.5,6.9,10.4,447.5,93.0,297.8,9,23,1,1,0,72.95,3.56,190.0
2024-01-23 10:00:00+05:30,19.9,37,993.5,0,3.4,5.0,12.2,638.7,120.0,486.1,10,23,1,1,0,123.74,1.58,190.0
2024-01-23 11:00:00+05:30,21.7,33,993.2,0,7.2,9.1,19.4,728.0,138.0,619.5,11,23,1,1,0,159.0,16.97,190.0
2024-01-23 12:00:00+05:30,23.3,30,992.3,0,8.3,10.2,21.2,771.6,148.0,687.8,12,23,1,1,0,178.88,25.03,190.0
2024-01-23 13:00:00+05:30,24.2,25,991.1,0,11.0,13.6,24.8,782.3,149.0,682.2,13,23,1,1,0,183.18,50.0,154.0
2024-01-23 14:00:00+05:30,24.6,21,990.2,0,12.7,15.6,27.0,762.7,144.0,606.7,14,23,1,1,0,172.39,50.0,190.0
2024-01-23 15:00:00+05:30,24.5,21,989.7,0,12.6,16.0,27.0,711.3,131.0,471.0,15,23,1,1,0,147.05,50.0,190.0
2024-01-23 16:00:00+05:30,24.0,22,989.7,0,13.0,16.4,25.9,603.8,110.0,290.7,16,23,1,1,0,107.0,50.0,190.0
2024-01-23 17:00:00+05:30,22.6,25,989.8,0,10.6,17.7,24.1,395.3,76.0,99.7,17,23,1,1,0,55.25,50.0,190.0
2024-01-23 18:00:00+05:30,18.4,39,990.6,0,7.9,18.1,17.6,76.0,16.0,0.0,18,23,1,0,1,0.0,50.0,165.0
2024-01-23 19:00:00+05:30,17.3,45,991.0,0,8.4,19.6,14.0,0.0,0.0,0.0,19,23,1,0,1,0.0,50.0,165.0
2024-01-23 20:00:00+05:30,16.0,51,991.5,0,7.6,18.1,13.3,0.0,0.0,0.0,20,23,1,0,1,0.0,50.0,165.0
2024-01-23 21:00:00+05:30,15.3,53,991.7,0,8.7,19.6,13.3,0.0,0.0,0.0,21,23,1,0,1,0.0,50.0,165.0
2024-01-23 22:00:00+05:30,14.6,55,991.8,0,9.9,20.8,15.5,0.0,0.0,0.0,22,23,1,0,1,0.0,50.0,165.0
2024-01-23 23:00:00+05:30,14.0,58,991.5,0,9.5,19.5,16.2,0.0,0.0,0.0,23,23,1,0,1,0.0,50.0,165.0
2024-01-24 00:00:00+05:30,13.1,63,990.9,0,10.5,19.1,16.6,0.0,0.0,0.0,0,24,2,0,0,0.0,50.0,70.0
2024-01-24 01:00:00+05:30,12.2,67,990.6,0,11.2,19.9,17.6,0.0,0.0,0.0,1,24,2,0,0,0.0,50.0,70.0
2024-01-24 02:00:00+05:30,11.4,73,990.2,0,11.3,20.5,18.4,0.0,0.0,0.0,2,24,2,0,0,0.0,50.0,70.0
2024-01-24 03:00:00+05:30,10.8,80,990.2,0,10.7,20.3,18.0,0.0,0.0,0.0,3,24,2,0,0,0.0,50.0,70.0
2024-01-24 04:00:00+05:30,10.2,87,990.1,0,9.8,19.7,16.9,0.0,0.0,0.0,4,24,2,0,0,0.0,50.0,70.0
2024-01-24 05:00:00+05:30,9.7,91,990.3,0,9.1,17.9,15.8,0.0,0.0,0.0,5,24,2,0,0,0.0,50.0,70.0
2024-01-24 06:00:00+05:30,8.6,93,991.4,0,6.0,13.5,12.2,0.0,0.0,0.0,6,24,2,0,0,0.0,27.92,70.0
2024-01-24 07:00:00+05:30,8.5,93,992.3,0,7.9,15.6,11.9,0.0,0.0,0.0,7,24,2,0,0,0.0,50.0,110.0
2024-01-24 08:00:00+05:30,10.1,86,993.2,0,11.6,18.3,19.1,194.2,36.0,119.6,8,24,2,0,0,21.95,50.0,110.0
2024-01-24 09:00:00+05:30,13.0,73,994.1,0,9.2,17.4,19.8,474.5,93.0,309.3,9,24,2,1,0,77.14,50.0,190.0
2024-01-24 10:00:00+05:30,16.1,61,994.7,0,7.7,10.5,19.4,642.3,123.0,492.9,10,24,2,1,0,126.78,24.47,190.0
2024-01-24 11:00:00+05:30,18.8,52,994.5,0,6.5,8.1,19.4,730.1,141.0,626.0,11,24,2,1,0,161.92,12.08,190.0
2024-01-24 12:00:00+05:30,20.4,45,993.4,0,5.7,6.8,19.1,774.4,150.0,694.0,12,24,2,1,0,182.07,7.19,190.0
2024-01-24 13:00:00+05:30,21.6,38,992.0,0,5.2,6.2,18.4,786.1,152.0,690.2,13,24,2,1,0,186.6,5.21,154.0
2024-01-24 14:00:00+05:30,22.3,32,991.0,0,4.1,4.9,17.6,769.6,147.0,616.4,14,24,2,1,0,176.0,2.12,190.0
2024-01-24 15:00:00+05:30,22.5,28,990.8,0,4.5,5.3,15.8,717.8,133.0,478.5,15,24,2,1,0,149.9,2.98,190.0
2024-01-24 16:00:00+05:30,22.3,26,990.5,0,6.2,7.2,15.1,608.5,113.0,296.8,16,24,2,1,0,109.16,8.95,190.0
2024-01-24 17:00:00+05:30,20.7,31,990.5,0,4.7,9.1,14.8,406.6,77.0,103.5,17,24,2,1,0,57.09,9.41,190.0
2024-01-24 18:00:00+05:30,16.8,44,990.7,0,9.2,11.7,11.9,74.7,17.0,0.0,18,24,2,0,1,0.0,37.27,165.0
2024-01-24 19:00:00+05:30,16.5,43,991.3,0,7.4,13.3,11.5,0.0,0.0,0.0,19,24,2,0,1,0.0,34.98,165.0
2024-01-24 20:00:00+05:30,15.4,47,991.7,3,8.0,11.1,11.5,0.0,0.0,0.0,20,24,2,0,1,0.0,28.39,165.0
2024-01-24 21:00:00+05:30,14.9,51,992.0,44,7.2,12.7,11.2,0.0,0.0,0.0,21,24,2,0,1,0.0,31.31,165.0
2024-01-24 22:00:00+05:30,14.4,54,992.4,44,9.5,18.8,14.4,0.0,0.0,0.0,22,24,2,0,1,0.0,50.0,165.0
2024-01-24 23:00:00+05:30,13.4,59,992.3,72,10.0,21.3,16.2,0.0,0.0,0.0,23,24,2,0,1,0.0,50.0,165.0
2024-01-25 00:00:00+05:30,12.6,63,992.2,40,10.0,21.3,16.2,0.0,0.0,0.0,0,25,3,0,0,0.0,50.0,70.0
2024-01-25 01:00:00+05:30,11.7,66,991.9,23,9.2,20.8,15.8,0.0,0.0,0.0,1,25,3,0,0,0.0,50.0,70.0
2024-01-25 02:00:00+05:30,11.3,67,991.6,4,9.3,22.2,14.8,0.0,0.0,0.0,2,25,3,0,0,0.0,50.0,70.0
2024-01-25 03:00:00+05:30,11.0,67,991.4,86,11.1,23.6,17.6,0.0,0.0,0.0,3,25,3,0,0,0.0,50.0,70.0
2024-01-25 04:00:00+05:30,10.7,67,991.4,40,12.1,24.3,19.8,0.0,0.0,0.0,4,25,3,0,0,0.0,50.0,70.0
2024-01-25 05:00:00+05:30,10.6,65,991.4,74,12.0,23.2,20.2,0.0,0.0,0.0,5,25,3,0,0,0.0,50.0,70.0
2024-01-25 06:00:00+05:30,9.8,67,992.2,4,12.9,25.5,21.2,0.0,0.0,0.0,6,25,3,0,0,0.0,50.0,70.0
2024-01-25 07:00:00+05:30,9.6,68,992.6,95,11.9,25.5,20.5,0.0,0.0,0.0,7,25,3,0,0,0.0,50.0,110.0
2024-01-25 08:00:00+05:30,11.1,63,993.3,87,13.9,24.3,22.0,177.6,37.0,117.1,8,25,3,0,0,20.94,50.0,110.0
2024-01-25 09:00:00+05:30,14.0,55,994.3,100,11.6,24.8,22.7,455.8,95.0,305.2,9,25,3,1,0,75.14,50.0,190.0
2024-01-25 10:00:00+05:30,17.4,46,995.0,99,10.1,14.8,22.3,618.6,127.0,485.9,10,25,3,1,0,123.55,50.0,190.0
2024-01-25 11:00:00+05:30,20.5,38,994.7,100,10.2,12.9,23.4,704.0,148.0,618.4,11,25,3,1,0,157.95,50.0,190.0
2024-01-25 12:00:00+05:30,22.6,33,993.7,100,9.4,11.7,23.4,738.9,162.0,683.8,12,25,3,1,0,176.59,37.71,190.0
2024-01-25 13:00:00+05:30,23.8,27,992.5,100,8.7,10.6,23.0,742.7,168.0,678.5,13,25,3,1,0,180.35,28.48,154.0
2024-01-25 14:00:00+05:30,24.3,26,991.6,100,6.9,8.7,22.0,711.5,166.0,600.6,14,25,3,1,0,168.36,14.62,190.0
2024-01-25 15:00:00+05:30,24.4,25,991.2,100,5.1,6.2,18.7,657.3,151.0,466.4,15,25,3,1,0,142.93,5.01,190.0
2024-01-25 16:00:00+05:30,24.1,24,991.3,98,4.0,4.4,14.8,554.7,124.0,289.3,16,25,3,1,0,103.68,1.61,190.0
2024-01-25 17:00:00+05:30,21.6,46,991.3,96,5.5,4.8,10.4,348.6,84.0,100.8,17,25,3,1,0,52.91,5.62,190.0
2024-01-25 18:00:00+05:30,18.3,42,991.6,86,7.9,6.6,9.0,73.5,17.0,0.0,18,25,3,0,1,0.0,18.55,165.0
2024-01-25 19:00:00+05:30,17.5,44,992.1,14,8.5,6.9,9.7,0.0,0.0,0.0,19,25,3,0,1,0.0,23.4,165.0
2024-01-25 20:00:00+05:30,19.8,35,993.0,33,6.2,6.1,9.7,0.0,0.0,0.0,20,25,3,0,1,0.0,8.49,165.0
2024-01-25 21:00:00+05:30,19.9,34,993.1,17,3.1,5.4,6.8,0.0,0.0,0.0,21,25,3,0,1,0.0,1.6,165.0
2024-01-25 22:00:00+05:30,15.6,46,992.7,12,6.1,6.5,6.1,0.0,0.0,0.0,22,25,3,0,1,0.0,8.15,165.0
2024-01-25 23:00:00+05:30,14.0,55,992.3,3,9.2,17.7,14.0,0.0,0.0,0.0,23,25,3,0,1,0.0,50.0,165.0
2024-01-26 00:00:00+05:30,12.9,60,991.7,0,8.2,18.4,15.5,0.0,0.0,0.0,0,26,4,0,0,0.0,50.0,70.0
2024-01-26 01:00:00+05:30,12.2,64,991.2,17,7.3,15.8,13.3,0.0,0.0,0.0,1,26,4,0,0,0.0,47.07,70.0
2024-01-26 02:00:00+05:30,11.5,68,991.0,14,6.0,12.9,11.2,0.0,0.0,0.0,2,26,4,0,0,0.0,25.5,70.0
2024-01-26 03:00:00+05:30,11.1,70,990.9,0,5.8,11.9,10.1,0.0,0.0,0.0,3,26,4,0,0,0.0,21.14,70.0
2024-01-26 04:00:00+05:30,10.4,74,991.1,52,6.0,9.9,9.7,0.0,0.0,0.0,4,26,4,0,0,0.0,15.98,70.0
2024-01-26 05:00:00+05:30,10.1,78,991.2,96,5.8,8.4,9.0,0.0,0.0,0.0,5,26,4,0,0,0.0,11.32,70.0
2024-01-26 06:00:00+05:30,9.7,82,992.5,87,5.6,5.6,9.4,0.0,0.0,0.0,6,26,4,0,0,0.0,6.24,70.0
2024-01-26 07:00:00+05:30,9.4,86,993.2,100,5.9,7.1,10.1,0.0,0.0,0.0,7,26,4,0,0,0.0,8.52,110.0
2024-01-26 08:00:00+05:30,11.3,78,994.0,94,8.9,8.0,14.4,161.2,39.0,116.5,8,26,4,0,0,20.24,27.63,110.0
2024-01-26 09:00:00+05:30,15.1,63,995.3,96,5.8,7.5,15.5,450.0,96.0,305.0,9,26,4,1,0,74.39,9.05,190.0
2024-01-26 10:00:00+05:30,19.0,50,996.0,30,5.2,6.2,15.1,628.4,125.0,490.4,10,26,4,1,0,123.84,5.28,190.0
2024-01-26 11:00:00+05:30,21.8,38,996.0,50,3.6,4.3,15.5,722.4,141.0,624.8,11,26,4,1,0,158.92,1.16,190.0
2024-01-26 12:00:00+05:30,23.7,27,995.0,65,1.4,1.4,14.8,759.2,154.0,692.1,12,26,4,1,0,178.02,0.0,190.0
2024-01-26 13:00:00+05:30,24.6,23,993.8,84,0.5,0.7,12.6,772.1,155.0,688.5,13,26,4,1,0,182.78,0.0,154.0
2024-01-26 14:00:00+05:30,25.1,22,992.9,93,1.5,2.0,11.9,745.5,153.0,612.1,14,26,4,1,0,171.44,0.0,190.19
2024-01-26 15:00:00+05:30,25.2,21,992.4,100,1.8,2.5,11.9,625.5,163.0,463.2,15,26,4,1,0,139.96,0.0,190.48
2024-01-26 16:00:00+05:30,24.9,21,992.1,100,1.9,2.3,10.8,464.5,148.0,279.4,16,26,4,1,0,96.34,0.0,190.0
2024-01-26 17:00:00+05:30,22.9,41,992.3,100,3.9,3.6,7.9,144.1,109.0,86.7,17,26,4,1,0,38.17,1.44,190.0
2024-01-26 18:00:00+05:30,20.5,30,993.2,100,8.2,11.0,9.4,20.6,20.0,0.0,18,26,4,0,1,0.0,28.42,165.0
2024-01-26 19:00:00+05:30,21.0,28,994.0,100,5.8,8.1,9.4,0.0,0.0,0.0,19,26,4,0,1,0.0,10.22,165.0
2024-01-26 20:00:00+05:30,17.5,39,994.1,100,7.2,7.2,7.6,0.0,0.0,0.0,20,26,4,0,1,0.0,13.91,165.0
2024-01-26 21:00:00+05:30,17.8,38,994.5,100,8.7,17.1,13.3,0.0,0.0,0.0,21,26,4,0,1,0.0,50.0,165.0
2024-01-26 22:00:00+05:30,17.7,37,994.4,100,11.0,24.1,17.3,0.0,0.0,0.0,22,26,4,0,1,0.0,50.0,165.0
2024-01-26 23:00:00+05:30,17.1,40,994.4,100,13.7,27.8,21.6,0.0,0.0,0.0,23,26,4,0,1,0.0,50.0,165.0
2024-01-27 00:00:00+05:30,16.3,45,994.6,100,15.2,29.7,24.5,0.0,0.0,0.0,0,27,5,0,0,0.0,50.0,70.0
2024-01-27 01:00:00+05:30,15.4,51,994.1,91,13.3,26.4,24.5,0.0,0.0,0.0,1,27,5,0,0,0.0,50.0,70.0
2024-01-27 02:00:00+05:30,14.3,58,993.5,65,10.5,20.9,21.6,0.0,0.0,0.0,2,27,5,0,0,0.0,50.0,70.0
2024-01-27 03:00:00+05:30,13.1,64,993.0,24,10.5,19.0,16.9,0.0,0.0,0.0,3,27,5,0,0,0.0,50.0,70.0
2024-01-27 04:00:00+05:30,12.4,67,992.7,26,11.0,18.9,17.6,0.0,0.0,0.0,4,27,5,0,0,0.0,50.0,70.0
2024-01-27 05:00:00+05:30,11.7,69,992.2,3,9.8,16.3,17.6,0.0,0.0,0.0,5,27,5,0,0,0.0,50.0,70.0
2024-01-27 06:00:00+05:30,11.1,73,993.0,79,11.7,19.6,19.8,0.0,0.0,0.0,6,27,5,0,0,0.0,50.0,70.0
2024-01-27 07:00:00+05:30,10.8,74,993.5,100,10.5,18.4,18.4,0.0,0.0,0.0,7,27,5,0,0,0.0,50.0,110.0
2024-01-27 08:00:00+05:30,12.5,66,994.3,100,11.7,17.3,18.7,167.7,39.0,117.8,8,27,5,0,0,20.58,50.0,110.0
2024-01-27 09:00:00+05:30,15.8,55,995.1,99,8.7,15.7,19.1,380.3,109.0,294.4,9,27,5,0,0,69.07,50.0,130.0
2024-01-27 10:00:00+05:30,19.4,46,995.6,100,7.0,13.7,18.0,565.4,142.0,476.5,10,27,5,0,0,117.97,34.03,130.0
2024-01-27 11:00:00+05:30,22.7,38,995.4,100,5.6,7.3,18.0,658.7,164.0,609.7,11,27,5,0,0,152.34,7.97,130.0
2024-01-27 12:00:00+05:30,24.6,29,994.2,99,5.6,6.6,17.6,661.3,194.0,666.4,12,27,5,0,0,167.73,6.53,130.0
2024-01-27 13:00:00+05:30,25.5,27,993.2,99,4.3,5.4,17.6,738.9,168.0,680.8,13,27,5,0,0,178.8,2.86,113.65
2024-01-27 14:00:00+05:30,25.9,26,992.0,89,3.9,4.3,16.2,717.9,162.0,605.7,14,27,5,0,0,168.04,1.43,133.64
2024-01-27 15:00:00+05:30,26.0,25,991.2,100,3.7,4.7,14.8,691.4,138.0,476.9,15,27,5,0,0,145.31,1.55,134.2
2024-01-27 16:00:00+05:30,25.7,26,991.0,99,3.9,4.5,13.3,541.6,128.0,291.9,16,27,5,0,0,102.45,1.54,132.59
2024-01-27 17:00:00+05:30,23.5,39,991.1,100,4.7,6.2,10.4,312.2,92.0,103.0,17,27,5,0,0,50.92,4.44,130.0
2024-01-27 18:00:00+05:30,19.1,43,991.4,100,9.8,12.7,11.5,60.9,20.0,0.0,18,27,5,0,1,0.0,46.4,165.0
2024-01-27 19:00:00+05:30,17.7,48,992.0,100,10.8,13.0,12.2,0.0,0.0,0.0,19,27,5,0,1,0.0,50.0,165.0
2024-01-27 20:00:00+05:30,16.5,50,992.3,100,11.1,14.1,12.6,0.0,0.0,0.0,20,27,5,0,1,0.0,50.0,165.0
2024-01-27 21:00:00+05:30,16.1,48,992.7,99,11.5,14.5,13.3,0.0,0.0,0.0,21,27,5,0,1,0.0,50.0,165.0
2024-01-27 22:00:00+05:30,16.6,45,992.8,100,9.4,11.7,13.0,0.0,0.0,0.0,22,27,5,0,1,0.0,38.46,165.0
2024-01-27 23:00:00+05:30,15.2,49,992.5,100,10.6,11.7,11.9,0.0,0.0,0.0,23,27,5,0,1,0.0,46.6,165.0
2024-01-28 00:00:00+05:30,15.2,47,992.2,98,8.4,14.5,12.2,0.0,0.0,0.0,0,28,6,0,0,0.0,48.34,70.0
2024-01-28 01:00:00+05:30,14.3,49,991.5,100,6.4,12.0,11.9,0.0,0.0,0.0,1,28,6,0,0,0.0,24.24,70.0
2024-01-28 02:00:00+05:30,12.9,56,990.8,77,7.3,8.5,10.4,0.0,0.0,0.0,2,28,6,0,0,0.0,15.73,70.0
2024-01-28 03:00:00+05:30,11.8,61,990.3,73,5.9,9.7,10.4,0.0,0.0,0.0,3,28,6,0,0,0.0,14.96,70.0
2024-01-28 04:00:00+05:30,11.2,64,989.9,12,5.9,9.2,9.0,0.0,0.0,0.0,4,28,6,0,0,0.0,13.62,70.0
2024-01-28 05:00:00+05:30,11.0,65,989.8,41,6.0,8.5,9.0,0.0,0.0,0.0,5,28,6,0,0,0.0,12.07,70.0
2024-01-28 06:00:00+05:30,11.2,68,990.7,97,5.6,8.8,9.4,0.0,0.0,0.0,6,28,6,0,0,0.0,11.69,70.0
2024-01-28 07:00:00+05:30,10.7,70,991.2,67,5.1,9.0,9.0,0.0,0.0,0.0,7,28,6,0,0,0.0,10.71,110.0
2024-01-28 08:00:00+05:30,12.6,64,991.6,31,7.4,9.4,12.2,166.6,40.0,119.1,8,28,6,0,0,20.71,19.23,110.0
2024-01-28 09:00:00+05:30,16.4,52,992.4,23,4.7,8.7,13.0,476.4,93.0,313.5,9,28,6,0,0,76.37,8.79,70.0
2024-01-28 10:00:00+05:30,20.0,43,993.1,60,4.3,6.8,14.0,626.6,126.0,493.6,10,28,6,0,0,123.41,4.73,70.0
2024-01-28 11:00:00+05:30,22.9,33,992.7,86,6.9,8.6,18.7,713.0,146.0,628.0,11,28,6,0,0,157.85,14.4,70.0
2024-01-28 12:00:00+05:30,24.3,28,991.6,62,8.4,10.0,21.2,738.2,165.0,693.2,12,28,6,0,0,176.25,24.46,70.0
2024-01-28 13:00:00+05:30,25.2,26,990.3,86,10.6,12.9,24.1,765.2,160.0,693.7,13,28,6,0,0,182.41,50.0,70.48
2024-01-28 14:00:00+05:30,25.7,25,989.5,81,13.0,16.1,27.4,708.4,171.0,610.7,14,28,6,0,0,168.4,50.0,72.59
2024-01-28 15:00:00+05:30,25.7,25,989.2,91,15.3,19.4,29.5,623.4,165.0,468.3,15,28,6,0,0,140.13,50.0,72.59
2024-01-28 16:00:00+05:30,25.1,25,989.2,100,15.5,20.4,29.9,404.8,162.0,273.1,16,28,6,0,0,91.36,50.0,70.19
2024-01-28 17:00:00+05:30,24.1,27,989.4,100,9.9,17.9,28.1,105.4,108.0,81.9,17,28,6,0,0,34.06,50.0,70.0
2024-01-28 18:00:00+05:30,21.2,32,989.6,99,8.9,17.4,13.7,20.0,21.0,0.0,18,28,6,0,1,0.0,50.0,165.0
2024-01-28 19:00:00+05:30,19.5,36,990.0,89,10.1,16.8,11.9,0.0,0.0,0.0,19,28,6,0,1,0.0,50.0,165.0
2024-01-28 20:00:00+05:30,18.2,40,990.2,94,11.6,15.8,13.3,0.0,0.0,0.0,20,28,6,0,1,0.0,50.0,165.0
2024-01-28 21:00:00+05:30,17.2,43,990.6,100,12.4,17.4,13.7,0.0,0.0,0.0,21,28,6,0,1,0.0,50.0,165.0
2024-01-28 22:00:00+05:30,17.3,42,990.8,100,9.7,21.1,14.4,0.0,0.0,0.0,22,28,6,0,1,0.0,50.0,165.0
2024-01-28 23:00:00+05:30,17.3,43,991.0,99,9.6,22.7,14.8,0.0,0.0,0.0,23,28,6,0,1,0.0,50.0,165.0
2024-01-29 00:00:00+05:30,15.4,51,990.4,97,8.3,15.2,14.8,0.0,0.0,0.0,0,29,0,0,0,0.0,50.0,70.0
2024-01-29 01:00:00+05:30,15.6,52,990.0,85,6.9,10.3,11.2,0.0,0.0,0.0,1,29,0,0,0,0.0,20.34,70.0
2024-01-29 02:00:00+05:30,14.1,59,989.6,100,6.8,13.9,10.8,0.0,0.0,0.0,2,29,0,0,0,0.0,33.99,70.0
2024-01-29 03:00:00+05:30,14.3,59,989.4,94,9.5,17.9,14.8,0.0,0.0,0.0,3,29,0,0,0,0.0,50.0,70.0
2024-01-29 04:00:00+05:30,13.7,61,989.5,95,10.7,19.6,16.6,0.0,0.0,0.0,4,29,0,0,0,0.0,50.0,70.0
2024-01-29 05:00:00+05:30,13.2,63,989.7,27,10.7,19.3,17.3,0.0,0.0,0.0,5,29,0,0,0,0.0,50.0,70.0
2024-01-29 06:00:00+05:30,12.9,66,990.7,86,11.5,21.3,18.4,0.0,0.0,0.0,6,29,0,0,0,0.0,50.0,70.0
2024-01-29 07:00:00+05:30,12.7,66,991.7,100,11.6,21.9,18.7,0.0,0.0,0.0,7,29,0,0,0,0.0,50.0,110.0
2024-01-29 08:00:00+05:30,14.1,61,992.7,95,13.2,21.9,20.9,112.7,44.0,112.6,8,29,0,0,0,17.87,50.0,110.0
2024-01-29 09:00:00+05:30,17.3,52,993.7,100,9.4,19.2,21.2,381.9,107.0,293.8,9,29,0,1,0,68.45,50.0,190.0
2024-01-29 10:00:00+05:30,20.5,43,993.9,100,8.0,12.2,19.4,533.3,149.0,469.4,10,29,0,1,0,114.32,32.99,190.0
2024-01-29 11:00:00+05:30,23.0,37,993.4,100,8.9,10.8,21.2,612.4,178.0,597.8,11,29,0,1,0,147.39,30.44,190.0
2024-01-29 12:00:00+05:30,24.2,37,992.6,100,6.6,7.9,21.6,622.4,204.0,653.1,12,29,0,1,0,163.3,11.55,190.0
2024-01-29 13:00:00+05:30,24.9,35,991.2,100,5.3,6.1,19.4,625.6,215.0,652.4,13,29,0,1,0,167.98,5.13,154.0
2024-01-29 14:00:00+05:30,25.4,35,990.2,88,5.9,6.7,17.6,581.9,218.0,576.9,14,29,0,1,0,155.6,7.2,191.22
2024-01-29 15:00:00+05:30,25.6,34,989.9,96,6.6,7.6,17.6,616.3,163.0,465.1,15,29,0,1,0,138.9,10.68,192.11
2024-01-29 16:00:00+05:30,25.4,35,989.9,98,6.8,8.1,17.3,508.4,136.0,290.5,16,29,0,1,0,100.1,12.52,191.22
2024-01-29 17:00:00+05:30,24.3,39,990.0,100,5.1,8.9,15.5,350.9,86.0,108.2,17,29,0,1,0,53.45,10.0,190.0
2024-01-29 18:00:00+05:30,20.4,51,990.5,100,7.6,12.3,10.4,78.7,21.0,0.0,18,29,0,0,1,0.0,31.16,165.0
2024-01-29 19:00:00+05:30,18.7,58,991.1,100,8.9,12.2,10.4,0.0,0.0,0.0,19,29,0,0,1,0.0,38.14,165.0
2024-01-29 20:00:00+05:30,17.7,63,991.5,100,8.8,12.0,10.8,0.0,0.0,0.0,20,29,0,0,1,0.0,36.64,165.0
2024-01-29 21:00:00+05:30,17.4,64,992.1,100,7.6,15.0,10.4,0.0,0.0,0.0,21,29,0,0,1,0.0,44.59,165.0
2024-01-29 22:00:00+05:30,17.1,63,991.8,100,7.4,18.1,11.2,0.0,0.0,0.0,22,29,0,0,1,0.0,50.0,165.0
2024-01-29 23:00:00+05:30,17.2,61,991.9,100,8.7,20.0,13.0,0.0,0.0,0.0,23,29,0,0,1,0.0,50.0,165.0
2024-01-30 00:00:00+05:30,16.6,62,991.6,100,9.4,20.9,15.1,0.0,0.0,0.0,0,30,1,0,0,0.0,50.0,70.0
2024-01-30 01:00:00+05:30,15.9,65,991.1,100,10.4,20.9,16.6,0.0,0.0,0.0,1,30,1,0,0,0.0,50.0,70.0
2024-01-30 02:00:00+05:30,15.4,67,990.6,100,9.8,20.1,16.6,0.0,0.0,0.0,2,30,1,0,0,0.0,50.0,70.0
2024-01-30 03:00:00+05:30,14.9,69,990.0,100,9.7,19.7,16.2,0.0,0.0,0.0,3,30,1,0,0,0.0,50.0,70.0
2024-01-30 04:00:00+05:30,14.4,70,989.6,100,8.9,18.6,15.5,0.0,0.0,0.0,4,30,1,0,0,0.0,50.0,70.0
2024-01-30 05:00:00+05:30,13.7,73,989.4,100,7.8,17.0,14.0,0.0,0.0,0.0,5,30,1,0,0,0.0,50.0,70.0
2024-01-30 06:00:00+05:30,13.7,73,990.4,100,9.4,17.0,15.1,0.0,0.0,0.0,6,30,1,0,0,0.0,50.0,70.0
2024-01-30 07:00:00+05:30,13.4,74,991.2,100,9.7,17.8,15.5,0.0,0.0,0.0,7,30,1,0,0,0.0,50.0,110.0
2024-01-30 08:00:00+05:30,14.7,68,991.9,100,11.8,19.1,19.1,52.2,46.0,100.6,8,30,1,0,0,14.2,50.0,110.0
2024-01-30 09:00:00+05:30,17.2,60,992.7,100,8.7,18.9,19.1,188.1,140.0,257.5,9,30,1,1,0,53.47,50.0,190.0
2024-01-30 10:00:00+05:30,20.4,50,993.0,100,7.9,13.7,19.1,310.2,207.0,411.8,10,30,1,1,0,93.26,39.71,190.0
2024-01-30 11:00:00+05:30,23.5,41,992.5,100,8.4,10.6,21.2,632.2,171.0,605.3,11,30,1,1,0,149.16,27.2,190.0
2024-01-30 12:00:00+05:30,24.9,37,991.4,100,5.7,6.8,21.2,621.1,209.0,659.3,12,30,1,1,0,163.65,7.07,190.0
2024-01-30 13:00:00+05:30,25.5,36,990.3,100,3.2,3.5,18.4,534.8,253.0,627.8,13,30,1,1,0,158.27,0.41,155.65
2024-01-30 14:00:00+05:30,25.9,34,989.2,100,2.6,2.9,14.8,358.0,293.0,506.3,14,30,1,1,0,129.83,0.0,193.64
2024-01-30 15:00:00+05:30,25.9,33,988.6,100,3.7,4.4,13.0,221.9,277.0,362.8,15,30,1,1,0,96.97,1.29,193.64
2024-01-30 16:00:00+05:30,25.7,33,988.4,100,5.4,6.5,13.3,211.7,198.0,236.0,16,30,1,1,0,72.35,5.95,192.59
2024-01-30 17:00:00+05:30,24.7,36,988.3,100,5.8,9.0,13.3,198.1,107.0,97.9,17,30,1,1,0,42.98,12.18,190.0
2024-01-30 18:00:00+05:30,23.8,41,989.3,100,1.8,2.9,4.3,0.0,19.0,0.0,18,30,1,0,1,0.0,0.0,165.0
2024-01-30 19:00:00+05:30,22.7,44,989.9,100,1.8,1.4,2.5,0.0,0.0,0.0,19,30,1,0,1,0.0,0.0,165.0
2024-01-30 20:00:00+05:30,20.3,53,990.1,100,4.3,2.6,5.0,0.0,0.0,0.0,20,30,1,0,1,0.0,2.24,165.0
2024-01-30 21:00:00+05:30,19.0,58,990.4,100,5.6,3.3,6.8,0.0,0.0,0.0,21,30,1,0,1,0.0,6.02,165.0
2024-01-30 22:00:00+05:30,19.7,54,990.5,100,3.9,3.6,6.8,0.0,0.0,0.0,22,30,1,0,1,0.0,1.45,165.0
2024-01-30 23:00:00+05:30,21.8,46,990.4,100,0.4,1.8,4.7,0.0,0.0,0.0,23,30,1,0,1,0.0,0.0,165.0
2024-01-31 00:00:00+05:30,18.8,57,989.7,100,4.7,3.1,5.0,0.0,0.0,0.0,0,31,2,0,0,0.0,3.21,70.0
2024-01-31 01:00:00+05:30,17.6,62,989.2,100,6.4,9.4,9.7,0.0,0.0,0.0,1,31,2,0,0,0.0,15.47,70.0
2024-01-31 02:00:00+05:30,16.8,66,988.8,100,6.6,15.0,11.2,0.0,0.0,0.0,2,31,2,0,0,0.0,36.95,70.0
2024-01-31 03:00:00+05:30,16.6,68,988.3,100,6.4,16.0,10.4,0.0,0.0,0.0,3,31,2,0,0,0.0,39.7,70.0
2024-01-31 04:00:00+05:30,16.3,70,987.8,100,5.4,15.1,9.7,0.0,0.0,0.0,4,31,2,0,0,0.0,28.64,70.0
2024-01-31 05:00:00+05:30,15.8,72,987.8,100,6.8,14.5,8.6,0.0,0.0,0.0,5,31,2,0,0,0.0,36.32,70.0
2024-01-31 06:00:00+05:30,17.3,66,989.0,90,5.4,8.9,8.3,0.0,0.0,0.0,6,31,2,0,0,0.0,11.09,70.0
2024-01-31 07:00:00+05:30,17.0,67,989.6,73,3.1,5.6,5.8,0.0,0.0,0.0,7,31,2,0,0,0.0,1.77,110.0
2024-01-31 08:00:00+05:30,17.2,68,990.1,68,1.8,4.2,5.0,140.7,41.0,113.2,8,31,2,0,0,18.83,0.0,110.0
2024-01-31 09:00:00+05:30,20.0,58,991.1,7,1.8,3.5,9.4,404.9,100.0,295.8,9,31,2,1,0,68.88,0.0,190.0
2024-01-31 10:00:00+05:30,22.6,49,991.3,0,3.1,3.8,12.6,607.1,125.0,486.2,10,31,2,1,0,119.39,0.48,190.0
2024-01-31 11:00:00+05:30,24.5,45,990.7,0,6.7,8.0,18.4,697.0,143.0,620.3,11,31,2,1,0,154.07,12.04,190.0
2024-01-31 12:00:00+05:30,25.8,41,989.8,0,10.2,12.5,23.8,741.4,153.0,690.2,12,31,2,1,0,174.1,46.45,193.11
2024-01-31 13:00:00+05:30,26.6,38,988.7,23,13.1,16.3,28.4,746.4,156.0,684.2,13,31,2,1,0,178.0,50.0,161.92
2024-01-31 14:00:00+05:30,26.7,37,987.7,14,14.2,17.7,29.2,624.5,158.0,551.8,14,31,2,1,0,151.62,50.0,198.6
2024-01-31 15:00:00+05:30,26.8,36,986.8,12,15.4,19.6,30.6,597.3,154.0,451.4,15,31,2,1,0,133.95,50.0,199.29
2024-01-31 16:00:00+05:30,26.4,35,986.6,20,15.9,20.2,30.2,480.7,126.0,276.0,16,31,2,1,0,94.36,50.0,196.61
2024-01-31 17:00:00+05:30,25.6,37,986.6,45,13.5,19.3,28.8,323.7,82.0,104.1,17,31,2,1,0,49.91,50.0,192.11
2024-01-31 18:00:00+05:30,23.0,42,986.7,41,9.7,20.4,21.2,76.3,20.0,0.0,18,31,2,0,1,0.0,50.0,165.0
2024-01-31 19:00:00+05:30,21.5,47,987.2,57,10.1,22.9,16.2,0.0,0.0,0.0,19,31,2,0,1,0.0,50.0,165.0
2024-01-31 20:00:00+05:30,21.0,47,987.4,14,10.1,23.8,16.2,0.0,0.0,0.0,20,31,2,0,1,0.0,50.0,165.0
2024-01-31 21:00:00+05:30,20.5,51,987.9,26,13.8,29.2,21.2,0.0,0.0,0.0,21,31,2,0,1,0.0,50.0,165.0
2024-01-31 22:00:00+05:30,20.7,56,988.6,52,14.5,28.7,23.8,0.0,0.0,0.0,22,31,2,0,1,0.0,50.0,165.0
2024-01-31 23:00:00+05:30,20.3,60,988.2,23,10.2,23.1,23.4,0.0,0.0,0.0,23,31,2,0,1,0.0,50.0,165.0
2024-02-01 00:00:00+05:30,19.6,65,987.9,3,10.7,24.1,16.9,0.0,0.0,0.0,0,32,3,0,0,0.0,50.0,70.0
2024-02-01 01:00:00+05:30,18.7,69,987.5,0,11.2,25.0,17.6,0.0,0.0,0.0,1,32,3,0,0,0.0,50.0,70.0
2024-02-01 02:00:00+05:30,18.1,73,987.3,0,11.3,24.5,18.0,0.0,0.0,0.0,2,32,3,0,0,0.0,50.0,70.0
2024-02-01 03:00:00+05:30,17.5,79,986.9,0,10.2,23.3,18.0,0.0,0.0,0.0,3,32,3,0,0,0.0,50.0,70.0
2024-02-01 04:00:00+05:30,16.8,84,986.7,0,9.5,21.5,16.2,0.0,0.0,0.0,4,32,3,0,0,0.0,50.0,70.0
2024-02-01 05:00:00+05:30,16.1,90,987.1,0,9.1,20.9,15.1,0.0,0.0,0.0,5,32,3,0,0,0.0,50.0,70.0
2024-02-01 06:00:00+05:30,15.9,91,988.0,0,9.3,21.6,16.2,0.0,0.0,0.0,6,32,3,0,0,0.0,50.0,70.0
2024-02-01 07:00:00+05:30,15.6,93,988.7,0,10.0,22.6,16.2,0.0,0.0,0.0,7,32,3,0,0,0.0,50.0,110.0
2024-02-01 08:00:00+05:30,17.1,87,989.5,0,11.7,20.8,19.1,191.0,40.0,123.7,8,32,3,0,0,21.95,50.0,110.0
2024-02-01 09:00:00+05:30,19.6,75,990.9,0,9.4,15.2,19.8,454.7,96.0,312.2,9,32,3,1,0,73.73,50.0,190.0
2024-02-01 10:00:00+05:30,22.0,67,991.4,0,10.0,12.8,22.7,616.1,126.0,494.1,10,32,3,1,0,121.25,50.0,190.0
2024-02-01 11:00:00+05:30,24.0,58,991.2,2,10.4,13.0,24.1,703.3,144.0,627.8,11,32,3,1,0,155.74,50.0,190.0
2024-02-01 12:00:00+05:30,25.5,46,990.4,0,12.2,15.1,27.4,735.2,158.0,693.3,12,32,3,1,0,174.32,50.0,191.65
2024-02-01 13:00:00+05:30,26.6,35,989.3,2,13.4,16.2,28.8,756.8,155.0,693.2,13,32,3,1,0,179.84,50.0,161.92
2024-02-01 14:00:00+05:30,27.0,32,988.6,6,12.6,15.5,28.8,730.8,152.0,617.2,14,32,3,1,0,168.77,50.0,200.71
2024-02-01 15:00:00+05:30,27.1,31,988.1,8,12.6,15.8,27.4,647.9,145.0,472.2,15,32,3,1,0,140.25,50.0,201.44
2024-02-01 16:00:00+05:30,26.9,30,988.1,1,13.0,16.6,25.9,526.0,123.0,291.8,16,32,3,1,0,99.77,50.0,199.99
2024-02-01 17:00:00+05:30,26.1,31,988.1,7,11.5,17.3,24.5,360.9,81.0,111.0,17,32,3,1,0,53.31,50.0,194.78
2024-02-01 18:00:00+05:30,22.4,30,989.1,7,7.9,16.9,11.9,94.0,22.0,0.0,18,32,3,0,1,0.0,50.0,165.0
2024-02-01 19:00:00+05:30,21.1,31,989.7,4,8.9,21.5,14.4,0.0,0.0,0.0,19,32,3,0,1,0.0,50.0,165.0
2024-02-01 20:00:00+05:30,20.1,32,990.3,1,11.7,24.9,18.4,0.0,0.0,0.0,20,32,3,0,1,0.0,50.0,165.0
2024-02-01 21:00:00+05:30,19.3,33,990.9,0,11.8,25.7,20.2,0.0,0.0,0.0,21,32,3,0,1,0.0,50.0,165.0
2024-02-01 22:00:00+05:30,18.4,35,991.1,0,12.0,25.5,19.4,0.0,0.0,0.0,22,32,3,0,1,0.0,50.0,165.0
2024-02-01 23:00:00+05:30,17.5,37,991.0,3,10.3,23.2,19.4,0.0,0.0,0.0,23,32,3,0,1,0.0,50.0,165.0
2024-02-02 00:00:00+05:30,16.6,39,990.8,3,9.2,21.5,16.2,0.0,0.0,0.0,0,33,4,0,0,0.0,50.0,70.0
2024-02-02 01:00:00+05:30,15.9,41,990.7,8,9.9,21.3,15.5,0.0,0.0,0.0,1,33,4,0,0,0.0,50.0,70.0
2024-02-02 02:00:00+05:30,15.2,42,990.7,46,11.0,24.0,19.1,0.0,0.0,0.0,2,33,4,0,0,0.0,50.0,70.0
2024-02-02 03:00:00+05:30,14.7,45,990.5,69,11.9,24.7,19.1,0.0,0.0,0.0,3,33,4,0,0,0.0,50.0,70.0
2024-02-02 04:00:00+05:30,14.4,51,990.2,80,12.9,25.7,20.9,0.0,0.0,0.0,4,33,4,0,0,0.0,50.0,70.0
2024-02-02 05:00:00+05:30,14.2,56,990.3,18,14.1,27.0,22.7,0.0,0.0,0.0,5,33,4,0,0,0.0,50.0,70.0
2024-02-02 06:00:00+05:30,14.6,68,991.3,34,14.2,26.2,23.4,0.0,0.0,0.0,6,33,4,0,0,0.0,50.0,70.0
2024-02-02 07:00:00+05:30,14.1,73,992.2,21,13.1,25.3,23.0,0.0,0.0,0.0,7,33,4,0,0,0.0,50.0,110.0
2024-02-02 08:00:00+05:30,15.5,70,993.1,7,14.6,25.8,23.4,160.3,42.0,119.1,8,33,4,0,0,20.48,50.0,110.0
2024-02-02 09:00:00+05:30,17.8,65,994.0,4,12.9,20.5,24.8,377.8,101.0,287.5,9,33,4,1,0,66.66,50.0,190.0
2024-02-02 10:00:00+05:30,20.9,58,994.3,2,12.1,16.1,25.9,643.0,125.0,509.9,10,33,4,1,0,125.54,50.0,190.0
2024-02-02 11:00:00+05:30,23.8,45,994.1,9,12.6,15.5,27.0,698.5,150.0,633.1,11,33,4,1,0,156.34,50.0,190.0
2024-02-02 12:00:00+05:30,25.4,32,993.2,3,10.4,12.2,27.0,729.1,164.0,697.4,12,33,4,1,0,174.58,45.9,191.22
2024-02-02 13:00:00+05:30,26.1,28,992.0,0,8.7,10.1,24.5,767.1,156.0,704.1,13,33,4,1,0,182.41,25.94,158.78
2024-02-02 14:00:00+05:30,26.6,26,991.1,1,7.5,8.7,22.3,751.8,151.0,632.5,14,33,4,1,0,172.65,16.25,197.92
2024-02-02 15:00:00+05:30,26.7,25,990.5,0,6.8,8.2,20.2,699.6,139.0,496.6,15,33,4,1,0,147.65,12.75,198.6
2024-02-02 16:00:00+05:30,26.3,25,990.3,0,7.0,8.4,18.4,594.9,118.0,315.0,16,33,4,1,0,108.34,13.88,195.99
2024-02-02 17:00:00+05:30,25.2,28,990.2,2,7.2,10.8,16.6,408.3,83.0,121.7,17,33,4,1,0,58.62,22.68,190.48
2024-02-02 18:00:00+05:30,21.0,40,990.1,9,9.3,11.4,11.2,101.9,22.0,0.0,18,33,4,0,1,0.0,35.6,165.0
2024-02-02 19:00:00+05:30,19.5,45,991.0,13,9.4,9.2,11.2,0.0,0.0,0.0,19,33,4,0,1,0.0,31.71,165.0
2024-02-02 20:00:00+05:30,19.7,41,991.2,42,8.1,14.5,12.2,0.0,0.0,0.0,20,33,4,0,1,0.0,45.32,165.0
2024-02-02 21:00:00+05:30,19.2,44,991.5,45,8.7,17.2,13.7,0.0,0.0,0.0,21,33,4,0,1,0.0,50.0,165.0
2024-02-02 22:00:00+05:30,18.8,46,991.7,49,8.6,17.7,13.7,0.0,0.0,0.0,22,33,4,0,1,0.0,50.0,165.0
2024-02-02 23:00:00+05:30,18.6,45,991.2,38,9.9,19.4,15.5,0.0,0.0,0.0,23,33,4,0,1,0.0,50.0,165.0
2024-02-03 00:00:00+05:30,18.0,45,990.8,28,10.8,23.6,17.3,0.0,0.0,0.0,0,34,5,0,0,0.0,50.0,70.0
2024-02-03 01:00:00+05:30,17.4,47,990.1,18,10.4,23.6,17.6,0.0,0.0,0.0,1,34,5,0,0,0.0,50.0,70.0
2024-02-03 02:00:00+05:30,16.7,51,989.9,36,9.2,21.7,16.9,0.0,0.0,0.0,2,34,5,0,0,0.0,50.0,70.0
2024-02-03 03:00:00+05:30,16.2,57,989.5,31,7.4,19.2,14.8,0.0,0.0,0.0,3,34,5,0,0,0.0,50.0,70.0
2024-02-03 04:00:00+05:30,16.0,62,989.3,18,6.9,17.3,12.2,0.0,0.0,0.0,4,34,5,0,0,0.0,50.0,70.0
2024-02-03 05:00:00+05:30,15.6,65,989.1,13,7.4,17.8,11.2,0.0,0.0,0.0,5,34,5,0,0,0.0,50.0,70.0
2024-02-03 06:00:00+05:30,16.0,80,989.8,28,8.5,15.4,14.8,0.0,0.0,0.0,6,34,5,0,0,0.0,50.0,70.0
2024-02-03 07:00:00+05:30,15.2,83,990.6,46,6.7,14.6,13.7,0.0,0.0,0.0,7,34,5,0,0,0.0,36.22,110.0
2024-02-03 08:00:00+05:30,17.3,75,991.5,85,8.3,15.3,14.0,144.5,41.0,112.8,8,34,5,0,0,19.06,50.0,110.0
2024-02-03 09:00:00+05:30,19.6,67,992.5,98,6.0,14.0,14.8,262.2,111.0,252.5,9,34,5,0,0,55.27,28.67,130.0
2024-02-03 10:00:00+05:30,22.7,54,992.9,50,7.7,10.2,18.0,255.8,199.0,374.5,10,34,5,0,0,82.86,22.69,130.0
2024-02-03 11:00:00+05:30,25.4,39,992.8,100,9.0,11.2,22.0,550.7,197.0,585.6,11,34,5,0,0,139.92,32.64,131.22
2024-02-03 12:00:00+05:30,26.7,35,992.0,100,14.8,18.6,29.5,495.6,240.0,607.9,12,34,5,0,0,146.4,50.0,138.6
2024-02-03 13:00:00+05:30,24.9,41,990.8,100,14.5,18.6,32.0,37.0,302.0,325.0,13,34,5,0,0,72.27,50.0,112.0
2024-02-03 14:00:00+05:30,26.0,39,989.9,100,8.7,10.8,28.1,326.4,290.0,488.0,14,34,5,0,0,123.92,29.13,134.2
2024-02-03 15:00:00+05:30,26.7,36,989.5,99,9.7,12.0,21.6,432.0,217.0,425.4,15,34,5,0,0,119.92,40.35,138.6
2024-02-03 16:00:00+05:30,26.8,35,989.2,99,8.4,10.4,21.6,387.2,157.0,271.5,16,34,5,0,0,88.13,25.93,139.29
2024-02-03 17:00:00+05:30,26.1,38,989.0,99,6.2,9.7,17.6,145.5,116.0,98.5,17,34,5,0,0,39.66,15.23,134.78
2024-02-03 18:00:00+05:30,22.1,50,990.2,95,5.6,12.1,16.2,18.3,18.0,0.0,18,34,5,0,1,0.0,19.98,165.0
2024-02-03 19:00:00+05:30,21.2,54,990.7,100,5.2,12.6,10.8,0.0,0.0,0.0,19,34,5,0,1,0.0,19.5,165.0
2024-02-03 20:00:00+05:30,21.7,53,991.4,100,2.8,5.4,8.3,0.0,0.0,0.0,20,34,5,0,1,0.0,1.29,165.0
2024-02-03 21:00:00+05:30,20.7,56,991.8,100,3.6,6.0,4.3,0.0,0.0,0.0,21,34,5,0,1,0.0,2.71,165.0
2024-02-03 22:00:00+05:30,20.2,60,991.9,100,1.5,5.1,11.9,0.0,0.0,0.0,22,34,5,0,1,0.0,0.0,165.0
2024-02-03 23:00:00+05:30,18.5,74,991.2,100,2.6,2.2,13.7,0.0,0.0,0.0,23,34,5,0,1,0.0,0.0,165.0
2024-02-04 00:00:00+05:30,18.3,82,990.5,100,6.3,11.1,9.4,0.0,0.0,0.0,0,35,6,0,0,0.0,20.37,70.0
2024-02-04 01:00:00+05:30,18.0,77,990.2,99,9.4,20.3,14.8,0.0,0.0,0.0,1,35,6,0,0,0.0,50.0,70.0
2024-02-04 02:00:00+05:30,18.1,74,989.4,66,14.0,26.6,24.8,0.0,0.0,0.0,2,35,6,0,0,0.0,50.0,70.0
2024-02-04 03:00:00+05:30,17.7,72,988.6,40,11.3,25.0,22.3,0.0,0.0,0.0,3,35,6,0,0,0.0,50.0,70.0
2024-02-04 04:00:00+05:30,17.3,72,988.0,70,9.7,23.9,18.4,0.0,0.0,0.0,4,35,6,0,0,0.0,50.0,70.0
2024-02-04 05:00:00+05:30,17.4,71,988.0,43,11.3,25.6,17.6,0.0,0.0,0.0,5,35,6,0,0,0.0,50.0,70.0
2024-02-04 06:00:00+05:30,15.8,92,989.0,21,7.9,11.7,8.3,0.0,0.0,0.0,6,35,6,0,0,0.0,30.49,70.0
2024-02-04 07:00:00+05:30,16.7,85,990.1,39,9.1,22.1,13.7,0.0,0.0,0.0,7,35,6,0,0,0.0,50.0,110.0
2024-02-04 08:00:00+05:30,18.7,76,990.3,79,13.4,24.2,19.4,128.9,38.0,102.8,8,35,6,0,0,17.25,50.0,110.0
2024-02-04 09:00:00+05:30,18.8,79,991.9,93,20.7,29.2,41.0,151.3,82.0,169.0,9,35,6,0,0,36.34,0.0,70.0
2024-02-04 10:00:00+05:30,18.9,79,992.5,70,14.1,22.0,44.6,73.5,140.0,202.6,10,35,6,0,0,43.13,50.0,70.0
2024-02-04 11:00:00+05:30,21.5,72,991.8,39,14.3,18.7,27.7,270.0,216.0,416.5,11,35,6,0,0,97.2,50.0,70.0
2024-02-04 12:00:00+05:30,23.3,66,991.2,86,20.0,25.7,37.1,504.5,205.0,580.1,12,35,6,0,0,143.7,50.0,70.0
2024-02-04 13:00:00+05:30,23.7,69,990.1,100,21.8,28.1,50.0,317.9,250.0,477.1,13,35,6,0,0,118.63,0.0,70.0
2024-02-04 14:00:00+05:30,22.3,73,989.4,91,26.7,35.0,50.4,169.6,219.0,318.8,14,35,6,0,0,81.8,0.0,70.0
2024-02-04 15:00:00+05:30,21.0,81,988.9,48,18.1,24.5,50.0,96.2,210.0,239.7,15,35,6,0,0,63.46,50.0,70.0
2024-02-04 16:00:00+05:30,22.0,77,988.8,78,19.5,26.1,42.8,219.3,160.0,212.5,16,35,6,0,0,66.95,50.0,70.0
2024-02-04 17:00:00+05:30,22.5,73,988.8,76,18.2,27.6,43.2,176.2,85.0,85.1,17,35,6,0,0,36.72,50.0,70.0
2024-02-04 18:00:00+05:30,19.8,83,989.8,51,6.2,14.1,15.5,36.0,17.0,0.0,18,35,6,0,1,0.0,30.23,165.0
2024-02-04 19:00:00+05:30,18.7,88,990.7,93,5.1,13.0,10.1,0.0,0.0,0.0,19,35,6,0,1,0.0,20.25,165.0
2024-02-04 20:00:00+05:30,18.5,88,991.1,82,5.4,7.6,9.0,0.0,0.0,0.0,20,35,6,0,1,0.0,8.25,165.0
2024-02-04 21:00:00+05:30,18.6,89,991.2,33,3.0,3.6,6.1,0.0,0.0,0.0,21,35,6,0,1,0.0,0.32,165.0
2024-02-04 22:00:00+05:30,17.1,96,991.3,59,5.8,6.4,6.5,0.0,0.0,0.0,22,35,6,0,1,0.0,6.84,165.0
2024-02-04 23:00:00+05:30,17.0,97,991.0,64,5.1,6.7,6.5,0.0,0.0,0.0,23,35,6,0,1,0.0,5.99,165.0
2024-02-05 00:00:00+05:30,15.5,99,990.6,2,6.2,7.2,7.2,0.0,0.0,0.0,0,36,0,0,0,0.0,9.16,70.0
2024-02-05 01:00:00+05:30,14.7,98,990.3,22,6.3,6.1,7.9,0.0,0.0,0.0,1,36,0,0,0,0.0,9.08,70.0
2024-02-05 02:00:00+05:30,15.2,97,990.1,1,5.1,7.0,8.3,0.0,0.0,0.0,2,36,0,0,0,0.0,6.56,70.0
2024-02-05 03:00:00+05:30,14.4,96,989.8,4,7.8,12.9,12.6,0.0,0.0,0.0,3,36,0,0,0,0.0,35.77,70.0
2024-02-05 04:00:00+05:30,13.8,95,989.8,11,9.9,20.2,16.6,0.0,0.0,0.0,4,36,0,0,0,0.0,50.0,70.0
2024-02-05 05:00:00+05:30,13.4,94,990.0,1,10.4,21.3,16.9,0.0,0.0,0.0,5,36,0,0,0,0.0,50.0,70.0
2024-02-05 06:00:00+05:30,14.0,92,990.9,0,11.4,23.0,19.8,0.0,0.0,0.0,6,36,0,0,0,0.0,50.0,70.0
2024-02-05 07:00:00+05:30,13.5,93,991.6,0,11.1,22.1,19.1,0.0,0.0,0.0,7,36,0,0,0,0.0,50.0,110.0
2024-02-05 08:00:00+05:30,14.5,90,992.4,0,12.1,21.0,19.8,198.7,43.0,129.4,8,36,0,0,0,23.34,50.0,110.0
2024-02-05 09:00:00+05:30,16.6,81,993.4,0,9.7,16.0,20.2,456.4,100.0,322.2,9,36,0,1,0,75.79,50.0,190.0
2024-02-05 10:00:00+05:30,19.2,69,993.8,0,10.1,13.0,22.7,616.4,132.0,508.1,10,36,0,1,0,124.24,50.0,190.0
2024-02-05 11:00:00+05:30,21.0,59,993.3,0,9.8,11.8,24.1,705.5,150.0,644.6,11,36,0,1,0,159.77,40.65,190.0
2024-02-05 12:00:00+05:30,22.1,55,992.4,9,6.8,8.2,23.8,746.9,160.0,713.8,12,36,0,1,0,180.0,12.98,190.0
2024-02-05 13:00:00+05:30,22.9,51,991.5,5,5.9,6.4,20.2,725.1,178.0,703.4,13,36,0,1,0,181.96,7.11,154.0
2024-02-05 14:00:00+05:30,23.4,48,990.5,32,5.5,6.2,18.7,704.8,173.0,630.1,14,36,0,1,0,171.49,5.63,190.0
2024-02-05 15:00:00+05:30,23.6,47,990.0,61,5.5,6.1,18.0,664.5,154.0,498.4,15,36,0,1,0,147.4,5.57,190.0
2024-02-05 16:00:00+05:30,23.3,47,989.7,24,7.1,7.9,17.3,549.8,133.0,316.3,16,36,0,1,0,107.03,12.98,190.0
2024-02-05 17:00:00+05:30,22.4,49,989.7,19,7.9,9.1,16.9,352.1,89.0,120.0,17,36,0,1,0,55.26,19.14,190.0
2024-02-05 18:00:00+05:30,19.9,53,990.4,26,10.2,18.0,16.2,97.7,25.0,0.0,18,36,0,0,1,0.0,50.0,165.0
2024-02-05 19:00:00+05:30,18.9,53,990.9,22,9.6,17.4,17.3,0.0,0.0,0.0,19,36,0,0,1,0.0,50.0,165.0
2024-02-05 20:00:00+05:30,18.1,54,991.5,23,9.2,17.1,15.8,0.0,0.0,0.0,20,36,0,0,1,0.0,50.0,165.0
2024-02-05 21:00:00+05:30,17.6,55,992.0,39,9.3,19.0,15.1,0.0,0.0,0.0,21,36,0,0,1,0.0,50.0,165.0
2024-02-05 22:00:00+05:30,16.3,62,992.3,40,9.7,18.6,15.5,0.0,0.0,0.0,22,36,0,0,1,0.0,50.0,165.0
2024-02-05 23:00:00+05:30,15.0,67,992.0,38,8.4,18.2,15.5,0.0,0.0,0.0,23,36,0,0,1,0.0,50.0,165.0
2024-02-06 00:00:00+05:30,14.3,66,991.6,67,8.9,18.3,14.0,0.0,0.0,0.0,0,37,1,0,0,0.0,50.0,70.0
2024-02-06 01:00:00+05:30,13.9,61,991.2,66,8.7,19.6,15.1,0.0,0.0,0.0,1,37,1,0,0,0.0,50.0,70.0
2024-02-06 02:00:00+05:30,13.6,58,990.8,21,9.5,20.0,15.1,0.0,0.0,0.0,2,37,1,0,0,0.0,50.0,70.0
2024-02-06 03:00:00+05:30,13.0,57,990.5,85,11.5,22.7,18.0,0.0,0.0,0.0,3,37,1,0,0,0.0,50.0,70.0
2024-02-06 04:00:00+05:30,12.7,56,990.6,72,12.3,23.8,19.8,0.0,0.0,0.0,4,37,1,0,0,0.0,50.0,70.0
2024-02-06 05:00:00+05:30,12.2,56,990.6,86,13.0,24.6,20.9,0.0,0.0,0.0,5,37,1,0,0,0.0,50.0,70.0
2024-02-06 06:00:00+05:30,12.7,58,991.9,83,12.7,24.2,20.5,0.0,0.0,0.0,6,37,1,0,0,0.0,50.0,70.0
2024-02-06 07:00:00+05:30,12.5,59,992.7,93,13.4,25.3,21.6,0.0,0.0,0.0,7,37,1,0,0,0.0,50.0,110.0
2024-02-06 08:00:00+05:30,13.9,57,993.3,86,14.4,25.6,23.0,182.8,46.0,130.3,8,37,1,0,0,23.02,50.0,110.0
2024-02-06 09:00:00+05:30,16.5,51,994.1,57,12.9,20.8,24.8,428.9,107.0,320.4,9,37,1,1,0,74.25,50.0,190.0
2024-02-06 10:00:00+05:30,19.2,47,994.6,56,12.9,17.0,26.6,589.2,142.0,505.5,10,37,1,1,0,122.37,50.0,190.0
2024-02-06 11:00:00+05:30,21.7,42,994.3,71,14.4,18.4,29.5,669.1,162.0,634.7,11,37,1,1,0,155.68,50.0,190.0
2024-02-06 12:00:00+05:30,23.2,35,993.4,46,15.1,18.8,31.7,721.0,174.0,711.8,12,37,1,1,0,177.33,50.0,190.0
2024-02-06 13:00:00+05:30,23.9,34,992.3,99,13.0,16.3,31.3,716.2,185.0,706.4,13,37,1,1,0,181.05,50.0,154.0
2024-02-06 14:00:00+05:30,24.3,33,991.5,100,11.3,13.8,28.4,644.3,202.0,619.9,14,37,1,1,0,165.77,50.0,190.0
2024-02-06 15:00:00+05:30,24.3,33,990.7,100,10.1,12.4,25.2,562.3,194.0,480.7,15,37,1,1,0,138.31,45.48,190.0
2024-02-06 16:00:00+05:30,23.9,34,990.5,100,9.5,11.4,22.3,451.7,162.0,304.5,16,37,1,1,0,99.33,36.27,190.0
2024-02-06 17:00:00+05:30,23.1,37,990.5,100,7.3,10.8,19.8,225.1,116.0,115.5,17,37,1,1,0,48.22,23.28,190.0
2024-02-06 18:00:00+05:30,20.1,43,991.9,99,11.5,21.7,20.9,70.1,30.0,0.0,18,37,1,0,1,0.0,50.0,165.0
2024-02-06 19:00:00+05:30,19.0,45,992.4,100,14.3,27.3,22.7,0.0,0.0,0.0,19,37,1,0,1,0.0,50.0,165.0
2024-02-06 20:00:00+05:30,18.1,46,992.9,99,16.1,29.9,26.3,0.0,0.0,0.0,20,37,1,0,1,0.0,50.0,165.0
2024-02-06 21:00:00+05:30,17.5,46,993.1,100,16.3,30.3,26.3,0.0,0.0,0.0,21,37,1,0,1,0.0,50.0,165.0
2024-02-06 22:00:00+05:30,17.0,47,993.0,100,16.8,30.9,27.4,0.0,0.0,0.0,22,37,1,0,1,0.0,50.0,165.0
2024-02-06 23:00:00+05:30,16.5,47,992.9,100,16.6,30.5,27.4,0.0,0.0,0.0,23,37,1,0,1,0.0,50.0,165.0
2024-02-07 00:00:00+05:30,15.9,49,992.5,100,16.5,30.2,26.6,0.0,0.0,0.0,0,38,2,0,0,0.0,50.0,70.0
2024-02-07 01:00:00+05:30,15.5,49,992.4,100,15.7,28.7,26.3,0.0,0.0,0.0,1,38,2,0,0,0.0,50.0,70.0
2024-02-07 02:00:00+05:30,14.9,51,991.9,95,15.0,27.5,25.2,0.0,0.0,0.0,2,38,2,0,0,0.0,50.0,70.0
2024-02-07 03:00:00+05:30,14.4,51,991.5,96,14.4,26.3,23.8,0.0,0.0,0.0,3,38,2,0,0,0.0,50.0,70.0
2024-02-07 04:00:00+05:30,14.4,50,991.2,100,14.4,25.9,23.8,0.0,0.0,0.0,4,38,2,0,0,0.0,50.0,70.0
2024-02-07 05:00:00+05:30,14.5,50,991.3,100,13.1,24.0,23.4,0.0,0.0,0.0,5,38,2,0,0,0.0,50.0,70.0
2024-02-07 06:00:00+05:30,15.8,51,992.4,100,13.8,24.2,22.7,0.0,0.0,0.0,6,38,2,0,0,0.0,50.0,70.0
2024-02-07 07:00:00+05:30,15.9,51,992.8,100,13.4,23.4,22.3,0.0,0.0,0.0,7,38,2,0,0,0.0,50.0,110.0
2024-02-07 08:00:00+05:30,16.5,50,993.8,100,11.7,21.6,21.2,20.9,41.0,79.0,8,38,2,0,0,10.84,50.0,110.0
2024-02-07 09:00:00+05:30,18.3,46,994.6,100,10.9,15.5,22.3,206.8,138.0,265.2,9,38,2,1,0,55.1,50.0,190.0
2024-02-07 10:00:00+05:30,20.4,43,995.3,100,9.3,11.6,22.0,445.1,174.0,459.5,10,38,2,1,0,107.13,36.96,190.0
2024-02-07 11:00:00+05:30,21.5,42,995.3,99,14.5,17.5,29.9,542.8,203.0,593.7,11,38,2,1,0,142.49,50.0,190.0
2024-02-07 12:00:00+05:30,22.9,41,994.7,100,13.1,15.7,29.9,551.3,246.0,662.4,12,38,2,1,0,160.52,50.0,190.0
2024-02-07 13:00:00+05:30,23.6,40,994.0,100,12.9,15.5,28.8,634.7,213.0,676.8,13,38,2,1,0,171.81,50.0,154.0
2024-02-07 14:00:00+05:30,23.5,40,993.2,98,12.7,15.6,28.4,540.6,190.0,541.5,14,38,2,1,0,145.87,50.0,190.0
2024-02-07 15:00:00+05:30,23.6,39,992.7,99,13.2,16.1,28.1,546.0,182.0,463.1,15,38,2,1,0,133.96,50.0,190.0
2024-02-07 16:00:00+05:30,23.2,39,992.7,99,13.4,16.3,27.7,554.7,135.0,323.7,16,38,2,1,0,108.42,50.0,190.0
2024-02-07 17:00:00+05:30,22.2,40,993.0,100,14.6,19.5,26.3,316.6,105.0,126.5,17,38,2,1,0,55.28,50.0,190.0
2024-02-07 18:00:00+05:30,19.9,44,994.1,99,13.2,24.3,27.0,112.4,28.0,0.0,18,38,2,0,1,0.0,50.0,165.0
2024-02-07 19:00:00+05:30,18.6,48,994.6,95,14.5,27.9,23.0,0.0,0.0,0.0,19,38,2,0,1,0.0,50.0,165.0
2024-02-07 20:00:00+05:30,17.6,49,995.4,97,16.5,30.7,26.6,0.0,0.0,0.0,20,38,2,0,1,0.0,50.0,165.0
2024-02-07 21:00:00+05:30,16.7,50,996.0,85,14.1,27.2,26.3,0.0,0.0,0.0,21,38,2,0,1,0.0,50.0,165.0
2024-02-07 22:00:00+05:30,15.9,51,996.1,30,13.2,27.0,22.3,0.0,0.0,0.0,22,38,2,0,1,0.0,50.0,165.0
2024-02-07 23:00:00+05:30,14.9,54,996.0,100,12.7,25.7,21.6,0.0,0.0,0.0,23,38,2,0,1,0.0,50.0,165.0
2024-02-08 00:00:00+05:30,14.0,58,995.8,86,13.0,25.1,21.2,0.0,0.0,0.0,0,39,3,0,0,0.0,50.0,70.0
2024-02-08 01:00:00+05:30,13.1,61,995.5,66,15.1,28.5,24.1,0.0,0.0,0.0,1,39,3,0,0,0.0,50.0,70.0
2024-02-08 02:00:00+05:30,12.8,61,995.1,2,15.4,29.7,25.2,0.0,0.0,0.0,2,39,3,0,0,0.0,50.0,70.0
2024-02-08 03:00:00+05:30,12.4,61,994.7,41,14.4,27.7,24.8,0.0,0.0,0.0,3,39,3,0,0,0.0,50.0,70.0
2024-02-08 04:00:00+05:30,11.7,64,994.3,7,12.9,25.5,23.0,0.0,0.0,0.0,4,39,3,0,0,0.0,50.0,70.0
2024-02-08 05:00:00+05:30,10.8,69,994.6,45,9.3,20.4,20.5,0.0,0.0,0.0,5,39,3,0,0,0.0,50.0,70.0
2024-02-08 06:00:00+05:30,10.7,71,996.1,49,10.2,21.3,17.6,0.0,0.0,0.0,6,39,3,0,0,0.0,50.0,70.0
2024-02-08 07:00:00+05:30,10.1,75,996.6,33,8.7,19.5,16.2,0.0,1.0,16.8,7,39,3,0,0,0.0,50.0,110.0
2024-02-08 08:00:00+05:30,11.7,69,997.4,62,10.0,17.7,17.3,227.5,48.0,144.4,8,39,3,0,0,26.7,50.0,110.0
2024-02-08 09:00:00+05:30,14.7,58,998.0,33,8.0,16.0,18.4,439.4,116.0,338.6,9,39,3,1,0,77.99,50.0,190.0
2024-02-08 10:00:00+05:30,17.8,47,998.2,18,9.9,13.0,22.3,634.5,144.0,538.1,10,39,3,1,0,130.3,50.0,190.0
2024-02-08 11:00:00+05:30,19.6,38,998.0,38,12.3,15.6,27.4,745.7,155.0,685.0,11,39,3,1,0,168.78,50.0,190.0
2024-02-08 12:00:00+05:30,20.9,32,997.1,11,11.9,14.5,28.4,781.5,168.0,755.9,12,39,3,1,0,189.02,50.0,190.0
2024-02-08 13:00:00+05:30,21.9,29,995.8,9,12.1,14.7,27.7,792.2,171.0,754.0,13,39,3,1,0,194.09,50.0,154.0
2024-02-08 14:00:00+05:30,22.4,28,994.6,4,11.9,14.3,27.7,785.6,160.0,679.9,14,39,3,1,0,184.47,50.0,190.0
2024-02-08 15:00:00+05:30,22.6,26,993.9,57,11.8,14.4,26.6,734.2,147.0,537.7,15,39,3,1,0,158.37,50.0,190.0
2024-02-08 16:00:00+05:30,22.5,24,993.3,0,11.3,14.2,25.6,624.7,129.0,347.9,16,39,3,1,0,117.16,50.0,190.0
2024-02-08 17:00:00+05:30,21.6,24,992.9,0,9.4,13.0,23.0,454.4,91.0,144.6,17,39,3,1,0,66.26,45.42,190.0
2024-02-08 18:00:00+05:30,17.4,35,992.7,0,8.5,9.2,12.6,136.5,29.0,0.0,18,39,3,0,1,0.0,23.42,165.0
2024-02-08 19:00:00+05:30,16.8,36,993.1,0,8.2,8.6,10.1,0.0,0.0,0.0,19,39,3,0,1,0.0,20.99,165.0
2024-02-08 20:00:00+05:30,16.5,36,993.2,0,7.6,8.7,9.0,0.0,0.0,0.0,20,39,3,0,1,0.0,17.16,165.0
2024-02-08 21:00:00+05:30,15.9,37,993.1,0,7.9,9.0,9.4,0.0,0.0,0.0,21,39,3,0,1,0.0,19.25,165.0
2024-02-08 22:00:00+05:30,17.0,33,993.4,0,7.0,8.4,9.4,0.0,0.0,0.0,22,39,3,0,1,0.0,14.37,165.0
2024-02-08 23:00:00+05:30,14.8,39,992.8,0,4.6,6.3,7.9,0.0,0.0,0.0,23,39,3,0,1,0.0,4.57,165.0
2024-02-09 00:00:00+05:30,11.9,49,992.1,0,5.8,4.9,7.9,0.0,0.0,0.0,0,40,4,0,0,0.0,6.97,70.0
2024-02-09 01:00:00+05:30,10.3,58,991.5,0,7.1,4.3,8.6,0.0,0.0,0.0,1,40,4,0,0,0.0,13.6,70.0
2024-02-09 02:00:00+05:30,10.1,59,991.2,0,4.9,3.6,8.3,0.0,0.0,0.0,2,40,4,0,0,0.0,3.87,70.0
2024-02-09 03:00:00+05:30,10.2,60,990.7,0,5.4,6.2,9.4,0.0,0.0,0.0,3,40,4,0,0,0.0,5.73,70.0
2024-02-09 04:00:00+05:30,8.9,64,990.5,0,6.6,5.5,9.0,0.0,0.0,0.0,4,40,4,0,0,0.0,10.79,70.0
2024-02-09 05:00:00+05:30,8.3,65,990.6,0,5.7,3.4,9.0,0.0,0.0,0.0,5,40,4,0,0,0.0,6.64,70.0
2024-02-09 06:00:00+05:30,8.1,74,991.8,0,7.4,6.9,9.0,0.0,0.0,0.0,6,40,4,0,0,0.0,15.64,70.0
2024-02-09 07:00:00+05:30,8.1,72,992.4,0,6.6,7.6,9.7,0.0,1.0,15.4,7,40,4,0,0,0.0,11.37,110.0
2024-02-09 08:00:00+05:30,11.2,60,993.6,0,9.0,10.1,14.0,245.7,49.0,150.3,8,40,4,0,0,28.22,28.61,110.0
2024-02-09 09:00:00+05:30,15.4,47,994.6,0,6.6,11.7,15.8,522.7,104.0,361.0,9,40,4,1,0,84.75,24.14,190.0
2024-02-09 10:00:00+05:30,19.0,36,995.4,0,6.6,8.9,17.6,682.6,134.0,557.2,10,40,4,1,0,134.8,14.65,190.0
2024-02-09 11:00:00+05:30,21.3,25,995.2,0,8.7,10.9,22.0,767.8,152.0,699.9,11,40,4,1,0,170.85,30.24,190.0
2024-02-09 12:00:00+05:30,22.5,22,994.5,0,9.4,11.2,23.8,809.2,162.0,773.3,12,40,4,1,0,191.71,34.98,190.0
2024-02-09 13:00:00+05:30,23.5,20,993.3,0,9.7,11.6,24.1,821.6,165.0,772.8,13,40,4,1,0,197.11,38.6,154.0
2024-02-09 14:00:00+05:30,24.0,18,992.0,0,9.7,11.5,24.1,805.4,160.0,696.1,14,40,4,1,0,186.81,37.9,190.0
2024-02-09 15:00:00+05:30,24.2,17,991.6,0,9.4,11.2,23.4,757.3,147.0,553.2,15,40,4,1,0,161.13,34.68,190.0
2024-02-09 16:00:00+05:30,23.8,18,991.4,0,9.0,11.2,22.0,660.1,127.0,362.2,16,40,4,1,0,121.04,32.77,190.0
2024-02-09 17:00:00+05:30,22.6,21,991.6,0,7.2,11.9,19.4,473.4,93.0,151.2,17,40,4,1,0,68.37,27.19,190.0
2024-02-09 18:00:00+05:30,18.0,27,991.8,0,10.2,12.6,14.0,151.6,30.0,0.0,18,40,4,0,1,0.0,50.0,165.0
2024-02-09 19:00:00+05:30,16.1,32,992.3,0,9.7,10.6,11.9,0.0,0.0,0.0,19,40,4,0,1,0.0,35.38,165.0
2024-02-09 20:00:00+05:30,15.9,35,992.8,0,7.6,14.1,11.5,0.0,0.0,0.0,20,40,4,0,1,0.0,40.27,165.0
2024-02-09 21:00:00+05:30,15.5,36,993.1,0,8.7,17.1,13.3,0.0,0.0,0.0,21,40,4,0,1,0.0,50.0,165.0
2024-02-09 22:00:00+05:30,14.3,42,993.6,0,11.6,25.2,17.6,0.0,0.0,0.0,22,40,4,0,1,0.0,50.0,165.0
2024-02-09 23:00:00+05:30,13.6,42,993.5,0,10.8,24.6,19.1,0.0,0.0,0.0,23,40,4,0,1,0.0,50.0,165.0
2024-02-10 00:00:00+05:30,12.6,45,993.3,0,10.1,23.0,17.3,0.0,0.0,0.0,0,41,5,0,0,0.0,50.0,70.0
2024-02-10 01:00:00+05:30,12.1,46,993.0,0,10.4,23.1,16.6,0.0,0.0,0.0,1,41,5,0,0,0.0,50.0,70.0
2024-02-10 02:00:00+05:30,11.6,47,992.4,0,9.8,22.7,16.6,0.0,0.0,0.0,2,41,5,0,0,0.0,50.0,70.0
2024-02-10 03:00:00+05:30,11.2,49,992.3,0,9.7,22.3,15.8,0.0,0.0,0.0,3,41,5,0,0,0.0,50.0,70.0
2024-02-10 04:00:00+05:30,10.7,52,992.4,0,10.5,22.7,16.6,0.0,0.0,0.0,4,41,5,0,0,0.0,50.0,70.0
2024-02-10 05:00:00+05:30,10.3,55,992.6,0,11.1,23.4,17.6,0.0,0.0,0.0,5,41,5,0,0,0.0,50.0,70.0
2024-02-10 06:00:00+05:30,10.9,60,993.8,0,12.1,25.9,19.8,0.0,0.0,0.0,6,41,5,0,0,0.0,50.0,70.0
2024-02-10 07:00:00+05:30,10.8,59,994.5,0,12.8,26.6,20.2,0.0,1.0,14.2,7,41,5,0,0,0.0,50.0,110.0
2024-02-10 08:00:00+05:30,12.7,52,995.4,0,15.6,27.7,24.8,250.0,50.0,152.7,8,41,5,0,0,28.59,50.0,110.0
2024-02-10 09:00:00+05:30,15.9,44,996.4,0,13.4,28.1,25.9,524.0,105.0,364.3,9,41,5,0,0,85.03,50.0,130.0
2024-02-10 10:00:00+05:30,19.3,37,996.6,0,14.5,19.8,28.4,682.1,136.0,561.5,10,41,5,0,0,135.1,50.0,130.0
2024-02-10 11:00:00+05:30,22.0,28,996.3,0,17.3,22.3,34.6,768.3,154.0,705.1,11,41,5,0,0,170.98,50.0,130.0
2024-02-10 12:00:00+05:30,23.6,21,995.6,0,17.0,21.3,34.6,809.2,164.0,778.4,12,41,5,0,0,191.38,50.0,130.0
2024-02-10 13:00:00+05:30,24.5,19,994.4,0,15.8,19.8,34.2,820.2,166.0,775.8,13,41,5,0,0,196.41,50.0,112.0
2024-02-10 14:00:00+05:30,25.1,18,993.4,0,14.9,18.6,32.8,802.6,161.0,698.2,14,41,5,0,0,185.85,50.0,130.19
2024-02-10 15:00:00+05:30,25.1,17,992.8,0,14.2,17.7,31.0,753.0,148.0,554.4,15,41,5,0,0,160.23,50.0,130.19
2024-02-10 16:00:00+05:30,24.7,17,992.8,0,14.0,17.9,28.8,653.4,127.0,361.9,16,41,5,0,0,119.85,50.0,130.0
2024-02-10 17:00:00+05:30,23.6,18,993.1,0,12.9,19.4,27.0,465.1,94.0,151.9,17,41,5,0,0,67.58,50.0,130.0
2024-02-10 18:00:00+05:30,19.4,27,993.6,0,7.4,17.9,20.5,149.6,30.0,0.0,18,41,5,0,1,0.0,50.0,165.0
2024-02-10 19:00:00+05:30,17.9,34,994.0,0,7.9,18.7,11.9,0.0,0.0,0.0,19,41,5,0,1,0.0,50.0,165.0
2024-02-10 20:00:00+05:30,16.9,39,994.6,0,8.2,19.4,12.6,0.0,0.0,0.0,20,41,5,0,1,0.0,50.0,165.0
2024-02-10 21:00:00+05:30,16.0,41,994.9,0,8.9,20.0,14.0,0.0,0.0,0.0,21,41,5,0,1,0.0,50.0,165.0
2024-02-10 22:00:00+05:30,14.9,44,995.0,0,10.0,21.2,15.8,0.0,0.0,0.0,22,41,5,0,1,0.0,50.0,165.0
2024-02-10 23:00:00+05:30,14.0,45,994.7,0,10.7,21.3,16.9,0.0,0.0,0.0,23,41,5,0,1,0.0,50.0,165.0
2024-02-11 00:00:00+05:30,13.4,45,994.0,0,7.9,17.4,16.9,0.0,0.0,0.0,0,42,6,0,0,0.0,50.0,70.0
2024-02-11 01:00:00+05:30,11.6,52,993.5,0,9.2,13.0,12.2,0.0,0.0,0.0,1,42,6,0,0,0.0,45.72,70.0
2024-02-11 02:00:00+05:30,11.5,53,993.1,0,7.9,14.1,12.2,0.0,0.0,0.0,2,42,6,0,0,0.0,43.06,70.0
2024-02-11 03:00:00+05:30,10.9,56,992.7,0,12.9,20.2,20.9,0.0,0.0,0.0,3,42,6,0,0,0.0,50.0,70.0
2024-02-11 04:00:00+05:30,10.5,57,992.7,0,10.8,20.1,20.5,0.0,0.0,0.0,4,42,6,0,0,0.0,50.0,70.0
2024-02-11 05:00:00+05:30,10.0,57,992.9,0,12.2,21.1,19.4,0.0,0.0,0.0,5,42,6,0,0,0.0,50.0,70.0
2024-02-11 06:00:00+05:30,10.8,52,993.9,0,12.5,23.0,21.2,0.0,0.0,0.0,6,42,6,0,0,0.0,50.0,70.0
2024-02-11 07:00:00+05:30,10.4,53,994.5,0,11.2,21.3,20.2,0.0,1.0,13.1,7,42,6,0,0,0.0,50.0,110.0
2024-02-11 08:00:00+05:30,12.3,50,995.6,0,12.2,19.5,20.5,247.4,51.0,153.3,8,42,6,0,0,28.71,50.0,110.0
2024-02-11 09:00:00+05:30,15.6,44,996.7,2,9.3,18.6,20.5,516.5,106.0,363.7,9,42,6,0,0,84.57,50.0,70.0
2024-02-11 10:00:00+05:30,19.1,36,997.2,4,8.7,12.1,21.2,673.9,136.0,558.9,10,42,6,0,0,134.17,36.65,70.0
2024-02-11 11:00:00+05:30,22.0,29,996.8,0,9.7,11.9,23.4,756.5,154.0,699.5,11,42,6,0,0,169.24,40.7,70.0
2024-02-11 12:00:00+05:30,23.5,22,995.9,0,10.2,12.5,25.2,798.4,164.0,773.2,12,42,6,0,0,189.8,47.09,70.0
2024-02-11 13:00:00+05:30,24.2,20,994.8,0,10.6,12.6,25.6,810.9,166.0,771.9,13,42,6,0,0,195.26,50.0,70.0
2024-02-11 14:00:00+05:30,24.6,19,993.9,0,10.4,12.5,25.6,794.4,160.0,694.5,14,42,6,0,0,184.89,50.0,70.0
2024-02-11 15:00:00+05:30,24.6,19,993.1,37,12.0,14.6,26.3,744.0,149.0,552.9,15,42,6,0,0,159.52,50.0,70.0
2024-02-11 16:00:00+05:30,24.3,18,993.0,74,12.7,15.8,25.9,640.6,130.0,361.5,16,42,6,0,0,119.05,50.0,70.0
2024-02-11 17:00:00+05:30,23.2,20,992.9,97,13.0,17.8,25.6,433.6,100.0,151.3,17,42,6,0,0,65.89,50.0,70.0
2024-02-11 18:00:00+05:30,19.7,25,993.0,4,7.4,16.6,19.4,147.7,32.0,0.0,18,42,6,0,1,0.0,50.0,165.0
2024-02-11 19:00:00+05:30,18.5,29,993.5,2,8.4,19.7,13.0,0.0,0.0,0.0,19,42,6,0,1,0.0,50.0,165.0
2024-02-11 20:00:00+05:30,17.9,30,993.9,0,11.6,25.6,18.7,0.0,0.0,0.0,20,42,6,0,1,0.0,50.0,165.0
2024-02-11 21:00:00+05:30,16.9,31,994.3,0,10.9,24.6,18.7,0.0,0.0,0.0,21,42,6,0,1,0.0,50.0,165.0
2024-02-11 22:00:00+05:30,16.1,32,994.5,0,11.1,25.0,17.6,0.0,0.0,0.0,22,42,6,0,1,0.0,50.0,165.0
2024-02-11 23:00:00+05:30,15.4,33,994.3,0,11.8,25.5,19.1,0.0,0.0,0.0,23,42,6,0,1,0.0,50.0,165.0
2024-02-12 00:00:00+05:30,14.7,34,993.6,77,10.9,24.7,19.4,0.0,0.0,0.0,0,43,0,0,0,0.0,50.0,70.0
2024-02-12 01:00:00+05:30,13.2,39,993.3,7,10.0,21.4,17.3,0.0,0.0,0.0,1,43,0,0,0,0.0,50.0,70.0
2024-02-12 02:00:00+05:30,12.1,43,993.0,11,10.0,21.0,16.2,0.0,0.0,0.0,2,43,0,0,0,0.0,50.0,70.0
2024-02-12 03:00:00+05:30,11.8,44,992.3,56,11.5,23.1,18.7,0.0,0.0,0.0,3,43,0,0,0,0.0,50.0,70.0
2024-02-12 04:00:00+05:30,11.5,46,992.0,100,13.0,25.2,20.9,0.0,0.0,0.0,4,43,0,0,0,0.0,50.0,70.0
2024-02-12 05:00:00+05:30,11.6,45,992.1,98,12.5,24.8,21.6,0.0,0.0,0.0,5,43,0,0,0,0.0,50.0,70.0
2024-02-12 06:00:00+05:30,10.7,53,993.0,82,11.5,20.9,21.6,0.0,0.0,0.0,6,43,0,0,0,0.0,50.0,70.0
2024-02-12 07:00:00+05:30,10.2,55,993.4,100,12.3,20.8,19.4,0.0,1.0,12.2,7,43,0,0,0,0.0,50.0,110.0
2024-02-12 08:00:00+05:30,12.2,50,994.3,99,13.6,20.8,22.7,165.4,59.0,145.2,8,43,0,0,0,25.02,50.0,110.0
2024-02-12 09:00:00+05:30,15.5,43,995.2,100,10.7,21.0,23.0,446.8,120.0,351.7,9,43,0,1,0,79.72,50.0,190.0
2024-02-12 10:00:00+05:30,18.7,37,995.2,97,11.0,15.5,24.1,433.1,206.0,495.8,10,43,0,1,0,112.96,50.0,190.0
2024-02-12 11:00:00+05:30,21.8,31,994.9,100,10.8,14.1,24.8,511.7,249.0,630.6,11,43,0,1,0,146.4,50.0,190.0
2024-02-12 12:00:00+05:30,23.3,25,993.8,100,10.0,12.1,25.2,464.7,303.0,665.2,12,43,0,1,0,155.69,43.3,190.0
2024-02-12 13:00:00+05:30,23.3,24,992.2,91,10.8,13.4,25.9,111.5,381.0,460.6,13,43,0,1,0,104.1,50.0,154.0
2024-02-12 14:00:00+05:30,24.1,22,991.1,100,8.4,10.0,23.8,364.1,311.0,544.9,14,43,0,1,0,136.74,24.46,190.0
2024-02-12 15:00:00+05:30,23.9,22,990.4,91,8.4,10.2,21.6,128.3,291.0,334.0,15,43,0,1,0,85.24,25.33,190.0
2024-02-12 16:00:00+05:30,23.6,23,990.3,7,9.2,11.2,20.5,82.1,216.0,210.6,16,43,0,1,0,58.82,33.73,190.0
2024-02-12 17:00:00+05:30,23.0,24,990.6,4,8.3,11.1,19.4,396.2,102.0,146.7,17,43,0,1,0,62.71,29.02,190.0
2024-02-12 18:00:00+05:30,19.8,30,991.5,0,7.4,15.4,14.8,154.0,31.0,0.0,18,43,0,0,1,0.0,44.66,165.0
2024-02-12 19:00:00+05:30,18.3,34,991.8,1,7.7,15.5,12.2,0.0,0.0,0.0,19,43,0,0,1,0.0,47.86,165.0
2024-02-12 20:00:00+05:30,16.8,38,992.2,3,10.2,11.7,13.0,0.0,0.0,0.0,20,43,0,0,1,0.0,42.79,165.0
2024-02-12 21:00:00+05:30,17.2,38,992.9,5,13.9,24.1,20.5,0.0,0.0,0.0,21,43,0,0,1,0.0,50.0,165.0
2024-02-12 22:00:00+05:30,17.0,35,992.9,60,16.2,31.8,25.9,0.0,0.0,0.0,22,43,0,0,1,0.0,50.0,165.0
2024-02-12 23:00:00+05:30,15.6,43,992.7,0,14.2,28.0,25.9,0.0,0.0,0.0,23,43,0,0,1,0.0,50.0,165.0
2024-02-13 00:00:00+05:30,14.5,47,992.5,0,14.5,28.5,23.4,0.0,0.0,0.0,0,44,1,0,0,0.0,50.0,70.0
2024-02-13 01:00:00+05:30,13.9,47,992.2,0,15.5,29.2,24.8,0.0,0.0,0.0,1,44,1,0,0,0.0,50.0,70.0
2024-02-13 02:00:00+05:30,13.5,47,991.7,0,14.7,28.4,24.8,0.0,0.0,0.0,2,44,1,0,0,0.0,50.0,70.0
2024-02-13 03:00:00+05:30,12.7,50,991.3,16,13.0,25.1,23.8,0.0,0.0,0.0,3,44,1,0,0,0.0,50.0,70.0
2024-02-13 04:00:00+05:30,12.3,52,990.9,6,12.8,24.9,21.2,0.0,0.0,0.0,4,44,1,0,0,0.0,50.0,70.0
2024-02-13 05:00:00+05:30,11.8,55,991.2,0,13.4,25.3,21.6,0.0,0.0,0.0,5,44,1,0,0,0.0,50.0,70.0
2024-02-13 06:00:00+05:30,11.5,63,992.3,0,12.8,22.9,20.5,0.0,0.0,0.0,6,44,1,0,0,0.0,50.0,70.0
2024-02-13 07:00:00+05:30,11.2,65,993.1,0,13.3,24.2,21.2,0.0,1.0,11.4,7,44,1,0,0,0.0,50.0,110.0
2024-02-13 08:00:00+05:30,12.8,60,993.6,13,15.3,26.3,24.5,248.8,51.0,152.7,8,44,1,0,0,28.79,50.0,110.0
2024-02-13 09:00:00+05:30,15.9,50,994.1,0,13.1,23.5,25.9,493.2,106.0,356.2,9,44,1,1,0,82.01,50.0,190.0
2024-02-13 10:00:00+05:30,19.6,41,994.5,0,11.8,15.5,25.6,653.9,134.0,549.0,10,44,1,1,0,130.9,50.0,190.0
2024-02-13 11:00:00+05:30,22.3,33,994.3,0,12.0,14.8,27.0,733.2,153.0,687.3,11,44,1,1,0,165.39,50.0,190.0
2024-02-13 12:00:00+05:30,23.7,31,993.1,0,12.5,15.0,28.4,771.6,163.0,757.6,12,44,1,1,0,185.22,50.0,190.0
2024-02-13 13:00:00+05:30,24.6,28,992.1,1,10.8,13.0,28.4,782.0,165.0,755.1,13,44,1,1,0,190.09,50.0,154.0
2024-02-13 14:00:00+05:30,25.1,26,991.3,27,8.7,10.3,25.9,767.1,160.0,681.5,14,44,1,1,0,180.24,26.92,190.19
2024-02-13 15:00:00+05:30,25.2,25,990.7,95,8.4,10.0,22.7,699.4,156.0,539.0,15,44,1,1,0,153.71,24.36,190.48
2024-02-13 16:00:00+05:30,24.6,25,990.7,100,10.0,11.9,21.2,185.5,210.0,247.8,16,44,1,1,0,72.2,41.75,190.0
2024-02-13 17:00:00+05:30,23.9,25,991.0,100,10.5,13.5,20.9,183.0,126.0,120.8,17,44,1,1,0,46.21,50.0,190.0
2024-02-13 18:00:00+05:30,20.8,32,991.7,100,6.8,14.2,14.8,64.1,36.0,0.0,18,44,1,0,1,0.0,34.56,165.0
2024-02-13 19:00:00+05:30,20.3,34,991.9,100,7.1,15.5,11.9,0.0,0.0,0.0,19,44,1,0,1,0.0,42.71,165.0
2024-02-13 20:00:00+05:30,19.6,36,992.4,100,11.5,23.3,17.6,0.0,0.0,0.0,20,44,1,0,1,0.0,50.0,165.0
2024-02-13 21:00:00+05:30,19.4,32,993.2,100,18.0,31.5,29.2,0.0,0.0,0.0,21,44,1,0,1,0.0,50.0,165.0
2024-02-13 22:00:00+05:30,19.0,33,993.8,96,17.2,30.1,29.9,0.0,0.0,0.0,22,44,1,0,1,0.0,50.0,165.0
2024-02-13 23:00:00+05:30,18.2,36,993.5,99,16.2,29.3,28.1,0.0,0.0,0.0,23,44,1,0,1,0.0,50.0,165.0
2024-02-14 00:00:00+05:30,17.4,38,993.1,100,13.5,26.6,26.3,0.0,0.0,0.0,0,45,2,0,0,0.0,50.0,70.0
2024-02-14 01:00:00+05:30,17.3,39,992.8,100,12.6,24.3,21.6,0.0,0.0,0.0,1,45,2,0,0,0.0,50.0,70.0
2024-02-14 02:00:00+05:30,17.0,40,992.3,7,11.8,23.2,20.5,0.0,0.0,0.0,2,45,2,0,0,0.0,50.0,70.0
2024-02-14 03:00:00+05:30,15.2,46,992.1,20,11.7,23.0,18.7,0.0,0.0,0.0,3,45,2,0,0,0.0,50.0,70.0
2024-02-14 04:00:00+05:30,14.5,47,992.0,0,13.1,26.0,21.2,0.0,0.0,0.0,4,45,2,0,0,0.0,50.0,70.0
2024-02-14 05:00:00+05:30,13.9,48,992.2,0,14.1,27.4,22.7,0.0,0.0,0.0,5,45,2,0,0,0.0,50.0,70.0
2024-02-14 06:00:00+05:30,13.9,54,992.8,0,15.6,29.4,25.2,0.0,0.0,0.0,6,45,2,0,0,0.0,50.0,70.0
2024-02-14 07:00:00+05:30,13.4,56,993.6,0,15.5,29.3,25.6,0.0,1.0,10.6,7,45,2,0,0,0.0,50.0,110.0
2024-02-14 08:00:00+05:30,14.8,53,994.5,0,15.9,27.7,25.6,252.6,53.0,156.6,8,45,2,0,0,29.31,50.0,110.0
2024-02-14 09:00:00+05:30,17.7,45,995.4,0,13.0,23.3,25.2,513.7,106.0,367.0,9,45,2,1,0,83.85,50.0,190.0
2024-02-14 10:00:00+05:30,20.9,36,995.6,0,16.0,21.1,30.6,666.4,137.0,562.3,10,45,2,1,0,132.76,50.0,190.0
2024-02-14 11:00:00+05:30,22.7,29,995.2,0,16.2,20.3,33.8,750.1,155.0,704.3,11,45,2,1,0,168.44,50.0,190.0
2024-02-14 12:00:00+05:30,23.8,25,994.3,0,13.7,16.9,33.1,791.8,165.0,778.1,12,45,2,1,0,189.2,50.0,190.0
2024-02-14 13:00:00+05:30,24.7,22,993.3,0,13.8,16.9,30.2,805.5,167.0,777.9,13,45,2,1,0,194.69,50.0,154.0
2024-02-14 14:00:00+05:30,25.1,19,992.2,0,14.4,17.8,31.0,790.5,163.0,703.4,14,45,2,1,0,184.95,50.0,190.19
2024-02-14 15:00:00+05:30,25.2,19,991.7,0,14.3,17.9,31.0,745.7,149.0,561.7,15,45,2,1,0,159.89,50.0,190.48
2024-02-14 16:00:00+05:30,24.9,19,991.5,0,14.2,17.9,29.5,651.9,129.0,371.8,16,45,2,1,0,120.45,50.0,190.0
2024-02-14 17:00:00+05:30,24.1,19,991.7,0,13.0,17.7,27.4,472.5,96.0,161.3,17,45,2,1,0,68.86,50.0,190.0
2024-02-14 18:00:00+05:30,20.9,26,992.1,0,8.0,18.0,19.8,158.3,34.0,0.0,18,45,2,0,1,0.0,50.0,165.0
2024-02-14 19:00:00+05:30,19.2,30,992.4,0,8.2,19.0,12.6,0.0,0.0,0.0,19,45,2,0,1,0.0,50.0,165.0
2024-02-14 20:00:00+05:30,18.2,34,992.8,0,10.0,22.2,15.8,0.0,0.0,0.0,20,45,2,0,1,0.0,50.0,165.0
2024-02-14 21:00:00+05:30,17.1,38,993.0,0,10.6,22.8,16.9,0.0,0.0,0.0,21,45,2,0,1,0.0,50.0,165.0
2024-02-14 22:00:00+05:30,16.0,42,993.1,0,10.5,21.7,17.3,0.0,0.0,0.0,22,45,2,0,1,0.0,50.0,165.0
2024-02-14 23:00:00+05:30,15.0,44,992.9,0,10.7,22.3,17.6,0.0,0.0,0.0,23,45,2,0,1,0.0,50.0,165.0
2024-02-15 00:00:00+05:30,14.4,44,993.0,0,12.4,24.4,19.1,0.0,0.0,0.0,0,46,3,0,0,0.0,50.0,70.0
2024-02-15 01:00:00+05:30,14.0,43,992.9,0,13.6,27.2,21.6,0.0,0.0,0.0,1,46,3,0,0,0.0,50.0,70.0
2024-02-15 02:00:00+05:30,13.8,43,992.5,0,14.0,28.4,22.7,0.0,0.0,0.0,2,46,3,0,0,0.0,50.0,70.0
2024-02-15 03:00:00+05:30,13.4,44,992.4,0,13.1,26.8,22.7,0.0,0.0,0.0,3,46,3,0,0,0.0,50.0,70.0
2024-02-15 04:00:00+05:30,12.6,47,992.4,0,11.8,23.8,20.9,0.0,0.0,0.0,4,46,3,0,0,0.0,50.0,70.0
2024-02-15 05:00:00+05:30,12.1,50,992.5,0,12.0,23.9,19.1,0.0,0.0,0.0,5,46,3,0,0,0.0,50.0,70.0
2024-02-15 06:00:00+05:30,12.5,56,993.2,0,14.3,27.5,23.0,0.0,0.0,0.0,6,46,3,0,0,0.0,50.0,70.0
2024-02-15 07:00:00+05:30,12.4,58,993.7,0,13.8,26.1,23.0,0.0,2.0,19.9,7,46,3,0,0,0.0,50.0,110.0
2024-02-15 08:00:00+05:30,14.4,52,994.4,0,14.6,25.3,23.8,256.1,55.0,160.5,8,46,3,0,0,30.07,50.0,110.0
2024-02-15 09:00:00+05:30,17.7,44,995.4,0,11.8,20.9,23.8,514.5,107.0,370.2,9,46,3,1,0,84.25,50.0,190.0
2024-02-15 10:00:00+05:30,20.9,38,995.5,0,10.8,14.3,24.5,665.8,138.0,565.4,10,46,3,1,0,133.01,50.0,190.0
2024-02-15 11:00:00+05:30,23.9,35,995.1,0,10.9,13.9,25.6,749.0,156.0,707.3,11,46,3,1,0,167.78,50.0,190.0
2024-02-15 12:00:00+05:30,25.6,30,994.2,0,9.8,11.9,26.3,789.1,166.0,780.0,12,46,3,1,0,187.67,40.65,192.11
2024-02-15 13:00:00+05:30,26.4,27,993.2,0,7.2,8.4,24.5,800.3,168.0,777.9,13,46,3,1,0,192.74,14.47,160.61
2024-02-15 14:00:00+05:30,27.0,24,992.3,0,5.8,6.8,20.9,785.2,162.0,701.7,14,46,3,1,0,182.57,7.2,200.71
2024-02-15 15:00:00+05:30,27.2,23,991.6,0,7.1,8.2,19.1,736.9,151.0,561.1,15,46,3,1,0,157.7,13.53,202.18
2024-02-15 16:00:00+05:30,26.8,23,991.5,0,9.1,10.7,19.8,643.6,129.0,370.5,16,46,3,1,0,118.53,30.4,199.29
2024-02-15 17:00:00+05:30,25.8,24,991.5,0,10.0,13.4,19.8,464.8,96.0,161.3,17,46,3,1,0,67.7,50.0,193.11
2024-02-15 18:00:00+05:30,22.6,33,991.7,0,7.6,17.5,17.3,164.2,34.0,0.0,18,46,3,0,1,0.0,50.0,165.0
2024-02-15 19:00:00+05:30,21.2,36,992.3,0,9.0,19.7,14.0,0.0,0.0,0.0,19,46,3,0,1,0.0,50.0,165.0
2024-02-15 20:00:00+05:30,20.6,37,992.9,0,11.3,25.3,18.0,0.0,0.0,0.0,20,46,3,0,1,0.0,50.0,165.0
2024-02-15 21:00:00+05:30,19.7,37,993.1,0,10.9,24.1,18.7,0.0,0.0,0.0,21,46,3,0,1,0.0,50.0,165.0
2024-02-15 22:00:00+05:30,18.6,40,993.3,0,10.2,22.7,17.3,0.0,0.0,0.0,22,46,3,0,1,0.0,50.0,165.0
2024-02-15 23:00:00+05:30,17.2,45,993.2,0,12.5,25.8,19.8,0.0,0.0,0.0,23,46,3,0,1,0.0,50.0,165.0
2024-02-16 00:00:00+05:30,16.4,48,992.9,0,11.4,23.7,19.8,0.0,0.0,0.0,0,47,4,0,0,0.0,50.0,70.0
2024-02-16 01:00:00+05:30,15.4,52,992.7,0,10.1,20.5,18.0,0.0,0.0,0.0,1,47,4,0,0,0.0,50.0,70.0
2024-02-16 02:00:00+05:30,14.7,57,992.7,0,9.3,19.2,16.6,0.0,0.0,0.0,2,47,4,0,0,0.0,50.0,70.0
2024-02-16 03:00:00+05:30,14.3,61,992.3,0,9.2,19.2,15.1,0.0,0.0,0.0,3,47,4,0,0,0.0,50.0,70.0
2024-02-16 04:00:00+05:30,14.0,65,992.2,0,8.7,19.1,15.1,0.0,0.0,0.0,4,47,4,0,0,0.0,50.0,70.0
2024-02-16 05:00:00+05:30,13.7,67,992.1,0,9.3,19.1,15.1,0.0,0.0,0.0,5,47,4,0,0,0.0,50.0,70.0
2024-02-16 06:00:00+05:30,13.4,74,992.8,0,10.4,20.2,16.9,0.0,0.0,0.0,6,47,4,0,0,0.0,50.0,70.0
2024-02-16 07:00:00+05:30,12.9,78,993.7,0,10.8,21.1,17.3,0.0,2.0,18.7,7,47,4,0,0,0.0,50.0,110.0
2024-02-16 08:00:00+05:30,15.3,68,994.7,0,13.0,22.4,21.6,263.6,55.0,162.7,8,47,4,0,0,30.51,50.0,110.0
2024-02-16 09:00:00+05:30,19.0,55,995.6,0,11.3,23.8,22.7,520.7,108.0,375.8,9,47,4,1,0,84.83,50.0,190.0
2024-02-16 10:00:00+05:30,22.5,45,996.1,0,11.7,15.9,25.2,672.4,139.0,573.0,10,47,4,1,0,133.45,50.0,190.0
2024-02-16 11:00:00+05:30,25.1,31,995.6,0,12.2,15.5,27.4,755.2,157.0,715.6,11,47,4,1,0,168.31,50.0,190.19
2024-02-16 12:00:00+05:30,26.6,23,994.8,0,12.2,15.1,27.7,797.0,167.0,790.2,12,47,4,1,0,188.59,50.0,197.92
2024-02-16 13:00:00+05:30,27.5,20,993.9,0,11.4,13.7,27.7,809.2,169.0,788.8,13,47,4,1,0,193.73,50.0,168.47
2024-02-16 14:00:00+05:30,28.0,19,993.1,0,10.9,13.5,26.6,794.8,164.0,713.2,14,47,4,1,0,183.92,50.0,208.51
2024-02-16 15:00:00+05:30,28.1,19,992.3,0,11.6,14.2,25.6,746.8,152.0,570.3,15,47,4,1,0,158.96,50.0,209.35
2024-02-16 16:00:00+05:30,27.7,19,991.8,5,12.3,15.4,25.6,651.4,132.0,378.4,16,47,4,1,0,119.8,50.0,206.05
2024-02-16 17:00:00+05:30,26.6,21,991.4,0,11.4,16.3,24.5,473.0,98.0,166.0,17,47,4,1,0,68.74,50.0,197.92
2024-02-16 18:00:00+05:30,22.6,29,991.5,0,7.4,16.6,16.9,170.1,35.0,0.0,18,47,4,0,1,0.0,50.0,165.0
2024-02-16 19:00:00+05:30,20.9,34,991.9,0,7.9,18.6,11.9,0.0,0.0,0.0,19,47,4,0,1,0.0,50.0,165.0
2024-02-16 20:00:00+05:30,19.7,38,992.3,0,8.4,19.7,12.2,0.0,0.0,0.0,20,47,4,0,1,0.0,50.0,165.0
2024-02-16 21:00:00+05:30,19.0,39,992.3,0,8.6,20.7,13.7,0.0,0.0,0.0,21,47,4,0,1,0.0,50.0,165.0
2024-02-16 22:00:00+05:30,18.0,42,992.4,0,8.6,20.5,13.7,0.0,0.0,0.0,22,47,4,0,1,0.0,50.0,165.0
2024-02-16 23:00:00+05:30,17.1,45,992.0,0,8.2,19.5,13.3,0.0,0.0,0.0,23,47,4,0,1,0.0,50.0,165.0
2024-02-17 00:00:00+05:30,16.3,48,991.5,0,8.9,19.6,13.7,0.0,0.0,0.0,0,48,5,0,0,0.0,50.0,70.0
2024-02-17 01:00:00+05:30,15.3,51,991.0,0,9.5,21.7,15.5,0.0,0.0,0.0,1,48,5,0,0,0.0,50.0,70.0
2024-02-17 02:00:00+05:30,14.6,54,990.3,3,8.7,19.4,15.1,0.0,0.0,0.0,2,48,5,0,0,0.0,50.0,70.0
2024-02-17 03:00:00+05:30,13.7,58,989.8,1,7.9,15.3,13.7,0.0,0.0,0.0,3,48,5,0,0,0.0,50.0,70.0
2024-02-17 04:00:00+05:30,13.2,61,989.6,0,7.4,13.7,12.6,0.0,0.0,0.0,4,48,5,0,0,0.0,37.2,70.0
2024-02-17 05:00:00+05:30,12.8,65,989.3,1,7.7,13.7,13.0,0.0,0.0,0.0,5,48,5,0,0,0.0,39.25,70.0
2024-02-17 06:00:00+05:30,12.9,72,990.1,0,9.4,18.0,15.1,0.0,0.0,0.0,6,48,5,0,0,0.0,50.0,70.0
2024-02-17 07:00:00+05:30,12.8,75,990.5,0,9.4,19.1,15.1,0.0,2.0,17.6,7,48,5,0,0,0.0,50.0,110.0
2024-02-17 08:00:00+05:30,15.2,66,991.2,0,11.3,18.4,18.7,270.8,56.0,166.4,8,48,5,0,0,31.27,50.0,110.0
2024-02-17 09:00:00+05:30,19.1,53,991.8,0,9.0,16.9,19.4,518.6,109.0,377.7,9,48,5,0,0,84.87,50.0,130.0
2024-02-17 10:00:00+05:30,22.9,43,992.1,0,7.7,10.8,19.8,669.8,138.0,572.6,10,48,5,0,0,132.83,25.06,130.0
2024-02-17 11:00:00+05:30,26.0,37,991.3,0,7.3,9.3,20.5,749.6,156.0,713.3,11,48,5,0,0,166.78,17.69,134.2
2024-02-17 12:00:00+05:30,27.8,29,990.3,0,6.6,7.7,21.2,790.4,166.0,787.0,12,48,5,0,0,186.51,10.86,146.86
2024-02-17 13:00:00+05:30,28.8,24,988.9,0,6.2,7.6,19.8,802.8,168.0,785.8,13,48,5,0,0,191.56,9.67,137.47
2024-02-17 14:00:00+05:30,29.4,21,987.9,0,6.8,8.0,19.8,788.2,162.0,709.5,14,48,5,0,0,181.54,12.05,161.04
2024-02-17 15:00:00+05:30,29.7,19,987.3,0,6.9,8.4,19.8,741.3,150.0,567.9,15,48,5,0,0,156.82,13.42,163.93
2024-02-17 16:00:00+05:30,29.5,18,987.0,0,7.4,8.8,18.7,649.1,130.0,377.9,16,48,5,0,0,118.33,16.06,162.0
2024-02-17 17:00:00+05:30,28.5,19,987.0,0,6.1,9.6,16.9,471.7,97.0,166.6,17,48,5,0,0,67.94,14.47,152.79
2024-02-17 18:00:00+05:30,23.5,25,986.9,13,9.7,12.1,13.3,175.8,36.0,0.0,18,48,5,0,1,0.0,41.27,165.0
2024-02-17 19:00:00+05:30,22.1,26,987.1,1,8.8,11.3,10.8,0.0,0.0,0.0,19,48,5,0,1,0.0,32.35,165.0
2024-02-17 20:00:00+05:30,22.2,26,987.8,0,7.5,10.1,9.7,0.0,0.0,0.0,20,48,5,0,1,0.0,21.45,165.0
2024-02-17 21:00:00+05:30,23.0,25,988.3,0,6.6,9.2,8.6,0.0,0.0,0.0,21,48,5,0,1,0.0,15.23,165.0
2024-02-17 22:00:00+05:30,22.1,26,987.9,0,7.0,10.0,8.3,0.0,0.0,0.0,22,48,5,0,1,0.0,19.2,165.0
2024-02-17 23:00:00+05:30,21.6,26,987.5,0,5.8,9.7,7.6,0.0,0.0,0.0,23,48,5,0,1,0.0,14.09,165.0
2024-02-18 00:00:00+05:30,20.3,28,986.8,0,5.9,9.7,6.5,0.0,0.0,0.0,0,49,6,0,0,0.0,14.48,70.0
2024-02-18 01:00:00+05:30,19.3,30,986.3,0,6.1,11.1,6.8,0.0,0.0,0.0,1,49,6,0,0,0.0,19.35,70.0
2024-02-18 02:00:00+05:30,16.8,37,985.5,0,8.4,12.8,9.0,0.0,0.0,0.0,2,49,6,0,0,0.0,38.44,70.0
2024-02-18 03:00:00+05:30,13.7,49,985.0,0,8.5,13.0,11.9,0.0,0.0,0.0,3,49,6,0,0,0.0,40.53,70.0
2024-02-18 04:00:00+05:30,12.8,56,984.8,0,7.7,13.4,10.8,0.0,0.0,0.0,4,49,6,0,0,0.0,37.59,70.0
2024-02-18 05:00:00+05:30,12.1,59,984.6,0,9.4,13.7,11.2,0.0,0.0,0.0,5,49,6,0,0,0.0,50.0,70.0
2024-02-18 06:00:00+05:30,12.0,61,985.2,23,9.1,11.6,11.2,0.0,0.0,0.0,6,49,6,0,0,0.0,36.59,70.0
2024-02-18 07:00:00+05:30,12.8,59,986.0,7,6.8,9.8,10.4,0.0,3.0,25.0,7,49,6,0,0,0.0,18.35,110.0
2024-02-18 08:00:00+05:30,16.4,48,987.1,71,7.4,11.3,10.1,277.6,57.0,170.2,8,49,6,0,0,31.85,26.18,110.0
2024-02-18 09:00:00+05:30,20.1,39,988.3,20,7.6,16.1,16.9,524.5,110.0,383.4,9,49,6,0,0,85.52,50.0,70.0
2024-02-18 10:00:00+05:30,24.1,30,988.4,79,8.1,13.7,18.7,672.6,138.0,576.7,10,49,6,0,0,132.74,40.34,70.0
2024-02-18 11:00:00+05:30,27.6,22,987.9,83,12.0,15.4,25.6,749.8,158.0,718.4,11,49,6,0,0,166.22,50.0,85.26
2024-02-18 12:00:00+05:30,29.4,18,987.0,96,17.2,21.9,33.8,787.8,168.0,790.0,12,49,6,0,0,185.31,50.0,101.04
2024-02-18 13:00:00+05:30,30.2,18,985.6,83,20.4,26.3,38.9,795.1,171.0,785.8,13,49,6,0,0,189.76,50.0,108.89
2024-02-18 14:00:00+05:30,30.3,19,984.4,66,23.4,30.0,43.6,771.0,170.0,707.7,14,49,6,0,0,179.49,0.0,109.9
2024-02-18 15:00:00+05:30,30.6,16,983.2,97,24.4,32.1,43.9,729.7,154.0,567.2,15,49,6,0,0,155.27,0.0,112.98
2024-02-18 16:00:00+05:30,29.9,18,983.1,100,24.9,33.6,45.4,597.7,145.0,370.9,16,49,6,0,0,114.27,0.0,105.89
2024-02-18 17:00:00+05:30,28.7,21,983.0,93,21.3,31.6,43.9,411.3,108.0,162.5,17,49,6,0,0,64.27,0.0,94.57
2024-02-18 18:00:00+05:30,25.8,26,983.7,94,12.7,26.1,33.1,143.6,39.0,0.0,18,49,6,0,1,0.0,50.0,168.11
2024-02-18 19:00:00+05:30,24.0,30,984.1,83,13.1,29.0,20.9,0.0,0.0,0.0,19,49,6,0,1,0.0,50.0,165.0
2024-02-18 20:00:00+05:30,23.7,31,984.6,62,16.5,33.4,25.6,0.0,0.0,0.0,20,49,6,0,1,0.0,50.0,165.0
2024-02-18 21:00:00+05:30,23.4,31,984.8,34,17.6,34.6,28.1,0.0,0.0,0.0,21,49,6,0,1,0.0,0.0,165.0
2024-02-18 22:00:00+05:30,22.7,32,984.8,18,16.1,33.1,28.4,0.0,0.0,0.0,22,49,6,0,1,0.0,50.0,165.0
2024-02-18 23:00:00+05:30,21.6,35,984.0,31,15.5,31.6,25.9,0.0,0.0,0.0,23,49,6,0,1,0.0,50.0,165.0
2024-02-19 00:00:00+05:30,20.6,38,983.7,0,15.7,31.8,24.8,0.0,0.0,0.0,0,50,0,0,0,0.0,50.0,70.0
2024-02-19 01:00:00+05:30,19.9,40,983.5,1,16.0,32.5,25.9,0.0,0.0,0.0,1,50,0,0,0,0.0,50.0,70.0
2024-02-19 02:00:00+05:30,19.3,42,982.9,0,15.4,31.1,25.6,0.0,0.0,0.0,2,50,0,0,0,0.0,50.0,70.0
2024-02-19 03:00:00+05:30,18.7,44,982.5,0,15.5,31.3,25.2,0.0,0.0,0.0,3,50,0,0,0,0.0,50.0,70.0
2024-02-19 04:00:00+05:30,17.9,48,982.4,0,15.2,30.5,24.8,0.0,0.0,0.0,4,50,0,0,0,0.0,50.0,70.0
2024-02-19 05:00:00+05:30,17.3,52,982.5,0,15.9,31.1,25.6,0.0,0.0,0.0,5,50,0,0,0,0.0,50.0,70.0
2024-02-19 06:00:00+05:30,17.3,55,982.9,0,16.6,32.2,27.4,0.0,0.0,0.0,6,50,0,0,0,0.0,50.0,70.0
2024-02-19 07:00:00+05:30,17.2,56,983.7,0,17.4,32.4,28.1,0.0,3.0,23.7,7,50,0,0,0,0.0,50.0,110.0
2024-02-19 08:00:00+05:30,18.8,53,984.4,0,17.9,32.9,30.2,260.5,56.0,164.1,8,50,0,0,0,30.25,0.0,110.0
2024-02-19 09:00:00+05:30,21.5,47,985.3,0,20.3,28.8,35.3,506.4,107.0,372.7,9,50,0,1,0,82.53,50.0,190.0
2024-02-19 10:00:00+05:30,23.8,45,985.7,0,25.4,34.3,45.7,650.1,136.0,562.7,10,50,0,1,0,129.45,0.0,190.0
2024-02-19 11:00:00+05:30,25.8,44,985.3,0,28.8,38.5,51.8,728.2,154.0,701.0,11,50,0,1,0,163.45,0.0,193.11
2024-02-19 12:00:00+05:30,27.3,44,984.4,0,31.6,42.1,57.2,770.8,164.0,775.5,12,50,0,1,0,183.58,0.0,202.93
2024-02-19 13:00:00+05:30,28.7,40,983.5,80,32.4,43.0,58.3,783.7,167.0,775.9,13,50,0,1,0,188.53,0.0,178.57
2024-02-19 14:00:00+05:30,29.3,40,982.7,81,32.6,43.4,58.3,748.6,172.0,696.4,14,50,0,1,0,176.99,0.0,220.09
2024-02-19 15:00:00+05:30,30.6,33,982.2,92,34.6,46.7,63.4,712.1,151.0,556.6,15,50,0,1,0,152.15,0.0,232.98
2024-02-19 16:00:00+05:30,31.3,26,981.6,82,34.0,46.6,63.0,552.7,131.0,342.2,16,50,0,1,0,105.1,0.0,240.39
2024-02-19 17:00:00+05:30,30.3,28,981.8,10,30.7,44.6,58.7,432.3,94.0,159.0,17,50,0,1,0,63.11,0.0,229.9
2024-02-19 18:00:00+05:30,29.2,26,982.8,15,27.5,43.5,49.7,164.5,35.0,0.0,18,50,0,0,1,0.0,0.0,194.15
2024-02-19 19:00:00+05:30,28.1,33,983.7,7,27.3,43.8,47.2,0.0,0.0,0.0,19,50,0,0,1,0.0,0.0,184.35
2024-02-19 20:00:00+05:30,27.3,37,984.5,8,21.6,36.4,45.4,0.0,0.0,0.0,20,50,0,0,1,0.0,0.0,177.93
2024-02-19 21:00:00+05:30,26.0,42,985.0,1,17.8,32.1,35.3,0.0,0.0,0.0,21,50,0,0,1,0.0,50.0,169.2
2024-02-19 22:00:00+05:30,25.0,46,985.3,25,15.6,29.6,29.2,0.0,0.0,0.0,22,50,0,0,1,0.0,50.0,165.0
2024-02-19 23:00:00+05:30,23.3,55,985.5,0,13.6,26.6,25.2,0.0,0.0,0.0,23,50,0,0,1,0.0,50.0,165.0
2024-02-20 00:00:00+05:30,22.2,61,985.3,0,13.0,27.0,21.6,0.0,0.0,0.0,0,51,1,0,0,0.0,50.0,70.0
2024-02-20 01:00:00+05:30,21.8,63,985.0,0,13.3,27.8,21.2,0.0,0.0,0.0,1,51,1,0,0,0.0,50.0,70.0
2024-02-20 02:00:00+05:30,21.9,63,984.9,0,16.3,31.0,26.3,0.0,0.0,0.0,2,51,1,0,0,0.0,50.0,70.0
2024-02-20 03:00:00+05:30,21.2,66,984.8,0,16.0,29.7,27.0,0.0,0.0,0.0,3,51,1,0,0,0.0,50.0,70.0
2024-02-20 04:00:00+05:30,20.2,69,984.6,0,15.8,30.1,25.9,0.0,0.0,0.0,4,51,1,0,0,0.0,50.0,70.0
2024-02-20 05:00:00+05:30,19.5,70,984.8,0,15.0,29.1,25.9,0.0,0.0,0.0,5,51,1,0,0,0.0,50.0,70.0
2024-02-20 06:00:00+05:30,18.9,75,985.6,0,11.3,24.5,20.5,0.0,0.0,0.0,6,51,1,0,0,0.0,50.0,70.0
2024-02-20 07:00:00+05:30,18.3,78,986.2,0,10.5,22.7,18.0,0.0,3.0,22.5,7,51,1,0,0,0.0,50.0,110.0
2024-02-20 08:00:00+05:30,19.9,74,987.2,0,11.7,22.4,19.4,261.3,58.0,167.8,8,51,1,0,0,30.66,50.0,110.0
2024-02-20 09:00:00+05:30,22.1,69,988.0,0,14.5,19.3,27.4,501.7,110.0,375.9,9,51,1,1,0,82.53,50.0,190.0
2024-02-20 10:00:00+05:30,23.8,60,988.4,0,17.1,21.7,33.5,647.6,139.0,566.9,10,51,1,1,0,129.83,50.0,190.0
2024-02-20 11:00:00+05:30,25.4,53,988.2,0,17.1,21.3,34.6,725.7,158.0,706.1,11,51,1,1,0,164.21,50.0,191.22
2024-02-20 12:00:00+05:30,26.9,46,987.2,0,16.9,21.1,34.6,767.0,167.0,778.5,12,51,1,1,0,183.94,50.0,199.99
2024-02-20 13:00:00+05:30,28.1,37,985.9,0,19.2,24.0,37.4,778.7,169.0,776.9,13,51,1,1,0,188.66,50.0,173.35
2024-02-20 14:00:00+05:30,28.8,31,984.8,3,21.3,26.9,40.7,755.6,165.0,697.5,14,51,1,1,0,177.5,50.0,215.47
2024-02-20 15:00:00+05:30,29.0,29,984.0,14,21.3,27.7,40.7,659.9,154.0,530.7,15,51,1,1,0,145.64,50.0,217.29
2024-02-20 16:00:00+05:30,28.7,29,983.3,9,22.3,29.2,40.0,535.7,133.0,338.4,16,51,1,1,0,104.39,0.0,214.57
2024-02-20 17:00:00+05:30,28.2,29,983.1,8,20.9,29.1,39.6,413.2,97.0,158.2,17,51,1,1,0,62.4,0.0,210.19
2024-02-20 18:00:00+05:30,26.0,37,984.0,28,14.0,24.0,33.1,125.8,32.0,0.0,18,51,1,0,1,0.0,50.0,169.2
2024-02-20 19:00:00+05:30,24.6,41,984.3,20,10.3,22.0,23.4,0.0,0.0,0.0,19,51,1,0,1,0.0,50.0,165.0
2024-02-20 20:00:00+05:30,23.2,45,984.9,24,9.3,22.0,16.6,0.0,0.0,0.0,20,51,1,0,1,0.0,50.0,165.0
2024-02-20 21:00:00+05:30,21.9,56,985.2,27,8.0,21.1,15.5,0.0,0.0,0.0,21,51,1,0,1,0.0,50.0,165.0
2024-02-20 22:00:00+05:30,21.4,63,985.6,39,7.4,21.1,12.6,0.0,0.0,0.0,22,51,1,0,1,0.0,50.0,165.0
2024-02-20 23:00:00+05:30,21.4,65,985.2,62,10.4,23.4,15.8,0.0,0.0,0.0,23,51,1,0,1,0.0,50.0,165.0
2024-02-21 00:00:00+05:30,20.9,68,984.9,68,11.5,25.5,18.4,0.0,0.0,0.0,0,52,2,0,0,0.0,50.0,70.0
2024-02-21 01:00:00+05:30,20.1,66,984.4,52,11.2,24.6,18.4,0.0,0.0,0.0,1,52,2,0,0,0.0,50.0,70.0
2024-02-21 02:00:00+05:30,19.3,62,983.9,80,9.0,19.7,17.6,0.0,0.0,0.0,2,52,2,0,0,0.0,50.0,70.0
2024-02-21 03:00:00+05:30,17.6,64,983.5,89,6.5,15.2,14.0,0.0,0.0,0.0,3,52,2,0,0,0.0,36.75,70.0
2024-02-21 04:00:00+05:30,15.7,72,983.5,60,7.6,9.0,9.7,0.0,0.0,0.0,4,52,2,0,0,0.0,18.1,70.0
2024-02-21 05:00:00+05:30,17.0,63,983.7,66,2.6,4.3,8.6,0.0,0.0,0.0,5,52,2,0,0,0.0,0.47,70.0
2024-02-21 06:00:00+05:30,16.0,94,984.3,15,3.3,2.4,5.0,0.0,0.0,0.0,6,52,2,0,0,0.0,0.54,70.0
2024-02-21 07:00:00+05:30,15.9,95,984.9,2,4.9,4.2,8.3,0.0,3.0,21.4,7,52,2,0,0,0.0,3.77,110.0
2024-02-21 08:00:00+05:30,18.1,85,985.6,0,6.5,7.8,13.7,262.0,59.0,169.9,8,52,2,0,0,31.19,11.2,110.0
2024-02-21 09:00:00+05:30,21.1,69,986.5,0,4.6,5.9,14.4,507.5,110.0,380.2,9,52,2,1,0,83.63,3.89,190.0
2024-02-21 10:00:00+05:30,23.5,55,987.0,0,3.6,4.4,15.1,654.0,140.0,574.4,10,52,2,1,0,131.26,1.23,190.0
2024-02-21 11:00:00+05:30,25.6,41,986.7,6,5.6,6.6,18.4,733.3,158.0,714.5,11,52,2,1,0,165.5,6.46,192.11
2024-02-21 12:00:00+05:30,27.4,26,985.8,8,7.4,8.9,21.2,764.6,168.0,780.4,12,52,2,1,0,183.49,16.49,203.69
2024-02-21 13:00:00+05:30,28.2,22,984.6,11,9.8,11.6,23.8,712.3,189.0,747.2,13,52,2,1,0,180.47,38.18,174.19
2024-02-21 14:00:00+05:30,28.8,20,983.6,5,13.6,16.9,28.8,749.4,169.0,699.4,14,52,2,1,0,177.28,50.0,215.47
2024-02-21 15:00:00+05:30,28.7,19,982.9,18,16.7,20.7,32.8,659.5,165.0,542.6,15,52,2,1,0,147.86,50.0,214.57
2024-02-21 16:00:00+05:30,28.3,18,982.6,43,16.6,21.3,32.8,546.0,141.0,351.2,16,52,2,1,0,107.54,50.0,211.05
2024-02-21 17:00:00+05:30,27.4,18,982.8,38,15.1,20.6,31.3,361.1,101.0,150.6,17,52,2,1,0,58.3,50.0,203.69
2024-02-21 18:00:00+05:30,24.5,16,983.3,11,8.2,11.2,24.1,168.4,39.0,0.7,18,52,2,0,1,16.96,28.65,165.0
2024-02-21 19:00:00+05:30,21.9,21,983.8,39,8.1,10.1,9.4,0.0,0.0,0.0,19,52,2,0,1,0.0,23.71,165.0
2024-02-21 20:00:00+05:30,22.2,21,984.9,55,6.7,17.7,11.2,0.0,0.0,0.0,20,52,2,0,1,0.0,50.0,165.0
2024-02-21 21:00:00+05:30,20.7,21,985.3,24,9.7,15.1,12.2,0.0,0.0,0.0,21,52,2,0,1,0.0,50.0,165.0
2024-02-21 22:00:00+05:30,21.9,20,986.1,29,2.5,6.0,10.8,0.0,0.0,0.0,22,52,2,0,1,0.0,1.35,165.0
2024-02-21 23:00:00+05:30,21.2,22,986.3,9,6.0,6.6,6.8,0.0,0.0,0.0,23,52,2,0,1,0.0,7.52,165.0
2024-02-22 00:00:00+05:30,17.7,27,985.8,0,7.4,8.9,8.3,0.0,0.0,0.0,0,53,3,0,0,0.0,17.04,70.0
2024-02-22 01:00:00+05:30,16.9,24,985.5,0,7.6,18.2,11.9,0.0,0.0,0.0,1,53,3,0,0,0.0,50.0,70.0
2024-02-22 02:00:00+05:30,16.6,22,985.1,0,10.0,22.8,15.1,0.0,0.0,0.0,2,53,3,0,0,0.0,50.0,70.0
2024-02-22 03:00:00+05:30,16.3,23,985.1,0,12.5,25.8,19.8,0.0,0.0,0.0,3,53,3,0,0,0.0,50.0,70.0
2024-02-22 04:00:00+05:30,15.6,24,985.1,0,12.4,26.1,21.2,0.0,0.0,0.0,4,53,3,0,0,0.0,50.0,70.0
2024-02-22 05:00:00+05:30,14.8,26,985.1,26,10.2,22.6,20.2,0.0,0.0,0.0,5,53,3,0,0,0.0,50.0,70.0
2024-02-22 06:00:00+05:30,15.6,31,986.3,100,7.5,16.7,15.1,0.0,0.0,0.0,6,53,3,0,0,0.0,50.0,70.0
2024-02-22 07:00:00+05:30,16.1,32,987.3,53,4.7,9.8,13.0,0.0,2.0,13.6,7,53,3,0,0,0.0,10.93,110.0
2024-02-22 08:00:00+05:30,17.3,31,988.3,100,5.2,9.2,10.4,27.9,45.0,80.3,8,53,3,0,0,12.22,11.17,110.0
2024-02-22 09:00:00+05:30,19.4,28,989.0,95,4.4,10.2,10.8,72.2,98.0,156.8,9,53,3,1,0,30.76,10.62,190.0
2024-02-22 10:00:00+05:30,23.0,22,989.4,6,9.2,11.8,20.2,386.0,192.0,464.2,10,53,3,1,0,102.28,36.99,190.0
2024-02-22 11:00:00+05:30,25.2,14,989.0,5,11.1,13.5,25.9,689.2,183.0,711.0,11,53,3,1,0,163.22,50.0,190.48
2024-02-22 12:00:00+05:30,26.2,13,988.3,15,7.1,8.4,25.9,751.9,188.0,793.6,12,53,3,1,0,185.87,14.13,195.37
2024-02-22 13:00:00+05:30,26.8,13,987.2,23,4.1,4.7,20.9,785.3,182.0,800.6,13,53,3,1,0,193.44,1.88,163.29
2024-02-22 14:00:00+05:30,27.7,12,986.3,23,10.0,12.4,23.0,777.4,173.0,726.1,14,53,3,1,0,183.72,44.18,206.05
2024-02-22 15:00:00+05:30,27.1,13,985.9,0,18.4,22.9,34.9,561.6,204.0,521.1,15,53,3,1,0,140.41,50.0,201.44
2024-02-22 16:00:00+05:30,26.5,12,985.8,8,14.1,18.1,36.4,652.5,135.0,393.9,16,53,3,1,0,121.58,50.0,197.26
2024-02-22 17:00:00+05:30,26.5,12,985.8,3,16.1,21.6,27.0,430.2,104.0,169.6,17,53,3,1,0,65.96,50.0,197.26
2024-02-22 18:00:00+05:30,23.0,14,987.0,0,7.7,17.6,19.8,188.5,41.0,2.1,18,53,3,0,1,18.49,50.0,165.0
2024-02-22 19:00:00+05:30,21.9,15,987.8,0,10.5,22.5,16.2,0.0,0.0,0.0,19,53,3,0,1,0.0,50.0,165.0
2024-02-22 20:00:00+05:30,21.1,16,988.4,0,9.7,20.7,16.9,0.0,0.0,0.0,20,53,3,0,1,0.0,50.0,165.0
2024-02-22 21:00:00+05:30,20.2,18,988.8,0,8.7,17.2,15.1,0.0,0.0,0.0,21,53,3,0,1,0.0,50.0,165.0
2024-02-22 22:00:00+05:30,19.0,20,989.1,0,9.0,16.2,14.4,0.0,0.0,0.0,22,53,3,0,1,0.0,50.0,165.0
2024-02-22 23:00:00+05:30,18.0,22,989.3,0,10.3,18.9,15.8,0.0,0.0,0.0,23,53,3,0,1,0.0,50.0,165.0
2024-02-23 00:00:00+05:30,17.6,22,989.0,0,11.2,20.4,17.6,0.0,0.0,0.0,0,54,4,0,0,0.0,50.0,70.0
2024-02-23 01:00:00+05:30,16.1,25,988.6,0,7.2,15.5,17.6,0.0,0.0,0.0,1,54,4,0,0,0.0,43.99,70.0
2024-02-23 02:00:00+05:30,14.5,30,988.2,0,6.9,12.5,10.8,0.0,0.0,0.0,2,54,4,0,0,0.0,28.7,70.0
2024-02-23 03:00:00+05:30,13.5,34,987.9,0,7.0,14.6,13.3,0.0,0.0,0.0,3,54,4,0,0,0.0,38.51,70.0
2024-02-23 04:00:00+05:30,13.3,34,987.8,0,9.5,17.1,15.1,0.0,0.0,0.0,4,54,4,0,0,0.0,50.0,70.0
2024-02-23 05:00:00+05:30,12.7,36,987.8,0,9.9,14.2,14.8,0.0,0.0,0.0,5,54,4,0,0,0.0,50.0,70.0
2024-02-23 06:00:00+05:30,13.2,38,989.4,0,11.3,23.8,19.4,0.0,0.0,0.0,6,54,4,0,0,0.0,50.0,70.0
2024-02-23 07:00:00+05:30,12.9,39,990.3,0,11.1,23.1,18.4,0.0,4.0,25.9,7,54,4,0,0,0.0,50.0,110.0
2024-02-23 08:00:00+05:30,15.1,36,991.3,0,12.6,22.3,21.2,290.7,64.0,186.7,8,54,4,0,0,34.72,50.0,110.0
2024-02-23 09:00:00+05:30,18.1,32,991.9,0,11.7,17.3,23.4,541.6,116.0,407.5,9,54,4,1,0,89.99,50.0,190.0
2024-02-23 10:00:00+05:30,21.1,29,992.0,0,12.0,15.3,25.9,685.9,146.0,606.4,10,54,4,1,0,138.67,50.0,190.0
2024-02-23 11:00:00+05:30,24.0,24,991.6,0,12.8,16.1,28.1,762.4,164.0,748.2,11,54,4,1,0,172.84,50.0,190.0
2024-02-23 12:00:00+05:30,25.9,14,990.6,0,12.2,14.8,30.2,802.0,174.0,822.2,12,54,4,1,0,192.56,50.0,193.64
2024-02-23 13:00:00+05:30,26.4,12,989.5,0,9.4,11.5,27.7,812.8,177.0,820.3,13,54,4,1,0,197.9,35.98,160.61
2024-02-23 14:00:00+05:30,26.7,12,988.4,0,9.1,11.0,24.1,798.7,171.0,742.3,14,54,4,1,0,187.92,31.82,198.6
2024-02-23 15:00:00+05:30,26.6,12,987.5,0,10.0,12.4,23.8,751.6,158.0,596.2,15,54,4,1,0,162.65,44.4,197.92
2024-02-23 16:00:00+05:30,26.2,13,987.4,0,12.5,15.2,24.8,658.2,137.0,400.0,16,54,4,1,0,122.92,50.0,195.37
2024-02-23 17:00:00+05:30,25.4,14,987.4,0,12.3,16.3,25.2,486.3,103.0,183.2,17,54,4,1,0,71.58,50.0,191.22
2024-02-23 18:00:00+05:30,21.6,19,987.1,0,10.2,14.2,19.4,193.8,42.0,3.5,18,54,4,0,1,19.07,50.0,165.0
2024-02-23 19:00:00+05:30,20.8,20,987.7,0,9.0,12.3,12.6,0.0,0.0,0.0,19,54,4,0,1,0.0,38.84,165.0
2024-02-23 20:00:00+05:30,19.8,20,988.1,0,9.7,14.5,11.2,0.0,0.0,0.0,20,54,4,0,1,0.0,50.0,165.0
2024-02-23 21:00:00+05:30,21.4,17,988.8,0,3.8,7.8,10.8,0.0,0.0,0.0,21,54,4,0,1,0.0,5.11,165.0
2024-02-23 22:00:00+05:30,20.3,19,988.9,0,4.9,6.8,5.8,0.0,0.0,0.0,22,54,4,0,1,0.0,5.73,165.0
2024-02-23 23:00:00+05:30,15.5,26,988.2,0,10.2,14.1,11.5,0.0,0.0,0.0,23,54,4,0,1,0.0,50.0,165.0
2024-02-24 00:00:00+05:30,16.8,23,988.2,0,10.2,24.5,15.5,0.0,0.0,0.0,0,55,5,0,0,0.0,50.0,70.0
2024-02-24 01:00:00+05:30,15.9,25,987.8,0,10.0,23.0,15.8,0.0,0.0,0.0,1,55,5,0,0,0.0,50.0,70.0
2024-02-24 02:00:00+05:30,15.2,27,987.5,0,9.4,23.0,16.6,0.0,0.0,0.0,2,55,5,0,0,0.0,50.0,70.0
2024-02-24 03:00:00+05:30,15.8,25,987.2,0,15.6,32.2,24.1,0.0,0.0,0.0,3,55,5,0,0,0.0,50.0,70.0
2024-02-24 04:00:00+05:30,15.5,24,986.9,0,14.9,29.8,25.2,0.0,0.0,0.0,4,55,5,0,0,0.0,50.0,70.0
2024-02-24 05:00:00+05:30,14.5,25,986.8,27,13.4,27.4,23.8,0.0,0.0,0.0,5,55,5,0,0,0.0,50.0,70.0
2024-02-24 06:00:00+05:30,11.9,51,987.9,0,13.8,23.0,24.8,0.0,0.0,0.0,6,55,5,0,0,0.0,50.0,70.0
2024-02-24 07:00:00+05:30,11.4,58,988.8,6,14.2,22.1,22.3,16.7,4.0,31.0,7,55,5,0,0,0.0,50.0,110.0
2024-02-24 08:00:00+05:30,13.5,53,990.0,1,12.0,20.7,23.4,290.6,64.0,187.0,8,55,5,0,0,34.98,50.0,110.0
2024-02-24 09:00:00+05:30,16.5,44,991.0,0,5.9,9.9,20.5,534.0,116.0,405.6,9,55,5,0,0,89.81,15.28,130.0
2024-02-24 10:00:00+05:30,19.9,35,991.1,19,4.0,5.1,16.6,677.9,146.0,603.7,10,55,5,0,0,138.35,2.25,130.0
2024-02-24 11:00:00+05:30,22.9,27,990.9,0,1.8,2.3,15.5,755.4,165.0,746.9,11,55,5,0,0,172.85,0.0,130.0
2024-02-24 12:00:00+05:30,25.2,18,990.3,0,7.9,9.7,21.2,794.2,175.0,820.0,12,55,5,0,0,192.14,21.25,130.48
2024-02-24 13:00:00+05:30,26.1,13,989.2,0,11.6,14.2,27.0,805.3,177.0,817.3,13,55,5,0,0,197.01,50.0,116.78
2024-02-24 14:00:00+05:30,26.4,12,988.4,0,14.1,17.5,30.6,791.1,172.0,740.5,14,55,5,0,0,187.17,50.0,136.61
2024-02-24 15:00:00+05:30,26.3,12,987.8,0,14.8,18.3,31.0,746.4,159.0,596.4,15,55,5,0,0,162.31,50.0,135.99
2024-02-24 16:00:00+05:30,26.2,10,987.4,0,13.7,17.2,30.2,656.3,138.0,402.1,16,55,5,0,0,122.91,50.0,135.37
2024-02-24 17:00:00+05:30,25.5,9,987.6,0,13.7,18.5,26.6,488.2,104.0,185.9,17,55,5,0,0,71.94,50.0,131.65
2024-02-24 18:00:00+05:30,22.9,9,988.2,0,11.8,23.6,26.6,199.0,43.0,4.9,18,55,5,0,1,19.44,50.0,165.0
2024-02-24 19:00:00+05:30,21.0,11,988.7,0,11.0,24.9,19.4,0.0,0.0,0.0,19,55,5,0,1,0.0,50.0,165.0
2024-02-24 20:00:00+05:30,20.2,11,989.3,3,13.0,27.6,20.5,0.0,0.0,0.0,20,55,5,0,1,0.0,50.0,165.0
2024-02-24 21:00:00+05:30,19.4,12,989.7,7,12.0,25.6,21.6,0.0,0.0,0.0,21,55,5,0,1,0.0,50.0,165.0
2024-02-24 22:00:00+05:30,18.1,14,990.0,1,10.0,21.2,19.1,0.0,0.0,0.0,22,55,5,0,1,0.0,50.0,165.0
2024-02-24 23:00:00+05:30,16.7,16,990.1,0,10.4,20.6,16.2,0.0,0.0,0.0,23,55,5,0,1,0.0,50.0,165.0
2024-02-25 00:00:00+05:30,16.3,17,989.6,0,9.0,19.5,16.6,0.0,0.0,0.0,0,56,6,0,0,0.0,50.0,70.0
2024-02-25 01:00:00+05:30,15.5,18,989.3,0,9.0,16.9,14.0,0.0,0.0,0.0,1,56,6,0,0,0.0,50.0,70.0
2024-02-25 02:00:00+05:30,14.8,20,988.7,0,10.1,18.7,15.8,0.0,0.0,0.0,2,56,6,0,0,0.0,50.0,70.0
2024-02-25 03:00:00+05:30,14.3,20,988.3,0,10.7,22.6,18.0,0.0,0.0,0.0,3,56,6,0,0,0.0,50.0,70.0
2024-02-25 04:00:00+05:30,12.6,26,989.2,79,14.5,27.3,23.8,0.0,0.0,0.0,4,56,6,0,0,0.0,50.0,70.0
2024-02-25 05:00:00+05:30,11.7,31,988.7,96,9.4,21.1,23.4,0.0,0.0,0.0,5,56,6,0,0,0.0,50.0,70.0
2024-02-25 06:00:00+05:30,11.7,40,989.1,100,11.3,22.3,18.7,0.0,0.0,0.0,6,56,6,0,0,0.0,50.0,70.0
2024-02-25 07:00:00+05:30,11.7,53,990.2,100,12.4,22.6,19.4,0.0,5.0,29.6,7,56,6,0,0,0.0,50.0,110.0
2024-02-25 08:00:00+05:30,13.9,57,991.5,46,13.8,23.7,22.3,242.8,71.0,184.2,8,56,6,0,0,33.28,50.0,110.0
2024-02-25 09:00:00+05:30,17.0,52,992.7,30,12.9,18.0,25.6,511.5,122.0,403.7,9,56,6,0,0,88.44,50.0,70.0
2024-02-25 10:00:00+05:30,20.3,43,992.4,0,11.6,14.4,27.0,666.4,148.0,601.0,10,56,6,0,0,137.0,50.0,70.0
2024-02-25 11:00:00+05:30,23.4,32,992.1,1,7.3,8.7,25.6,747.0,165.0,743.4,11,56,6,0,0,171.29,15.85,70.0
2024-02-25 12:00:00+05:30,25.6,19,991.1,8,8.6,10.8,22.3,785.3,175.0,815.8,12,56,6,0,0,190.44,28.76,72.11
2024-02-25 13:00:00+05:30,26.4,16,989.8,84,11.2,13.7,27.0,794.2,179.0,813.3,13,56,6,0,0,195.3,50.0,76.61
2024-02-25 14:00:00+05:30,26.7,16,989.1,97,11.2,13.7,27.0,737.0,189.0,719.7,14,56,6,0,0,180.75,50.0,78.6
2024-02-25 15:00:00+05:30,26.6,17,988.7,83,11.7,14.2,26.3,732.4,159.0,590.2,15,56,6,0,0,159.99,50.0,77.92
2024-02-25 16:00:00+05:30,26.2,18,988.5,91,11.0,13.5,25.9,523.9,173.0,374.9,16,56,6,0,0,111.82,50.0,75.37
2024-02-25 17:00:00+05:30,25.6,18,988.9,49,9.2,11.7,23.0,402.1,116.0,175.3,17,56,6,0,0,65.88,36.11,72.11
2024-02-25 18:00:00+05:30,22.9,19,989.4,99,12.3,23.0,22.3,133.8,47.0,5.7,18,56,6,0,1,17.03,50.0,165.0
2024-02-25 19:00:00+05:30,21.4,23,990.2,71,14.2,29.0,23.0,0.0,0.0,0.0,19,56,6,0,1,0.0,50.0,165.0
2024-02-25 20:00:00+05:30,21.1,28,990.7,95,13.2,26.3,24.1,0.0,0.0,0.0,20,56,6,0,1,0.0,50.0,165.0
2024-02-25 21:00:00+05:30,20.3,33,990.8,100,13.1,26.3,21.6,0.0,0.0,0.0,21,56,6,0,1,0.0,50.0,165.0
2024-02-25 22:00:00+05:30,20.4,35,990.9,89,13.9,27.0,23.0,0.0,0.0,0.0,22,56,6,0,1,0.0,50.0,165.0
2024-02-25 23:00:00+05:30,19.1,39,990.7,100,12.2,25.6,22.7,0.0,0.0,0.0,23,56,6,0,1,0.0,50.0,165.0
2024-02-26 00:00:00+05:30,19.4,38,990.2,84,13.6,26.3,21.6,0.0,0.0,0.0,0,57,0,0,0,0.0,50.0,70.0
2024-02-26 01:00:00+05:30,18.3,41,989.9,79,11.4,24.3,22.0,0.0,0.0,0.0,1,57,0,0,0,0.0,50.0,70.0
2024-02-26 02:00:00+05:30,17.7,42,989.7,100,12.9,26.1,20.2,0.0,0.0,0.0,2,57,0,0,0,0.0,50.0,70.0
2024-02-26 03:00:00+05:30,17.7,39,990.0,100,12.4,25.2,22.3,0.0,0.0,0.0,3,57,0,0,0,0.0,50.0,70.0
2024-02-26 04:00:00+05:30,18.2,37,990.0,100,15.0,27.0,24.1,0.0,0.0,0.0,4,57,0,0,0,0.0,50.0,70.0
2024-02-26 05:00:00+05:30,17.9,38,989.5,93,15.9,29.2,26.6,0.0,0.0,0.0,5,57,0,0,0,0.0,50.0,70.0
2024-02-26 06:00:00+05:30,17.1,43,990.1,97,17.1,31.8,29.9,0.0,0.0,0.0,6,57,0,0,0,0.0,50.0,70.0
2024-02-26 07:00:00+05:30,17.2,43,990.7,99,16.8,30.3,27.7,0.0,5.0,28.3,7,57,0,0,0,0.0,50.0,110.0
2024-02-26 08:00:00+05:30,18.8,40,991.3,80,15.3,30.7,28.8,108.7,72.0,145.5,8,57,0,0,0,23.8,50.0,110.0
2024-02-26 09:00:00+05:30,20.6,35,992.5,94,16.4,22.2,30.6,235.9,172.0,330.1,9,57,0,1,0,66.03,50.0,190.0
2024-02-26 10:00:00+05:30,21.7,34,993.1,100,14.7,19.2,31.3,162.0,234.0,370.3,10,57,0,1,0,77.08,50.0,190.0
2024-02-26 11:00:00+05:30,21.4,35,992.4,100,16.2,21.6,29.5,19.6,154.0,179.6,11,57,0,1,0,37.92,50.0,190.0
2024-02-26 12:00:00+05:30,21.8,37,991.6,100,18.2,23.8,33.1,21.4,249.0,272.9,12,57,0,1,0,58.88,50.0,190.0
2024-02-26 13:00:00+05:30,21.9,40,990.3,100,18.7,24.6,36.0,22.1,294.0,308.3,13,57,0,1,0,68.51,50.0,154.0
2024-02-26 14:00:00+05:30,23.0,38,989.1,100,18.4,23.7,36.0,63.2,343.0,372.2,14,57,0,1,0,86.36,50.0,190.0
2024-02-26 15:00:00+05:30,24.1,33,988.7,100,15.8,19.9,34.2,307.7,286.0,446.9,15,57,0,1,0,115.65,50.0,190.0
2024-02-26 16:00:00+05:30,24.4,31,988.7,95,13.6,17.4,31.7,483.3,184.0,367.7,16,57,0,1,0,109.24,50.0,190.0
2024-02-26 17:00:00+05:30,23.9,31,988.7,66,8.6,10.8,26.6,238.8,128.0,146.0,17,57,0,1,0,52.44,28.86,190.0
2024-02-26 18:00:00+05:30,22.5,33,988.8,0,9.3,18.4,26.3,181.4,42.0,7.0,18,57,0,0,1,18.34,50.0,165.0
2024-02-26 19:00:00+05:30,20.8,38,989.4,5,9.9,21.5,15.5,0.0,0.0,0.0,19,57,0,0,1,0.0,50.0,165.0
2024-02-26 20:00:00+05:30,20.3,42,990.1,62,13.7,27.4,22.7,0.0,0.0,0.0,20,57,0,0,1,0.0,50.0,165.0
2024-02-26 21:00:00+05:30,19.5,45,990.8,26,11.3,24.4,22.3,0.0,0.0,0.0,21,57,0,0,1,0.0,50.0,165.0
2024-02-26 22:00:00+05:30,18.7,47,991.1,29,13.0,26.4,20.2,0.0,0.0,0.0,22,57,0,0,1,0.0,50.0,165.0
2024-02-26 23:00:00+05:30,18.1,46,990.9,7,14.8,27.9,24.1,0.0,0.0,0.0,23,57,0,0,1,0.0,50.0,165.0
2024-02-27 00:00:00+05:30,17.2,48,990.5,34,15.8,29.0,25.6,0.0,0.0,0.0,0,58,1,0,0,0.0,50.0,70.0
2024-02-27 01:00:00+05:30,16.8,49,990.3,38,15.6,28.7,26.3,0.0,0.0,0.0,1,58,1,0,0,0.0,50.0,70.0
2024-02-27 02:00:00+05:30,16.6,51,989.8,31,16.5,29.0,27.0,0.0,0.0,0.0,2,58,1,0,0,0.0,50.0,70.0
2024-02-27 03:00:00+05:30,16.0,54,989.4,42,14.9,26.9,27.0,0.0,0.0,0.0,3,58,1,0,0,0.0,50.0,70.0
2024-02-27 04:00:00+05:30,15.4,58,989.4,11,15.7,28.3,25.6,0.0,0.0,0.0,4,58,1,0,0,0.0,50.0,70.0
2024-02-27 05:00:00+05:30,14.9,60,989.7,33,15.3,27.2,25.6,0.0,0.0,0.0,5,58,1,0,0,0.0,50.0,70.0
2024-02-27 06:00:00+05:30,15.5,53,991.5,11,20.4,34.4,33.8,0.0,0.0,0.0,6,58,1,0,0,0.0,0.0,70.0
2024-02-27 07:00:00+05:30,15.5,53,992.0,78,20.7,34.7,33.8,15.3,5.0,32.6,7,58,1,0,0,0.0,0.0,110.0
2024-02-27 08:00:00+05:30,17.1,48,992.6,54,19.1,33.9,34.6,167.6,73.0,164.7,8,58,1,0,0,28.27,0.0,110.0
2024-02-27 09:00:00+05:30,19.2,43,993.0,2,21.5,29.5,38.9,273.0,162.0,336.9,9,58,1,1,0,68.69,0.0,190.0
2024-02-27 10:00:00+05:30,21.7,38,992.8,0,22.9,30.1,42.5,648.9,148.0,594.5,10,58,1,1,0,134.01,0.0,190.0
2024-02-27 11:00:00+05:30,24.0,33,992.2,0,21.5,27.1,42.8,723.5,167.0,733.2,11,58,1,1,0,167.69,50.0,190.0
2024-02-27 12:00:00+05:30,25.7,30,991.6,0,17.6,21.8,41.0,762.6,177.0,805.2,12,58,1,1,0,187.08,50.0,192.59
2024-02-27 13:00:00+05:30,26.9,29,990.6,0,14.8,18.2,35.6,769.9,179.0,799.4,13,58,1,1,0,190.89,50.0,163.99
2024-02-27 14:00:00+05:30,27.6,28,989.7,0,11.5,13.9,32.0,753.4,173.0,721.7,14,58,1,1,0,180.31,50.0,205.26
2024-02-27 15:00:00+05:30,27.9,28,989.0,0,10.5,12.8,27.0,706.3,161.0,580.7,15,58,1,1,0,155.52,50.0,207.68
2024-02-27 16:00:00+05:30,27.7,28,988.5,47,11.0,13.6,24.8,619.0,138.0,391.3,16,58,1,1,0,117.27,50.0,206.05
2024-02-27 17:00:00+05:30,26.9,29,988.5,0,13.1,16.5,24.1,450.7,105.0,181.9,17,58,1,1,0,68.06,50.0,199.99
2024-02-27 18:00:00+05:30,24.3,34,989.3,0,12.6,22.1,27.0,186.6,44.0,8.4,18,58,1,0,1,18.88,50.0,165.0
2024-02-27 19:00:00+05:30,23.0,36,989.8,0,14.5,27.3,23.0,0.0,0.0,0.0,19,58,1,0,1,0.0,50.0,165.0
2024-02-27 20:00:00+05:30,22.1,36,990.4,0,16.2,30.0,26.6,0.0,0.0,0.0,20,58,1,0,1,0.0,50.0,165.0
2024-02-27 21:00:00+05:30,21.3,37,990.8,0,17.2,31.4,28.1,0.0,0.0,0.0,21,58,1,0,1,0.0,50.0,165.0
2024-02-27 22:00:00+05:30,20.3,38,991.3,0,15.5,29.5,28.1,0.0,0.0,0.0,22,58,1,0,1,0.0,50.0,165.0
2024-02-27 23:00:00+05:30,19.2,40,991.3,0,15.3,28.7,25.2,0.0,0.0,0.0,23,58,1,0,1,0.0,50.0,165.0
2024-02-28 00:00:00+05:30,18.1,42,991.1,0,14.3,27.5,24.8,0.0,0.0,0.0,0,59,2,0,0,0.0,50.0,70.0
2024-02-28 01:00:00+05:30,17.3,44,990.6,0,14.5,27.8,23.8,0.0,0.0,0.0,1,59,2,0,0,0.0,50.0,70.0
2024-02-28 02:00:00+05:30,16.7,45,990.2,0,14.1,26.8,23.8,0.0,0.0,0.0,2,59,2,0,0,0.0,50.0,70.0
2024-02-28 03:00:00+05:30,16.0,46,989.7,0,14.8,27.2,23.4,0.0,0.0,0.0,3,59,2,0,0,0.0,50.0,70.0
2024-02-28 04:00:00+05:30,15.4,49,989.6,0,12.8,24.8,24.1,0.0,0.0,0.0,4,59,2,0,0,0.0,50.0,70.0
2024-02-28 05:00:00+05:30,14.8,52,989.8,0,12.0,22.8,20.9,0.0,0.0,0.0,5,59,2,0,0,0.0,50.0,70.0
2024-02-28 06:00:00+05:30,14.5,55,991.1,0,13.8,25.3,22.3,0.0,0.0,0.0,6,59,2,0,0,0.0,50.0,70.0
2024-02-28 07:00:00+05:30,14.5,58,991.8,0,14.8,26.4,23.8,14.8,6.0,36.4,7,59,2,0,0,0.0,50.0,110.0
2024-02-28 08:00:00+05:30,16.4,53,992.6,0,14.4,28.1,25.2,279.1,68.0,191.4,8,59,2,0,0,34.97,50.0,110.0
2024-02-28 09:00:00+05:30,19.4,43,993.4,0,14.7,20.5,28.4,514.0,119.0,406.5,9,59,2,1,0,87.68,50.0,190.0
2024-02-28 10:00:00+05:30,22.4,34,993.4,0,15.9,20.5,32.0,653.0,149.0,600.8,10,59,2,1,0,134.59,50.0,190.0
2024-02-28 11:00:00+05:30,24.9,28,992.7,0,15.2,19.1,32.4,729.2,168.0,741.4,11,59,2,1,0,168.35,50.0,190.0
2024-02-28 12:00:00+05:30,26.4,25,991.7,0,13.7,16.6,32.0,767.7,178.0,813.2,12,59,2,1,0,187.74,50.0,196.61
2024-02-28 13:00:00+05:30,27.4,23,990.5,0,11.6,14.1,30.2,777.4,181.0,810.2,13,59,2,1,0,192.27,50.0,167.69
2024-02-28 14:00:00+05:30,28.0,22,989.5,0,9.4,11.3,27.4,762.8,174.0,732.2,14,59,2,1,0,181.88,34.71,208.51
2024-02-28 15:00:00+05:30,28.2,22,988.9,0,9.4,11.2,24.1,716.1,162.0,589.9,15,59,2,1,0,157.1,34.13,210.19
2024-02-28 16:00:00+05:30,27.9,22,988.5,0,10.7,12.7,23.0,625.0,140.0,397.5,16,59,2,1,0,118.38,50.0,207.68
2024-02-28 17:00:00+05:30,27.0,23,988.5,0,12.0,14.8,23.0,461.6,105.0,185.9,17,59,2,1,0,69.08,50.0,200.71
2024-02-28 18:00:00+05:30,24.6,28,988.5,0,7.1,15.8,22.3,191.8,46.0,9.9,18,59,2,0,1,19.53,43.37,165.0
2024-02-28 19:00:00+05:30,22.3,32,988.7,0,7.3,15.8,11.2,0.0,0.0,0.0,19,59,2,0,1,0.0,45.35,165.0
2024-02-28 20:00:00+05:30,22.0,33,989.2,0,10.5,22.7,16.2,0.0,0.0,0.0,20,59,2,0,1,0.0,50.0,165.0
2024-02-28 21:00:00+05:30,21.3,35,989.7,0,12.9,26.6,20.5,0.0,0.0,0.0,21,59,2,0,1,0.0,50.0,165.0
2024-02-28 22:00:00+05:30,20.5,37,989.8,0,12.9,26.6,21.2,0.0,0.0,0.0,22,59,2,0,1,0.0,50.0,165.0
2024-02-28 23:00:00+05:30,19.7,39,989.2,0,12.0,25.9,20.9,0.0,0.0,0.0,23,59,2,0,1,0.0,50.0,165.0
2024-02-29 00:00:00+05:30,18.7,42,988.9,0,12.2,25.1,19.4,0.0,0.0,0.0,0,60,3,0,0,0.0,50.0,70.0
2024-02-29 01:00:00+05:30,18.0,44,988.5,0,13.3,26.7,21.6,0.0,0.0,0.0,1,60,3,0,0,0.0,50.0,70.0
2024-02-29 02:00:00+05:30,17.4,46,988.2,0,12.4,25.1,21.6,0.0,0.0,0.0,2,60,3,0,0,0.0,50.0,70.0
2024-02-29 03:00:00+05:30,16.7,49,987.7,0,12.2,24.7,19.8,0.0,0.0,0.0,3,60,3,0,0,0.0,50.0,70.0
2024-02-29 04:00:00+05:30,16.2,51,987.3,0,12.8,25.5,20.5,0.0,0.0,0.0,4,60,3,0,0,0.0,50.0,70.0
2024-02-29 05:00:00+05:30,15.8,52,987.2,0,12.9,25.3,20.9,0.0,0.0,0.0,5,60,3,0,0,0.0,50.0,70.0
2024-02-29 06:00:00+05:30,16.0,53,988.1,0,14.6,28.0,23.8,0.0,0.0,0.0,6,60,3,0,0,0.0,50.0,70.0
2024-02-29 07:00:00+05:30,16.1,53,988.8,0,14.3,27.8,23.4,14.4,7.0,40.0,7,60,3,0,0,0.0,50.0,110.0
2024-02-29 08:00:00+05:30,18.4,47,989.5,0,15.1,28.6,24.1,288.5,69.0,196.3,8,60,3,0,0,35.64,50.0,110.0
2024-02-29 09:00:00+05:30,21.7,39,990.6,0,13.3,21.7,25.9,523.6,119.0,413.2,9,60,3,1,0,88.12,50.0,190.0
2024-02-29 10:00:00+05:30,25.2,31,990.8,0,15.5,20.9,31.0,660.4,148.0,607.1,10,60,3,1,0,134.1,50.0,190.48
2024-02-29 11:00:00+05:30,27.8,27,990.1,0,16.8,21.3,34.6,733.5,166.0,745.4,11,60,3,1,0,166.82,50.0,206.86
2024-02-29 12:00:00+05:30,29.6,24,989.1,0,13.6,16.8,34.2,770.2,176.0,816.1,12,60,3,1,0,185.41,50.0,222.96
2024-02-29 13:00:00+05:30,30.8,22,988.2,0,9.0,10.9,29.9,776.3,178.0,809.2,13,60,3,1,0,188.88,30.43,199.07
2024-02-29 14:00:00+05:30,31.5,20,987.2,0,9.1,10.7,23.8,758.2,173.0,730.3,14,60,3,1,0,178.29,29.8,242.56
2024-02-29 15:00:00+05:30,31.6,20,986.6,2,11.5,14.1,25.6,711.3,160.0,587.3,15,60,3,1,0,153.8,50.0,243.66
2024-02-29 16:00:00+05:30,31.4,20,986.4,0,9.7,12.1,25.6,621.6,138.0,396.1,16,60,3,1,0,115.86,40.18,241.47
2024-02-29 17:00:00+05:30,30.9,20,986.3,3,6.4,8.4,21.2,458.2,105.0,186.4,17,60,3,1,0,67.66,12.03,236.12
2024-02-29 18:00:00+05:30,29.5,22,986.8,80,4.8,6.2,11.5,183.4,44.0,10.5,18,60,3,0,1,18.31,4.47,197.0
2024-02-29 19:00:00+05:30,27.9,24,987.2,29,3.0,4.8,5.4,0.0,0.0,0.0,19,60,3,0,1,0.0,1.03,182.68
2024-02-29 20:00:00+05:30,25.1,29,987.6,31,6.1,6.5,6.5,0.0,0.0,0.0,20,60,3,0,1,0.0,7.85,165.19
2024-02-29 21:00:00+05:30,22.7,33,987.8,21,7.9,10.2,10.1,0.0,0.0,0.0,21,60,3,0,1,0.0,23.36,165.0
2024-02-29 22:00:00+05:30,23.1,33,987.7,84,10.4,19.9,15.8,0.0,0.0,0.0,22,60,3,0,1,0.0,50.0,165.0
2024-02-29 23:00:00+05:30,23.4,34,987.3,99,10.9,25.6,18.0,0.0,0.0,0.0,23,60,3,0,1,0.0,50.0,165.0
2024-03-01 00:00:00+05:30,22.9,36,986.8,99,12.2,25.3,19.8,0.0,0.0,0.0,0,61,4,0,0,0.0,50.0,70.0
2024-03-01 01:00:00+05:30,22.1,41,986.0,100,11.2,22.3,19.4,0.0,0.0,0.0,1,61,4,0,0,0.0,50.0,70.0
2024-03-01 02:00:00+05:30,20.5,48,985.3,40,9.1,20.3,18.0,0.0,0.0,0.0,2,61,4,0,0,0.0,50.0,70.0
2024-03-01 03:00:00+05:30,19.6,53,984.7,83,9.8,21.2,15.5,0.0,0.0,0.0,3,61,4,0,0,0.0,50.0,70.0
2024-03-01 04:00:00+05:30,19.5,54,984.5,2,11.2,23.6,17.6,0.0,0.0,0.0,4,61,4,0,0,0.0,50.0,70.0
2024-03-01 05:00:00+05:30,19.7,56,984.6,10,13.5,27.7,21.2,0.0,0.0,0.0,5,61,4,0,0,0.0,50.0,70.0
2024-03-01 06:00:00+05:30,20.2,61,985.9,26,14.5,29.1,24.8,0.0,0.0,0.0,6,61,4,0,0,0.0,50.0,70.0
2024-03-01 07:00:00+05:30,20.3,60,986.5,1,11.6,23.4,23.4,14.0,7.0,38.4,7,61,4,0,0,0.0,50.0,110.0
2024-03-01 08:00:00+05:30,22.7,52,986.8,0,12.9,21.9,21.6,283.1,69.0,195.1,8,61,4,0,0,34.77,50.0,110.0
2024-03-01 09:00:00+05:30,26.1,43,987.2,0,11.1,16.3,23.4,516.1,117.0,408.8,9,61,4,1,0,85.49,50.0,194.78
2024-03-01 10:00:00+05:30,28.9,36,987.5,0,10.5,13.4,23.4,647.5,146.0,598.7,10,61,4,1,0,130.02,50.0,216.37
2024-03-01 11:00:00+05:30,30.6,32,986.9,0,16.6,20.9,33.5,721.3,165.0,737.6,11,61,4,1,0,162.85,50.0,232.98
2024-03-01 12:00:00+05:30,32.1,28,985.5,13,18.9,24.0,37.4,764.1,173.0,810.8,12,61,4,1,0,182.0,50.0,249.22
2024-03-01 13:00:00+05:30,33.4,23,984.2,54,22.4,28.8,42.1,795.8,177.0,826.9,13,61,4,1,0,190.01,0.0,228.31
2024-03-01 14:00:00+05:30,33.9,21,983.4,85,30.0,39.5,53.3,676.3,213.0,709.5,14,61,4,1,0,169.55,0.0,270.34
2024-03-01 15:00:00+05:30,33.8,17,982.6,100,28.9,38.5,54.4,374.3,262.0,470.9,15,61,4,1,0,117.6,0.0,269.12
2024-03-01 16:00:00+05:30,33.3,16,982.2,100,30.0,40.5,52.6,390.1,200.0,344.5,16,61,4,1,0,95.98,0.0,263.11
2024-03-01 17:00:00+05:30,31.1,19,982.4,97,25.7,37.1,52.6,220.4,118.0,137.7,17,61,4,1,0,47.08,0.0,238.24
2024-03-01 18:00:00+05:30,29.4,20,983.3,8,17.8,30.1,45.0,141.4,52.0,11.8,18,61,4,0,1,17.97,50.0,196.04
2024-03-01 19:00:00+05:30,27.1,24,983.7,61,14.5,28.4,29.5,0.0,0.0,0.0,19,61,4,0,1,0.0,50.0,176.44
2024-03-01 20:00:00+05:30,25.9,27,984.5,80,17.3,32.2,27.7,0.0,0.0,0.0,20,61,4,0,1,0.0,50.0,168.64
2024-03-01 21:00:00+05:30,25.2,28,985.4,87,15.5,30.3,28.4,0.0,0.0,0.0,21,61,4,0,1,0.0,50.0,165.48
2024-03-01 22:00:00+05:30,24.2,30,985.5,94,11.8,24.8,25.6,0.0,0.0,0.0,22,61,4,0,1,0.0,50.0,165.0
2024-03-01 23:00:00+05:30,22.6,33,985.4,100,7.6,17.1,18.7,0.0,0.0,0.0,23,61,4,0,1,0.0,50.0,165.0
2024-03-02 00:00:00+05:30,23.0,34,985.3,100,8.2,17.0,13.3,0.0,0.0,0.0,0,62,5,0,0,0.0,50.0,70.0
2024-03-02 01:00:00+05:30,22.5,39,985.2,100,9.7,19.7,15.8,0.0,0.0,0.0,1,62,5,0,0,0.0,50.0,70.0
2024-03-02 02:00:00+05:30,21.5,44,984.1,99,5.2,3.7,15.5,0.0,0.0,0.0,2,62,5,0,0,0.0,4.58,70.0
2024-03-02 03:00:00+05:30,21.2,44,982.6,100,17.0,28.3,28.1,0.0,0.0,0.0,3,62,5,0,0,0.0,50.0,70.0
2024-03-02 04:00:00+05:30,20.5,43,982.9,97,5.7,17.2,27.7,0.0,0.0,0.0,4,62,5,0,0,0.0,33.65,70.0
2024-03-02 05:00:00+05:30,20.4,44,983.6,100,10.1,22.0,14.4,0.0,0.0,0.0,5,62,5,0,0,0.0,50.0,70.0
2024-03-02 06:00:00+05:30,19.5,70,984.7,14,6.1,17.7,15.5,0.0,0.0,0.0,6,62,5,0,0,0.0,41.65,70.0
2024-03-02 07:00:00+05:30,19.3,72,984.8,19,5.5,14.9,10.1,13.7,8.0,41.6,7,62,5,0,0,0.0,28.29,110.0
2024-03-02 08:00:00+05:30,22.0,60,985.9,41,17.2,26.5,25.9,235.4,72.0,184.8,8,62,5,0,0,32.33,50.0,110.0
2024-03-02 09:00:00+05:30,21.1,65,986.3,37,22.7,30.6,45.0,239.0,141.0,296.6,9,62,5,0,0,60.05,0.0,130.0
2024-03-02 10:00:00+05:30,23.4,61,986.0,34,21.2,27.9,43.2,514.8,174.0,543.2,10,62,5,0,0,118.93,50.0,130.0
2024-03-02 11:00:00+05:30,25.3,51,985.3,28,26.8,34.7,54.4,533.2,216.0,647.7,11,62,5,0,0,144.31,0.0,130.83
2024-03-02 12:00:00+05:30,25.0,52,985.0,56,32.4,42.9,62.6,600.5,209.0,714.3,12,62,5,0,0,164.75,0.0,130.0
2024-03-02 13:00:00+05:30,24.7,56,983.9,67,26.9,35.3,60.5,386.5,276.0,590.7,13,62,5,0,0,138.86,0.0,112.0
2024-03-02 14:00:00+05:30,24.4,54,982.8,68,35.1,46.3,59.4,302.7,274.0,488.2,14,62,5,0,0,119.26,0.0,130.0
2024-03-02 15:00:00+05:30,24.0,58,981.9,34,24.3,32.9,63.4,194.2,212.0,313.7,15,62,5,0,0,81.33,0.0,130.0
2024-03-02 16:00:00+05:30,26.0,34,981.2,3,31.6,43.2,57.6,481.4,144.0,340.6,16,62,5,0,0,100.52,0.0,134.2
2024-03-02 17:00:00+05:30,25.0,27,981.3,0,33.0,46.8,59.4,454.4,107.0,189.5,17,62,5,0,0,69.24,0.0,130.0
2024-03-02 18:00:00+05:30,24.5,31,981.8,0,20.8,32.4,44.6,207.0,47.0,13.6,18,62,5,0,1,20.42,0.0,165.0
2024-03-02 19:00:00+05:30,21.4,36,982.7,0,19.6,33.4,34.6,0.0,0.0,0.0,19,62,5,0,1,0.0,0.0,165.0
2024-03-02 20:00:00+05:30,20.0,36,983.4,0,18.8,32.2,32.4,0.0,0.0,0.0,20,62,5,0,1,0.0,0.0,165.0
2024-03-02 21:00:00+05:30,18.6,36,984.4,0,14.9,27.8,30.6,0.0,0.0,0.0,21,62,5,0,1,0.0,50.0,165.0
2024-03-02 22:00:00+05:30,17.1,37,984.7,0,10.8,23.0,24.1,0.0,0.0,0.0,22,62,5,0,1,0.0,50.0,165.0
2024-03-02 23:00:00+05:30,15.8,40,985.0,0,7.8,18.4,17.3,0.0,0.0,0.0,23,62,5,0,1,0.0,50.0,165.0
2024-03-03 00:00:00+05:30,14.5,45,985.2,0,6.2,15.6,12.6,0.0,0.0,0.0,0,63,6,0,0,0.0,36.57,70.0
2024-03-03 01:00:00+05:30,13.6,51,985.1,0,6.3,15.2,9.7,0.0,0.0,0.0,1,63,6,0,0,0.0,35.81,70.0
2024-03-03 02:00:00+05:30,12.7,55,985.0,0,6.2,14.5,9.7,0.0,0.0,0.0,2,63,6,0,0,0.0,32.38,70.0
2024-03-03 03:00:00+05:30,11.9,55,985.0,0,6.5,14.4,10.1,0.0,0.0,0.0,3,63,6,0,0,0.0,34.16,70.0
2024-03-03 04:00:00+05:30,11.2,53,985.2,0,6.3,14.2,10.1,0.0,0.0,0.0,4,63,6,0,0,0.0,32.06,70.0
2024-03-03 05:00:00+05:30,10.5,54,985.5,0,6.1,13.6,10.1,0.0,0.0,0.0,5,63,6,0,0,0.0,28.55,70.0
2024-03-03 06:00:00+05:30,11.6,53,986.5,0,12.2,22.9,19.8,0.0,0.0,0.0,6,63,6,0,0,0.0,50.0,70.0
2024-03-03 07:00:00+05:30,11.4,50,986.9,0,12.6,22.2,19.8,26.6,8.0,44.5,7,63,6,0,0,0.0,50.0,110.0
2024-03-03 08:00:00+05:30,13.4,43,987.7,0,11.0,21.1,21.2,323.5,75.0,218.3,8,63,6,0,0,40.35,50.0,110.0
2024-03-03 09:00:00+05:30,16.1,32,988.7,0,9.7,12.7,22.3,560.3,125.0,445.3,9,63,6,0,0,96.02,46.13,70.0
2024-03-03 10:00:00+05:30,18.4,24,988.8,0,6.7,8.1,22.3,695.1,155.0,646.1,10,63,6,0,0,144.88,12.55,70.0
2024-03-03 11:00:00+05:30,20.2,23,988.5,0,2.2,2.6,19.8,770.4,174.0,791.4,11,63,6,0,0,180.39,0.0,70.0
2024-03-03 12:00:00+05:30,21.5,21,987.9,0,3.7,4.6,17.3,807.0,184.0,863.8,12,63,6,0,0,200.0,1.48,70.0
2024-03-03 13:00:00+05:30,22.5,19,987.1,0,9.6,11.3,24.5,815.1,186.0,857.4,13,63,6,0,0,200.0,36.27,70.0
2024-03-03 14:00:00+05:30,22.7,18,986.2,0,13.9,16.7,30.6,799.9,180.0,776.0,14,63,6,0,0,193.89,50.0,70.0
2024-03-03 15:00:00+05:30,22.5,18,985.9,0,14.9,18.3,32.0,756.2,167.0,628.4,15,63,6,0,0,168.41,50.0,70.0
2024-03-03 16:00:00+05:30,21.9,19,985.9,0,14.2,17.7,31.7,666.5,145.0,427.9,16,63,6,0,0,127.92,50.0,70.0
2024-03-03 17:00:00+05:30,21.0,22,986.1,0,13.1,16.5,28.8,501.3,111.0,205.5,17,63,6,0,0,75.8,50.0,70.0
2024-03-03 18:00:00+05:30,19.4,25,986.8,0,9.8,17.7,25.2,218.5,51.0,15.8,18,63,6,0,1,22.23,50.0,165.0
2024-03-03 19:00:00+05:30,17.0,31,987.3,0,6.9,17.2,16.2,0.0,1.0,0.0,19,63,6,0,1,0.0,50.0,165.0
2024-03-03 20:00:00+05:30,16.3,30,987.8,0,9.7,21.7,15.5,0.0,0.0,0.0,20,63,6,0,1,0.0,50.0,165.0
2024-03-03 21:00:00+05:30,15.6,30,988.4,0,8.5,19.5,15.8,0.0,0.0,0.0,21,63,6,0,1,0.0,50.0,165.0
2024-03-03 22:00:00+05:30,14.9,32,988.7,0,7.8,17.9,13.7,0.0,0.0,0.0,22,63,6,0,1,0.0,50.0,165.0
2024-03-03 23:00:00+05:30,13.3,36,988.2,0,8.5,13.5,11.9,0.0,0.0,0.0,23,63,6,0,1,0.0,43.48,165.0
2024-03-04 00:00:00+05:30,13.0,37,988.2,0,8.5,15.0,13.0,0.0,0.0,0.0,0,64,0,0,0,0.0,50.0,70.0
2024-03-04 01:00:00+05:30,12.3,39,988.1,0,8.8,19.0,14.4,0.0,0.0,0.0,1,64,0,0,0,0.0,50.0,70.0
2024-03-04 02:00:00+05:30,12.1,34,988.3,0,11.8,24.7,18.7,0.0,0.0,0.0,2,64,0,0,0,0.0,50.0,70.0
2024-03-04 03:00:00+05:30,11.8,28,988.4,0,13.0,26.0,20.5,0.0,0.0,0.0,3,64,0,0,0,0.0,50.0,70.0
2024-03-04 04:00:00+05:30,10.9,29,988.5,0,12.0,24.5,20.5,0.0,0.0,0.0,4,64,0,0,0,0.0,50.0,70.0
2024-03-04 05:00:00+05:30,10.1,31,988.6,0,11.9,23.9,19.1,0.0,0.0,0.0,5,64,0,0,0,0.0,50.0,70.0
2024-03-04 06:00:00+05:30,10.7,37,989.7,0,12.1,24.5,23.0,0.0,0.0,0.0,6,64,0,0,0,0.0,50.0,70.0
2024-03-04 07:00:00+05:30,10.3,38,990.4,0,10.7,20.7,19.4,25.9,9.0,47.2,7,64,0,0,0,2.56,50.0,110.0
2024-03-04 08:00:00+05:30,12.7,32,991.5,0,9.7,19.4,19.1,322.2,78.0,222.9,8,64,0,0,0,41.12,50.0,110.0
2024-03-04 09:00:00+05:30,16.0,24,992.5,0,9.2,13.0,20.9,561.9,128.0,451.9,9,64,0,1,0,97.01,44.98,190.0
2024-03-04 10:00:00+05:30,18.8,19,993.0,0,9.9,12.2,24.1,697.0,158.0,653.5,10,64,0,1,0,145.68,43.97,190.0
2024-03-04 11:00:00+05:30,20.6,16,993.0,0,5.6,6.6,24.1,770.3,177.0,797.5,11,64,0,1,0,180.79,6.61,190.0
2024-03-04 12:00:00+05:30,21.8,15,992.6,0,2.2,2.5,19.8,806.9,188.0,870.7,12,64,0,1,0,200.0,0.0,190.0
2024-03-04 13:00:00+05:30,22.8,14,991.7,0,4.6,5.1,18.7,816.4,190.0,865.2,13,64,0,1,0,200.0,2.92,154.0
2024-03-04 14:00:00+05:30,23.4,13,990.7,0,7.7,8.4,22.0,800.3,184.0,782.7,14,64,0,1,0,194.15,16.81,190.0
2024-03-04 15:00:00+05:30,23.5,12,990.1,0,8.9,10.5,23.0,755.7,171.0,634.0,15,64,0,1,0,168.38,28.83,190.0
2024-03-04 16:00:00+05:30,23.1,11,989.6,0,9.4,11.2,23.4,666.8,149.0,433.3,16,64,0,1,0,128.09,34.74,190.0
2024-03-04 17:00:00+05:30,22.5,11,989.8,0,8.1,9.7,22.0,503.3,113.0,208.8,17,64,0,1,0,75.91,22.17,190.0
2024-03-04 18:00:00+05:30,19.2,16,990.5,0,8.4,10.7,15.8,223.3,52.0,17.2,18,64,0,0,1,22.67,28.0,165.0
2024-03-04 19:00:00+05:30,16.8,20,990.9,0,9.4,13.1,11.5,0.0,1.0,0.0,19,64,0,0,1,0.0,46.69,165.0
2024-03-04 20:00:00+05:30,16.9,20,991.6,0,8.3,18.9,12.6,0.0,0.0,0.0,20,64,0,0,1,0.0,50.0,165.0
2024-03-04 21:00:00+05:30,16.5,19,992.0,5,11.9,24.9,18.7,0.0,0.0,0.0,21,64,0,0,1,0.0,50.0,165.0
2024-03-04 22:00:00+05:30,16.0,19,992.0,2,13.1,26.9,21.2,0.0,0.0,0.0,22,64,0,0,1,0.0,50.0,165.0
2024-03-04 23:00:00+05:30,15.1,20,991.7,18,13.1,26.5,20.9,0.0,0.0,0.0,23,64,0,0,1,0.0,50.0,165.0
2024-03-05 00:00:00+05:30,14.5,22,991.1,36,16.1,30.9,25.2,0.0,0.0,0.0,0,65,1,0,0,0.0,50.0,70.0
2024-03-05 01:00:00+05:30,14.0,24,991.0,7,17.1,32.7,28.1,0.0,0.0,0.0,1,65,1,0,0,0.0,50.0,70.0
2024-03-05 02:00:00+05:30,13.4,27,991.0,9,17.9,33.2,28.8,0.0,0.0,0.0,2,65,1,0,0,0.0,0.0,70.0
2024-03-05 03:00:00+05:30,13.0,29,991.0,0,18.6,34.1,29.9,0.0,0.0,0.0,3,65,1,0,0,0.0,0.0,70.0
2024-03-05 04:00:00+05:30,12.4,32,991.1,0,18.6,33.5,30.2,0.0,0.0,0.0,4,65,1,0,0,0.0,0.0,70.0
2024-03-05 05:00:00+05:30,11.9,36,991.6,0,18.2,33.1,29.9,0.0,0.0,0.0,5,65,1,0,0,0.0,0.0,70.0
2024-03-05 06:00:00+05:30,11.8,42,992.2,0,19.5,34.7,31.3,0.0,0.0,0.0,6,65,1,0,0,0.0,0.0,70.0
2024-03-05 07:00:00+05:30,11.8,44,992.7,30,19.4,33.6,31.3,25.2,10.0,49.7,7,65,1,0,0,2.77,0.0,110.0
2024-03-05 08:00:00+05:30,13.9,40,993.6,64,17.9,33.6,32.0,307.5,80.0,221.6,8,65,1,0,0,40.43,0.0,110.0
2024-03-05 09:00:00+05:30,16.8,33,994.2,0,18.9,26.0,35.3,469.2,149.0,430.4,9,65,1,1,0,90.39,50.0,190.0
2024-03-05 10:00:00+05:30,19.8,26,994.2,18,20.2,26.0,38.5,687.4,159.0,650.7,10,65,1,1,0,144.04,50.0,190.0
2024-03-05 11:00:00+05:30,22.0,20,993.7,0,18.0,22.8,38.9,756.8,180.0,792.9,11,65,1,1,0,178.19,50.0,190.0
2024-03-05 12:00:00+05:30,23.5,17,992.8,0,13.5,16.7,36.4,795.9,189.0,865.4,12,65,1,1,0,197.85,50.0,190.0
2024-03-05 13:00:00+05:30,24.4,15,991.6,0,10.4,12.7,30.6,804.6,190.0,858.2,13,65,1,1,0,200.0,50.0,154.0
2024-03-05 14:00:00+05:30,24.9,14,990.5,0,10.0,11.5,26.6,788.3,184.0,776.1,14,65,1,1,0,190.92,39.29,190.0
2024-03-05 15:00:00+05:30,25.1,14,989.9,5,10.2,12.1,25.2,742.5,170.0,626.9,15,65,1,1,0,165.01,44.0,190.19
2024-03-05 16:00:00+05:30,24.7,13,989.0,61,10.2,12.1,24.5,654.5,147.0,427.7,16,65,1,1,0,125.21,44.02,190.0
2024-03-05 17:00:00+05:30,24.0,13,989.0,0,10.0,12.4,22.7,447.7,121.0,201.5,17,65,1,1,0,71.6,44.86,190.0
2024-03-05 18:00:00+05:30,21.2,17,990.1,55,8.2,16.3,18.7,202.0,52.0,17.5,18,65,1,0,1,21.42,50.0,165.0
2024-03-05 19:00:00+05:30,19.7,19,990.0,74,9.2,18.5,14.0,0.0,1.0,0.0,19,65,1,0,1,0.0,50.0,165.0
2024-03-05 20:00:00+05:30,20.0,19,990.5,67,13.6,25.5,21.2,0.0,0.0,0.0,20,65,1,0,1,0.0,50.0,165.0
2024-03-05 21:00:00+05:30,18.6,21,991.2,53,14.9,28.6,24.5,0.0,0.0,0.0,21,65,1,0,1,0.0,50.0,165.0
2024-03-05 22:00:00+05:30,17.6,23,990.8,27,15.1,29.3,24.5,0.0,0.0,0.0,22,65,1,0,1,0.0,50.0,165.0
2024-03-05 23:00:00+05:30,16.9,25,991.0,100,16.9,30.5,27.4,0.0,0.0,0.0,23,65,1,0,1,0.0,50.0,165.0
2024-03-06 00:00:00+05:30,16.7,26,990.8,96,15.9,29.1,27.7,0.0,0.0,0.0,0,66,2,0,0,0.0,50.0,70.0
2024-03-06 01:00:00+05:30,15.4,29,990.1,84,14.3,27.5,25.9,0.0,0.0,0.0,1,66,2,0,0,0.0,50.0,70.0
2024-03-06 02:00:00+05:30,14.8,30,989.8,100,13.1,25.4,23.4,0.0,0.0,0.0,2,66,2,0,0,0.0,50.0,70.0
2024-03-06 03:00:00+05:30,14.3,32,989.6,11,13.6,26.1,22.0,0.0,0.0,0.0,3,66,2,0,0,0.0,50.0,70.0
2024-03-06 04:00:00+05:30,13.5,34,989.5,68,13.4,26.3,22.0,0.0,0.0,0.0,4,66,2,0,0,0.0,50.0,70.0
2024-03-06 05:00:00+05:30,13.2,35,989.6,95,13.8,26.4,22.3,0.0,0.0,0.0,5,66,2,0,0,0.0,50.0,70.0
2024-03-06 06:00:00+05:30,13.9,34,990.1,0,14.5,27.3,23.8,0.0,0.0,0.0,6,66,2,0,0,0.0,50.0,70.0
2024-03-06 07:00:00+05:30,13.9,35,990.8,2,14.5,26.5,23.4,24.6,10.0,48.0,7,66,2,0,0,2.74,50.0,110.0
2024-03-06 08:00:00+05:30,15.9,32,991.4,22,12.9,25.5,24.1,306.4,78.0,218.9,8,66,2,0,0,39.69,50.0,110.0
2024-03-06 09:00:00+05:30,18.7,27,992.4,83,12.4,16.9,25.6,487.6,139.0,429.6,9,66,2,1,0,89.94,50.0,190.0
2024-03-06 10:00:00+05:30,20.8,23,992.5,87,13.0,16.6,27.4,249.8,262.0,466.4,10,66,2,1,0,97.39,50.0,190.0
2024-03-06 11:00:00+05:30,22.7,19,992.1,85,10.7,12.8,27.7,343.0,320.0,614.6,11,66,2,1,0,132.56,50.0,190.0
2024-03-06 12:00:00+05:30,23.4,18,991.4,53,6.2,7.0,25.2,457.7,304.0,699.3,12,66,2,1,0,157.01,8.47,190.0
2024-03-06 13:00:00+05:30,24.4,15,990.3,70,8.8,10.7,23.4,516.8,286.0,714.9,13,66,2,1,0,166.14,29.27,154.0
2024-03-06 14:00:00+05:30,24.4,16,989.4,84,8.9,10.4,24.1,395.6,302.0,589.9,14,66,2,1,0,142.26,28.24,190.0
2024-03-06 15:00:00+05:30,24.2,17,988.3,0,3.6,4.4,22.7,305.4,247.0,418.9,15,66,2,1,0,107.77,1.22,190.0
2024-03-06 16:00:00+05:30,24.5,17,987.7,0,4.4,4.8,16.9,592.1,157.0,408.6,16,66,2,1,0,118.78,2.42,190.0
2024-03-06 17:00:00+05:30,24.0,18,987.7,0,3.7,4.3,14.8,477.5,112.0,204.0,17,66,2,1,0,72.63,1.22,190.0
2024-03-06 18:00:00+05:30,22.4,23,988.1,0,5.5,11.7,19.1,213.4,52.0,18.9,18,66,2,0,1,21.84,18.31,165.0
2024-03-06 19:00:00+05:30,19.5,27,988.3,0,9.6,10.0,11.2,0.0,1.0,0.0,19,66,2,0,1,0.0,33.74,165.0
2024-03-06 20:00:00+05:30,19.0,28,988.5,0,8.7,8.7,11.2,0.0,0.0,0.0,20,66,2,0,1,0.0,24.94,165.0
2024-03-06 21:00:00+05:30,21.2,24,989.2,0,4.2,5.0,10.1,0.0,0.0,0.0,21,66,2,0,1,0.0,2.33,165.0
2024-03-06 22:00:00+05:30,17.2,31,989.1,0,5.4,3.6,5.8,0.0,0.0,0.0,22,66,2,0,1,0.0,5.34,165.0
2024-03-06 23:00:00+05:30,15.7,35,988.8,0,6.1,4.0,7.9,0.0,0.0,0.0,23,66,2,0,1,0.0,8.12,165.0
2024-03-07 00:00:00+05:30,15.3,37,988.5,0,5.2,3.8,7.6,0.0,0.0,0.0,0,67,3,0,0,0.0,4.7,70.0
2024-03-07 01:00:00+05:30,14.2,41,988.0,0,6.3,5.7,7.9,0.0,0.0,0.0,1,67,3,0,0,0.0,9.07,70.0
2024-03-07 02:00:00+05:30,13.8,44,987.3,0,5.9,9.8,9.4,0.0,0.0,0.0,2,67,3,0,0,0.0,15.09,70.0
2024-03-07 03:00:00+05:30,13.0,49,986.9,0,6.9,13.4,10.8,0.0,0.0,0.0,3,67,3,0,0,0.0,32.54,70.0
2024-03-07 04:00:00+05:30,12.6,51,986.9,0,6.2,13.7,10.8,0.0,0.0,0.0,4,67,3,0,0,0.0,29.38,70.0
2024-03-07 05:00:00+05:30,11.8,55,987.0,0,7.2,12.0,9.4,0.0,0.0,0.0,5,67,3,0,0,0.0,28.5,70.0
2024-03-07 06:00:00+05:30,13.0,53,987.5,3,5.5,13.5,9.7,0.0,0.0,0.0,6,67,3,0,0,0.0,24.37,70.0
2024-03-07 07:00:00+05:30,13.7,51,988.3,5,5.8,12.5,9.4,24.0,11.0,50.3,7,67,3,0,0,2.98,22.8,110.0
2024-03-07 08:00:00+05:30,17.1,41,989.3,7,7.3,11.4,14.4,305.3,80.0,222.1,8,67,3,0,0,39.96,26.1,110.0
2024-03-07 09:00:00+05:30,21.5,30,990.4,0,5.2,7.6,15.1,532.8,128.0,442.3,9,67,3,1,0,92.06,7.73,190.0
2024-03-07 10:00:00+05:30,24.8,22,990.8,0,4.5,5.0,16.6,662.3,159.0,638.5,10,67,3,1,0,137.81,2.66,190.0
2024-03-07 11:00:00+05:30,26.6,18,990.4,0,3.9,4.5,16.9,736.9,176.0,778.4,11,67,3,1,0,171.11,1.53,197.92
2024-03-07 12:00:00+05:30,27.7,18,989.5,0,5.2,6.0,18.7,771.9,187.0,848.6,12,67,3,1,0,190.07,4.77,206.05
2024-03-07 13:00:00+05:30,28.5,18,988.3,0,8.0,9.5,22.7,782.6,189.0,844.2,13,67,3,1,0,194.48,20.56,176.79
2024-03-07 14:00:00+05:30,28.8,18,987.3,0,10.9,13.2,26.3,767.1,183.0,763.8,14,67,3,1,0,184.09,50.0,215.47
2024-03-07 15:00:00+05:30,28.8,18,986.7,0,13.6,16.2,28.8,722.2,169.0,617.2,15,67,3,1,0,159.12,50.0,215.47
2024-03-07 16:00:00+05:30,28.4,18,986.7,0,13.5,16.8,29.5,635.7,146.0,421.5,16,67,3,1,0,120.58,50.0,211.92
2024-03-07 17:00:00+05:30,27.6,19,986.9,6,11.3,14.2,27.4,468.9,113.0,203.8,17,67,3,1,0,70.91,50.0,205.26
2024-03-07 18:00:00+05:30,25.3,20,987.8,0,6.5,15.1,22.3,218.2,52.0,20.1,18,67,3,0,1,21.79,35.55,165.83
2024-03-07 19:00:00+05:30,22.7,24,988.2,3,7.1,17.4,11.2,0.0,1.0,0.0,19,67,3,0,1,0.0,50.0,165.0
2024-03-07 20:00:00+05:30,21.2,27,988.9,3,10.2,19.1,12.2,0.0,0.0,0.0,20,67,3,0,1,0.0,50.0,165.0
2024-03-07 21:00:00+05:30,20.7,28,989.5,0,8.2,21.9,13.3,0.0,0.0,0.0,21,67,3,0,1,0.0,50.0,165.0
2024-03-07 22:00:00+05:30,20.7,29,989.6,0,9.9,23.3,15.5,0.0,0.0,0.0,22,67,3,0,1,0.0,50.0,165.0
2024-03-07 23:00:00+05:30,20.2,30,989.5,0,14.5,29.7,23.0,0.0,0.0,0.0,23,67,3,0,1,0.0,50.0,165.0
2024-03-08 00:00:00+05:30,19.6,26,989.0,0,14.4,28.9,23.4,0.0,0.0,0.0,0,68,4,0,0,0.0,50.0,70.0
2024-03-08 01:00:00+05:30,18.6,27,988.7,0,13.5,27.5,23.4,0.0,0.0,0.0,1,68,4,0,0,0.0,50.0,70.0
2024-03-08 02:00:00+05:30,17.9,30,988.3,0,13.4,27.0,21.6,0.0,0.0,0.0,2,68,4,0,0,0.0,50.0,70.0
2024-03-08 03:00:00+05:30,17.5,32,988.0,0,14.0,28.1,22.7,0.0,0.0,0.0,3,68,4,0,0,0.0,50.0,70.0
2024-03-08 04:00:00+05:30,17.1,34,987.9,0,14.0,28.1,23.0,0.0,0.0,0.0,4,68,4,0,0,0.0,50.0,70.0
2024-03-08 05:00:00+05:30,16.0,37,988.5,0,12.1,24.6,22.7,0.0,0.0,0.0,5,68,4,0,0,0.0,50.0,70.0
2024-03-08 06:00:00+05:30,15.3,40,989.7,0,11.0,22.8,19.8,0.0,0.0,0.0,6,68,4,0,0,0.0,50.0,70.0
2024-03-08 07:00:00+05:30,15.3,41,990.6,0,11.6,21.1,18.0,35.2,12.0,56.1,7,68,4,0,0,3.35,50.0,110.0
2024-03-08 08:00:00+05:30,17.9,36,991.4,0,11.8,20.6,20.9,316.9,81.0,228.2,8,68,4,0,0,40.96,50.0,110.0
2024-03-08 09:00:00+05:30,21.5,29,992.2,0,10.0,15.4,22.0,543.5,129.0,451.3,9,68,4,1,0,93.64,50.0,190.0
2024-03-08 10:00:00+05:30,25.0,23,992.3,0,10.2,12.8,24.1,672.4,160.0,649.2,10,68,4,1,0,139.51,50.0,190.0
2024-03-08 11:00:00+05:30,26.5,19,991.8,0,8.5,10.0,25.2,745.0,179.0,790.8,11,68,4,1,0,173.19,24.67,197.26
2024-03-08 12:00:00+05:30,27.5,18,990.9,0,5.1,5.9,23.4,781.6,190.0,862.8,12,68,4,1,0,192.55,4.49,204.47
2024-03-08 13:00:00+05:30,28.2,17,989.9,0,5.5,6.1,19.8,792.3,191.0,856.9,13,68,4,1,0,196.85,5.49,174.19
2024-03-08 14:00:00+05:30,28.7,16,989.1,0,7.7,9.1,22.0,776.3,185.0,775.2,14,68,4,1,0,186.11,18.09,214.57
2024-03-08 15:00:00+05:30,28.7,15,988.3,0,9.0,10.8,23.0,731.9,172.0,628.2,15,68,4,1,0,161.23,30.16,214.57
2024-03-08 16:00:00+05:30,28.3,15,988.1,0,10.9,13.0,23.8,645.1,149.0,430.2,16,68,4,1,0,122.39,50.0,211.05
2024-03-08 17:00:00+05:30,27.5,15,988.2,0,11.5,14.4,23.8,484.7,114.0,209.9,17,68,4,1,0,72.6,50.0,204.47
2024-03-08 18:00:00+05:30,25.1,15,988.7,0,6.6,14.0,19.4,222.9,54.0,21.7,18,68,4,0,1,22.42,31.83,165.19
2024-03-08 19:00:00+05:30,23.0,16,989.2,0,8.4,19.7,12.6,0.0,1.0,0.0,19,68,4,0,1,0.0,50.0,165.0
2024-03-08 20:00:00+05:30,22.5,16,989.8,0,13.0,26.8,20.9,0.0,0.0,0.0,20,68,4,0,1,0.0,50.0,165.0
2024-03-08 21:00:00+05:30,21.4,19,990.6,0,13.8,27.9,22.0,0.0,0.0,0.0,21,68,4,0,1,0.0,50.0,165.0
2024-03-08 22:00:00+05:30,20.8,21,990.7,0,13.7,28.5,22.3,0.0,0.0,0.0,22,68,4,0,1,0.0,50.0,165.0
2024-03-08 23:00:00+05:30,20.1,22,990.3,0,13.0,26.8,22.0,0.0,0.0,0.0,23,68,4,0,1,0.0,50.0,165.0
2024-03-09 00:00:00+05:30,19.3,28,990.2,0,16.4,31.5,26.3,0.0,0.0,0.0,0,69,5,0,0,0.0,50.0,70.0
2024-03-09 01:00:00+05:30,18.6,34,990.0,0,16.1,30.8,26.6,0.0,0.0,0.0,1,69,5,0,0,0.0,50.0,70.0
2024-03-09 02:00:00+05:30,17.8,36,989.7,0,17.4,32.0,27.7,0.0,0.0,0.0,2,69,5,0,0,0.0,50.0,70.0
2024-03-09 03:00:00+05:30,17.1,37,989.5,0,18.5,33.4,29.9,0.0,0.0,0.0,3,69,5,0,0,0.0,0.0,70.0
2024-03-09 04:00:00+05:30,16.5,39,989.6,0,17.8,32.4,29.9,0.0,0.0,0.0,4,69,5,0,0,0.0,0.0,70.0
2024-03-09 05:00:00+05:30,15.9,41,990.0,0,16.5,30.8,28.8,0.0,0.0,0.0,5,69,5,0,0,0.0,50.0,70.0
2024-03-09 06:00:00+05:30,16.2,45,990.4,0,18.5,33.4,31.7,0.0,0.0,0.0,6,69,5,0,0,0.0,0.0,70.0
2024-03-09 07:00:00+05:30,16.2,46,990.8,0,17.6,31.1,30.2,34.3,13.0,58.0,7,69,5,0,0,3.57,50.0,110.0
2024-03-09 08:00:00+05:30,18.3,41,991.7,0,15.2,26.5,28.4,319.9,83.0,232.8,8,69,5,0,0,41.64,50.0,110.0
2024-03-09 09:00:00+05:30,21.2,35,992.7,3,14.8,19.8,29.2,545.3,131.0,456.6,9,69,5,0,0,94.51,50.0,130.0
2024-03-09 10:00:00+05:30,24.2,27,992.7,93,16.3,21.2,33.1,669.7,161.0,650.9,10,69,5,0,0,139.92,50.0,130.0
2024-03-09 11:00:00+05:30,26.1,23,992.5,25,14.2,17.4,33.8,701.8,200.0,780.9,11,69,5,0,0,170.21,50.0,134.78
2024-03-09 12:00:00+05:30,27.4,20,991.8,68,11.2,13.4,30.6,771.0,193.0,859.5,12,69,5,0,0,191.41,50.0,143.69
2024-03-09 13:00:00+05:30,28.4,18,990.5,4,9.7,11.5,27.4,774.0,198.0,850.9,13,69,5,0,0,194.72,37.3,133.92
2024-03-09 14:00:00+05:30,29.0,18,989.4,22,8.4,9.9,25.6,768.4,186.0,772.4,14,69,5,0,0,184.73,23.6,157.29
2024-03-09 15:00:00+05:30,29.1,17,988.3,74,7.4,8.7,23.0,723.3,172.0,624.7,15,69,5,0,0,159.61,15.78,158.22
2024-03-09 16:00:00+05:30,29.0,17,988.5,99,6.8,7.8,20.9,636.8,150.0,428.7,16,69,5,0,0,121.08,11.53,157.29
2024-03-09 17:00:00+05:30,28.3,18,988.4,99,7.3,8.5,18.4,345.2,142.0,193.9,17,69,5,0,0,64.52,14.89,151.05
2024-03-09 18:00:00+05:30,26.2,20,989.1,98,7.6,14.5,16.9,215.0,55.0,22.6,18,69,5,0,1,22.12,40.67,170.37
2024-03-09 19:00:00+05:30,25.0,21,989.2,74,10.9,20.4,17.3,0.0,1.0,0.0,19,69,5,0,1,0.0,50.0,165.0
2024-03-09 20:00:00+05:30,24.0,20,989.6,27,15.9,30.1,24.8,0.0,0.0,0.0,20,69,5,0,1,0.0,50.0,165.0
2024-03-09 21:00:00+05:30,23.3,20,989.9,34,16.6,32.0,27.0,0.0,0.0,0.0,21,69,5,0,1,0.0,50.0,165.0
2024-03-09 22:00:00+05:30,22.4,21,990.1,28,18.9,34.6,31.0,0.0,0.0,0.0,22,69,5,0,1,0.0,0.0,165.0
2024-03-09 23:00:00+05:30,21.4,23,989.9,91,16.5,31.4,31.0,0.0,0.0,0.0,23,69,5,0,1,0.0,50.0,165.0
2024-03-10 00:00:00+05:30,20.7,25,989.7,100,13.4,26.8,27.0,0.0,0.0,0.0,0,70,6,0,0,0.0,50.0,70.0
2024-03-10 01:00:00+05:30,19.6,27,989.2,100,10.9,23.4,22.0,0.0,0.0,0.0,1,70,6,0,0,0.0,50.0,70.0
2024-03-10 02:00:00+05:30,19.0,28,988.8,99,9.7,20.9,17.6,0.0,0.0,0.0,2,70,6,0,0,0.0,50.0,70.0
2024-03-10 03:00:00+05:30,18.9,29,988.5,100,10.4,21.3,16.9,0.0,0.0,0.0,3,70,6,0,0,0.0,50.0,70.0
2024-03-10 04:00:00+05:30,18.7,30,988.4,86,11.2,21.4,18.0,0.0,0.0,0.0,4,70,6,0,0,0.0,50.0,70.0
2024-03-10 05:00:00+05:30,17.9,32,988.4,95,11.5,22.9,18.7,0.0,0.0,0.0,5,70,6,0,0,0.0,50.0,70.0
2024-03-10 06:00:00+05:30,17.9,36,989.2,66,13.2,25.1,22.3,0.0,0.0,0.0,6,70,6,0,0,0.0,50.0,70.0
2024-03-10 07:00:00+05:30,17.6,37,989.9,0,13.8,24.0,21.6,22.4,14.0,56.3,7,70,6,0,0,3.61,50.0,110.0
2024-03-10 08:00:00+05:30,19.9,33,990.8,0,13.0,24.0,23.0,314.6,82.0,230.1,8,70,6,0,0,40.89,50.0,110.0
2024-03-10 09:00:00+05:30,22.9,28,991.5,0,13.2,17.9,26.6,536.0,131.0,453.4,9,70,6,0,0,92.95,50.0,70.0
2024-03-10 10:00:00+05:30,26.1,22,991.2,2,13.0,16.6,28.4,660.8,160.0,646.0,10,70,6,0,0,137.51,50.0,74.78
2024-03-10 11:00:00+05:30,28.4,18,991.0,3,11.7,14.4,28.8,728.3,179.0,782.7,11,70,6,0,0,169.34,50.0,91.92
2024-03-10 12:00:00+05:30,29.7,19,990.2,27,9.2,11.3,27.4,752.3,194.0,847.0,12,70,6,0,0,186.55,33.56,103.93
2024-03-10 13:00:00+05:30,30.5,20,989.3,39,7.1,8.6,24.5,751.2,200.0,836.0,13,70,6,0,0,189.37,14.55,111.95
2024-03-10 14:00:00+05:30,31.0,20,988.4,12,11.1,13.5,26.3,727.7,196.0,752.4,14,70,6,0,0,177.98,50.0,117.18
2024-03-10 15:00:00+05:30,30.9,21,987.9,68,13.3,16.3,29.2,688.5,177.0,608.6,15,70,6,0,0,153.85,50.0,116.12
2024-03-10 16:00:00+05:30,30.5,21,987.7,90,11.7,14.3,28.8,570.6,163.0,409.6,16,70,6,0,0,114.01,50.0,111.95
2024-03-10 17:00:00+05:30,30.0,22,987.9,100,10.9,13.7,24.8,255.3,150.0,176.4,17,70,6,0,0,56.99,50.0,106.89
2024-03-10 18:00:00+05:30,27.2,21,988.0,87,7.3,9.8,18.0,182.1,54.0,21.9,18,70,6,0,1,20.24,19.28,177.18
2024-03-10 19:00:00+05:30,25.3,21,988.0,19,8.9,12.1,10.1,0.0,1.0,0.0,19,70,6,0,1,0.0,36.65,165.83
2024-03-10 20:00:00+05:30,23.7,22,988.5,16,9.9,13.0,11.2,0.0,0.0,0.0,20,70,6,0,1,0.0,50.0,165.0
2024-03-10 21:00:00+05:30,24.2,22,989.4,57,8.6,18.7,12.2,0.0,0.0,0.0,21,70,6,0,1,0.0,50.0,165.0
2024-03-10 22:00:00+05:30,24.0,20,990.2,67,11.7,24.6,18.7,0.0,0.0,0.0,22,70,6,0,1,0.0,50.0,165.0
2024-03-10 23:00:00+05:30,24.0,18,990.4,21,11.3,23.9,19.1,0.0,0.0,0.0,23,70,6,0,1,0.0,50.0,165.0
2024-03-11 00:00:00+05:30,22.7,19,990.3,0,11.5,24.5,18.4,0.0,0.0,0.0,0,71,0,0,0,0.0,50.0,70.0
2024-03-11 01:00:00+05:30,21.8,20,989.9,0,12.4,25.9,19.4,0.0,0.0,0.0,1,71,0,0,0,0.0,50.0,70.0
2024-03-11 02:00:00+05:30,20.9,22,989.6,3,12.1,25.6,20.2,0.0,0.0,0.0,2,71,0,0,0,0.0,50.0,70.0
2024-03-11 03:00:00+05:30,20.1,24,989.3,27,11.6,24.2,19.8,0.0,0.0,0.0,3,71,0,0,0,0.0,50.0,70.0
2024-03-11 04:00:00+05:30,19.5,26,989.1,3,10.0,22.0,18.7,0.0,0.0,0.0,4,71,0,0,0,0.0,50.0,70.0
2024-03-11 05:00:00+05:30,18.4,29,989.3,0,7.6,18.4,15.8,0.0,0.0,0.0,5,71,0,0,0,0.0,50.0,70.0
2024-03-11 06:00:00+05:30,19.1,33,990.2,8,7.3,19.0,15.8,0.0,0.0,0.0,6,71,0,0,0,0.0,50.0,70.0
2024-03-11 07:00:00+05:30,19.3,34,990.9,0,7.8,17.7,11.5,32.8,14.0,58.0,7,71,0,0,0,3.74,50.0,110.0
2024-03-11 08:00:00+05:30,21.8,30,991.8,0,9.4,17.5,17.6,321.5,83.0,234.7,8,71,0,0,0,41.38,50.0,110.0
2024-03-11 09:00:00+05:30,24.9,27,992.1,0,7.6,11.2,19.1,540.0,132.0,458.7,9,71,0,1,0,93.01,26.08,190.0
2024-03-11 10:00:00+05:30,28.5,23,992.1,0,7.9,10.0,20.5,664.5,162.0,653.3,10,71,0,1,0,137.19,22.22,212.79
2024-03-11 11:00:00+05:30,30.7,16,991.7,0,6.6,7.8,22.3,732.5,181.0,790.9,11,71,0,1,0,168.83,11.03,234.02
2024-03-11 12:00:00+05:30,31.8,15,990.9,0,7.9,9.3,22.3,766.8,191.0,859.1,12,71,0,1,0,186.92,19.3,245.86
2024-03-11 13:00:00+05:30,32.4,15,989.8,6,11.0,13.1,26.6,773.7,193.0,850.7,13,71,0,1,0,190.58,50.0,216.62
2024-03-11 14:00:00+05:30,32.7,15,988.9,9,12.2,15.0,28.4,742.0,193.0,762.9,14,71,0,1,0,178.57,50.0,256.07
2024-03-11 15:00:00+05:30,32.7,15,988.1,7,13.5,16.6,29.2,687.2,183.0,615.0,15,71,0,1,0,153.5,50.0,256.07
2024-03-11 16:00:00+05:30,32.3,16,987.7,6,14.8,18.2,29.2,611.9,154.0,423.4,16,71,0,1,0,116.82,50.0,251.48
2024-03-11 17:00:00+05:30,31.4,17,987.9,0,15.1,19.2,29.2,457.3,116.0,207.7,17,71,0,1,0,69.06,50.0,241.47
2024-03-11 18:00:00+05:30,29.8,18,988.1,0,8.5,17.8,25.6,218.2,55.0,24.6,18,71,0,0,1,21.87,50.0,199.91
2024-03-11 19:00:00+05:30,26.1,22,988.3,0,10.5,16.0,13.3,0.0,2.0,0.0,19,71,0,0,1,0.0,50.0,169.78
2024-03-11 20:00:00+05:30,26.3,22,988.8,1,8.9,22.4,13.0,0.0,0.0,0.0,20,71,0,0,1,0.0,50.0,170.99
2024-03-11 21:00:00+05:30,25.8,22,989.3,0,8.9,22.7,15.1,0.0,0.0,0.0,21,71,0,0,1,0.0,50.0,168.11
2024-03-11 22:00:00+05:30,23.2,27,989.2,0,10.9,16.1,14.0,0.0,0.0,0.0,22,71,0,0,1,0.0,50.0,165.0
2024-03-11 23:00:00+05:30,25.4,23,989.2,0,4.5,8.2,13.0,0.0,0.0,0.0,23,71,0,0,1,0.0,7.14,166.22
2024-03-12 00:00:00+05:30,21.3,30,989.3,0,8.4,17.9,12.2,0.0,0.0,0.0,0,72,1,0,0,0.0,50.0,70.0
2024-03-12 01:00:00+05:30,21.7,29,989.1,0,9.0,20.9,14.0,0.0,0.0,0.0,1,72,1,0,0,0.0,50.0,70.0
2024-03-12 02:00:00+05:30,21.2,31,988.6,0,10.1,22.0,15.8,0.0,0.0,0.0,2,72,1,0,0,0.0,50.0,70.0
2024-03-12 03:00:00+05:30,20.6,33,988.2,0,12.4,25.7,20.2,0.0,0.0,0.0,3,72,1,0,0,0.0,50.0,70.0
2024-03-12 04:00:00+05:30,20.0,35,987.8,0,12.0,24.9,20.2,0.0,0.0,0.0,4,72,1,0,0,0.0,50.0,70.0
2024-03-12 05:00:00+05:30,19.3,36,987.9,0,12.2,24.3,19.8,0.0,0.0,0.0,5,72,1,0,0,0.0,50.0,70.0
2024-03-12 06:00:00+05:30,19.0,41,989.4,0,11.8,21.9,20.5,0.0,0.0,0.0,6,72,1,0,0,0.0,50.0,70.0
2024-03-12 07:00:00+05:30,19.1,42,990.1,0,12.6,20.7,20.2,42.8,15.0,63.0,7,72,1,0,0,4.13,50.0,110.0
2024-03-12 08:00:00+05:30,21.6,38,991.1,0,12.2,20.4,22.3,324.2,86.0,240.8,8,72,1,0,0,42.34,50.0,110.0
2024-03-12 09:00:00+05:30,24.5,33,991.8,0,10.9,14.2,24.1,541.8,133.0,462.9,9,72,1,1,0,93.71,50.0,190.0
2024-03-12 10:00:00+05:30,27.4,28,991.7,0,7.3,8.6,23.8,669.8,162.0,659.5,10,72,1,1,0,138.73,15.31,203.69
2024-03-12 11:00:00+05:30,30.0,20,991.4,0,8.1,10.0,21.6,740.6,181.0,800.1,11,72,1,1,0,170.78,22.85,226.89
2024-03-12 12:00:00+05:30,31.1,17,990.7,0,11.0,13.2,27.0,775.4,192.0,870.1,12,72,1,1,0,189.23,50.0,238.24
2024-03-12 13:00:00+05:30,31.7,16,989.7,0,10.6,12.4,27.4,783.5,195.0,863.5,13,72,1,1,0,193.25,50.0,208.76
2024-03-12 14:00:00+05:30,32.0,16,988.6,0,9.1,10.5,26.6,768.3,188.0,781.0,14,72,1,1,0,182.7,28.82,248.09
2024-03-12 15:00:00+05:30,32.1,15,987.6,0,7.6,8.6,24.1,723.2,174.0,632.4,15,72,1,1,0,157.83,15.86,249.22
2024-03-12 16:00:00+05:30,32.0,15,987.0,0,5.4,6.5,20.9,635.4,152.0,434.5,16,72,1,1,0,119.58,5.82,248.09
2024-03-12 17:00:00+05:30,31.4,15,986.8,0,5.8,7.1,16.6,478.2,116.0,214.6,17,72,1,1,0,70.96,7.66,241.47
2024-03-12 18:00:00+05:30,29.5,15,987.6,0,11.5,21.0,25.9,229.1,56.0,26.2,18,72,1,0,1,22.56,50.0,197.0
2024-03-12 19:00:00+05:30,26.5,19,987.6,0,10.0,15.5,19.1,0.0,2.0,0.0,19,72,1,0,1,0.0,50.0,172.26
2024-03-12 20:00:00+05:30,24.5,22,987.8,0,9.5,12.7,13.0,0.0,0.0,0.0,20,72,1,0,1,0.0,43.57,165.0
2024-03-12 21:00:00+05:30,23.1,25,988.3,0,8.1,9.7,11.5,0.0,0.0,0.0,21,72,1,0,1,0.0,22.09,165.0
2024-03-12 22:00:00+05:30,21.9,27,988.4,0,7.8,8.2,9.4,0.0,0.0,0.0,22,72,1,0,1,0.0,17.55,165.0
2024-03-12 23:00:00+05:30,23.9,23,987.9,0,3.8,6.8,8.6,0.0,0.0,0.0,23,72,1,0,1,0.0,3.83,165.0
2024-03-13 00:00:00+05:30,21.4,27,987.2,0,4.0,4.4,4.7,0.0,0.0,0.0,0,73,2,0,0,0.0,1.62,70.0
2024-03-13 01:00:00+05:30,19.8,31,986.4,0,6.7,7.0,9.0,0.0,0.0,0.0,1,73,2,0,0,0.0,10.86,70.0
2024-03-13 02:00:00+05:30,19.4,32,985.7,0,6.0,9.4,10.1,0.0,0.0,0.0,2,73,2,0,0,0.0,14.02,70.0
2024-03-13 03:00:00+05:30,18.3,35,985.0,0,6.2,11.2,9.4,0.0,0.0,0.0,3,73,2,0,0,0.0,20.14,70.0
2024-03-13 04:00:00+05:30,17.0,38,984.8,0,7.6,10.0,9.7,0.0,0.0,0.0,4,73,2,0,0,0.0,21.77,70.0
2024-03-13 05:00:00+05:30,16.8,39,984.7,0,8.8,12.6,10.1,0.0,0.0,0.0,5,73,2,0,0,0.0,39.74,70.0
2024-03-13 06:00:00+05:30,17.4,44,985.5,0,5.4,12.6,11.5,0.0,0.0,0.0,6,73,2,0,0,0.0,20.68,70.0
2024-03-13 07:00:00+05:30,18.1,44,986.6,0,5.2,14.9,8.6,41.9,16.0,64.5,7,73,2,0,0,4.37,25.65,110.0
2024-03-13 08:00:00+05:30,20.8,37,987.5,0,11.5,21.7,21.2,327.0,85.0,241.0,8,73,2,0,0,42.54,50.0,110.0
2024-03-13 09:00:00+05:30,24.0,32,988.3,0,16.6,21.9,32.0,539.3,132.0,462.1,9,73,2,1,0,93.54,50.0,190.0
2024-03-13 10:00:00+05:30,26.5,29,988.3,0,13.0,16.3,32.4,664.3,161.0,656.8,10,73,2,1,0,138.41,50.0,197.26
2024-03-13 11:00:00+05:30,28.7,25,988.0,0,7.8,9.5,28.4,731.9,181.0,795.6,11,73,2,1,0,170.44,19.85,214.57
2024-03-13 12:00:00+05:30,30.3,23,987.4,0,14.1,17.4,29.9,767.5,190.0,863.8,12,73,2,1,0,188.29,50.0,229.9
2024-03-13 13:00:00+05:30,30.7,22,986.6,0,18.4,23.1,37.8,774.8,193.0,856.5,13,73,2,1,0,192.31,50.0,198.02
2024-03-13 14:00:00+05:30,31.2,21,985.5,0,18.2,23.0,37.8,759.5,187.0,775.3,14,73,2,1,0,181.7,50.0,239.31
2024-03-13 15:00:00+05:30,31.2,21,984.8,0,20.7,26.2,40.0,715.0,173.0,628.0,15,73,2,1,0,156.96,50.0,239.31
2024-03-13 16:00:00+05:30,30.8,22,984.5,0,19.6,25.1,40.0,629.2,150.0,431.4,16,73,2,1,0,118.93,50.0,235.07
2024-03-13 17:00:00+05:30,30.1,23,984.5,5,19.6,25.8,36.7,470.2,116.0,213.5,17,73,2,1,0,70.49,50.0,227.89
2024-03-13 18:00:00+05:30,28.9,23,985.2,1,16.5,26.3,34.6,221.0,57.0,27.0,18,73,2,0,1,22.4,50.0,191.37
2024-03-13 19:00:00+05:30,27.5,25,985.9,0,17.1,30.2,27.7,0.0,2.0,0.0,19,73,2,0,1,0.0,50.0,179.47
2024-03-13 20:00:00+05:30,26.7,26,986.7,0,16.4,29.5,28.4,0.0,0.0,0.0,20,73,2,0,1,0.0,50.0,173.6
2024-03-13 21:00:00+05:30,25.2,28,987.6,0,13.3,26.1,26.6,0.0,0.0,0.0,21,73,2,0,1,0.0,50.0,165.48
2024-03-13 22:00:00+05:30,23.8,31,987.9,0,12.2,25.3,21.6,0.0,0.0,0.0,22,73,2,0,1,0.0,50.0,165.0
2024-03-13 23:00:00+05:30,23.0,33,987.8,0,12.9,26.7,20.9,0.0,0.0,0.0,23,73,2,0,1,0.0,50.0,165.0
2024-03-14 00:00:00+05:30,22.4,34,987.6,0,11.3,25.2,20.9,0.0,0.0,0.0,0,74,3,0,0,0.0,50.0,70.0
2024-03-14 01:00:00+05:30,21.0,37,987.3,0,7.2,20.0,18.4,0.0,0.0,0.0,1,74,3,0,0,0.0,50.0,70.0
2024-03-14 02:00:00+05:30,18.9,43,986.8,0,7.1,12.3,10.8,0.0,0.0,0.0,2,74,3,0,0,0.0,28.5,70.0
2024-03-14 03:00:00+05:30,18.6,44,986.8,0,6.8,14.2,10.8,0.0,0.0,0.0,3,74,3,0,0,0.0,34.64,70.0
2024-03-14 04:00:00+05:30,17.1,49,986.9,0,6.8,12.6,10.8,0.0,0.0,0.0,4,74,3,0,0,0.0,28.25,70.0
2024-03-14 05:00:00+05:30,17.2,49,987.5,0,8.7,16.6,13.0,0.0,0.0,0.0,5,74,3,0,0,0.0,50.0,70.0
2024-03-14 06:00:00+05:30,18.6,46,988.7,0,15.6,29.0,24.5,0.0,0.0,0.0,6,74,3,0,0,0.0,50.0,70.0
2024-03-14 07:00:00+05:30,18.8,46,989.7,0,16.3,28.8,25.9,51.2,17.0,69.0,7,74,3,0,0,4.73,50.0,110.0
2024-03-14 08:00:00+05:30,21.0,41,990.8,0,13.8,28.1,25.9,329.6,89.0,248.4,8,74,3,0,0,43.65,50.0,110.0
2024-03-14 09:00:00+05:30,24.2,34,991.6,0,15.1,20.2,29.2,543.2,136.0,471.1,9,74,3,1,0,94.86,50.0,190.0
2024-03-14 10:00:00+05:30,26.9,28,991.5,0,14.6,18.5,31.3,668.0,165.0,666.4,10,74,3,1,0,139.6,50.0,199.99
2024-03-14 11:00:00+05:30,28.7,24,991.1,0,10.3,12.2,31.0,737.4,184.0,805.8,11,74,3,1,0,171.98,44.73,214.57
2024-03-14 12:00:00+05:30,29.7,21,990.3,0,5.0,5.6,25.6,771.4,195.0,874.8,12,74,3,1,0,190.38,3.89,223.93
2024-03-14 13:00:00+05:30,30.5,19,989.5,0,3.2,3.9,19.4,781.1,196.0,867.2,13,74,3,1,0,194.11,0.59,195.95
2024-03-14 14:00:00+05:30,31.1,18,988.5,0,3.1,3.3,17.6,764.1,190.0,783.9,14,74,3,1,0,183.05,0.29,238.24
2024-03-14 15:00:00+05:30,31.3,18,987.5,0,3.8,4.1,16.6,719.3,176.0,635.3,15,74,3,1,0,158.04,1.23,240.39
2024-03-14 16:00:00+05:30,31.1,17,986.9,0,6.4,7.4,18.0,633.5,152.0,436.7,16,74,3,1,0,119.63,9.53,238.24
2024-03-14 17:00:00+05:30,30.4,17,987.0,0,9.4,11.3,19.8,477.8,117.0,217.6,17,74,3,1,0,71.24,34.35,230.92
2024-03-14 18:00:00+05:30,28.6,10,988.0,0,10.2,17.8,22.3,236.5,59.0,29.3,18,74,3,0,1,23.5,50.0,188.67
2024-03-14 19:00:00+05:30,26.0,13,988.2,0,7.4,16.6,17.3,0.0,2.0,0.0,19,74,3,0,1,0.0,50.0,169.2
2024-03-14 20:00:00+05:30,23.4,17,988.4,0,7.9,9.0,11.2,0.0,0.0,0.0,20,74,3,0,1,0.0,18.68,165.0
2024-03-14 21:00:00+05:30,22.0,20,988.7,0,7.9,7.9,9.0,0.0,0.0,0.0,21,74,3,0,1,0.0,18.27,165.0
2024-03-14 22:00:00+05:30,22.6,20,988.9,0,7.8,16.6,12.6,0.0,0.0,0.0,22,74,3,0,1,0.0,50.0,165.0
2024-03-14 23:00:00+05:30,21.5,24,988.6,0,8.0,15.9,12.2,0.0,0.0,0.0,23,74,3,0,1,0.0,50.0,165.0
2024-03-15 00:00:00+05:30,21.0,25,987.9,0,10.9,21.1,16.9,0.0,0.0,0.0,0,75,4,0,0,0.0,50.0,70.0
2024-03-15 01:00:00+05:30,20.7,27,987.7,0,12.9,27.2,20.5,0.0,0.0,0.0,1,75,4,0,0,0.0,50.0,70.0
2024-03-15 02:00:00+05:30,20.2,33,987.3,0,12.9,27.0,21.2,0.0,0.0,0.0,2,75,4,0,0,0.0,50.0,70.0
2024-03-15 03:00:00+05:30,19.7,36,987.1,0,12.8,26.7,20.9,0.0,0.0,0.0,3,75,4,0,0,0.0,50.0,70.0
2024-03-15 04:00:00+05:30,19.5,38,987.1,0,14.2,28.4,23.0,0.0,0.0,0.0,4,75,4,0,0,0.0,50.0,70.0
2024-03-15 05:00:00+05:30,19.1,39,987.3,0,14.1,28.3,23.4,0.0,0.0,0.0,5,75,4,0,0,0.0,50.0,70.0
2024-03-15 06:00:00+05:30,18.9,44,988.5,0,16.9,31.3,27.7,0.0,0.0,0.0,6,75,4,0,0,0.0,50.0,70.0
2024-03-15 07:00:00+05:30,19.1,44,989.4,0,17.7,30.5,28.4,50.2,18.0,70.3,7,75,4,0,0,4.95,50.0,110.0
2024-03-15 08:00:00+05:30,21.2,39,990.7,0,15.4,24.3,28.8,339.6,89.0,252.9,8,75,4,0,0,44.43,50.0,110.0
2024-03-15 09:00:00+05:30,23.9,33,991.3,0,15.6,20.6,31.0,549.2,136.0,476.3,9,75,4,1,0,95.8,50.0,190.0
2024-03-15 10:00:00+05:30,26.8,27,991.0,0,16.3,20.4,32.8,671.7,166.0,672.6,10,75,4,1,0,140.52,50.0,199.29
2024-03-15 11:00:00+05:30,29.0,21,990.6,0,14.5,17.6,33.1,740.3,185.0,811.9,11,75,4,1,0,172.52,50.0,217.29
2024-03-15 12:00:00+05:30,30.3,18,989.7,0,12.3,14.8,31.3,774.1,195.0,879.7,12,75,4,1,0,190.42,50.0,229.9
2024-03-15 13:00:00+05:30,31.1,16,988.8,0,11.6,13.7,29.2,781.7,197.0,871.1,13,75,4,1,0,193.9,50.0,202.24
2024-03-15 14:00:00+05:30,31.4,16,987.9,0,11.0,13.2,28.1,766.2,191.0,788.6,14,75,4,1,0,183.32,50.0,241.47
2024-03-15 15:00:00+05:30,31.3,15,987.1,0,10.6,12.4,27.0,720.8,177.0,639.1,15,75,4,1,0,158.39,50.0,240.39
2024-03-15 16:00:00+05:30,31.0,15,986.8,0,11.3,13.5,25.2,636.0,153.0,440.3,16,75,4,1,0,120.11,50.0,237.18
2024-03-15 17:00:00+05:30,30.2,15,987.0,0,12.7,15.8,24.8,480.3,118.0,220.1,17,75,4,1,0,71.63,50.0,228.89
2024-03-15 18:00:00+05:30,28.0,16,987.2,0,7.1,14.0,18.7,233.6,59.0,30.1,18,75,4,0,1,23.37,34.69,183.51
2024-03-15 19:00:00+05:30,26.2,20,987.7,0,10.5,22.3,16.6,0.0,2.0,0.0,19,75,4,0,1,0.0,50.0,170.37
2024-03-15 20:00:00+05:30,25.1,21,988.4,10,13.3,27.4,20.9,0.0,0.0,0.0,20,75,4,0,1,0.0,50.0,165.19
2024-03-15 21:00:00+05:30,24.3,21,988.9,40,17.4,32.7,28.1,0.0,0.0,0.0,21,75,4,0,1,0.0,50.0,165.0
2024-03-15 22:00:00+05:30,23.2,22,989.2,98,17.9,32.7,29.2,0.0,0.0,0.0,22,75,4,0,1,0.0,0.0,165.0
2024-03-15 23:00:00+05:30,22.1,23,989.0,99,16.1,30.9,28.8,0.0,0.0,0.0,23,75,4,0,1,0.0,50.0,165.0
2024-03-16 00:00:00+05:30,21.4,25,988.6,93,15.5,30.3,26.3,0.0,0.0,0.0,0,76,5,0,0,0.0,50.0,70.0
2024-03-16 01:00:00+05:30,20.7,26,988.4,78,14.3,28.2,25.2,0.0,0.0,0.0,1,76,5,0,0,0.0,50.0,70.0
2024-03-16 02:00:00+05:30,19.7,29,987.9,75,13.9,27.7,23.0,0.0,0.0,0.0,2,76,5,0,0,0.0,50.0,70.0
2024-03-16 03:00:00+05:30,19.3,29,987.7,100,14.5,28.8,23.4,0.0,0.0,0.0,3,76,5,0,0,0.0,50.0,70.0
2024-03-16 04:00:00+05:30,19.0,30,987.9,100,14.0,27.5,23.4,0.0,0.0,0.0,4,76,5,0,0,0.0,50.0,70.0
2024-03-16 05:00:00+05:30,18.9,29,988.3,100,14.5,27.9,23.4,0.0,0.0,0.0,5,76,5,0,0,0.0,50.0,70.0
2024-03-16 06:00:00+05:30,19.0,32,989.7,98,14.9,29.2,24.5,0.0,0.0,0.0,6,76,5,0,0,0.0,50.0,70.0
2024-03-16 07:00:00+05:30,19.5,32,990.6,50,14.7,26.8,24.1,19.7,20.0,65.4,7,76,5,0,0,4.94,50.0,110.0
2024-03-16 08:00:00+05:30,21.6,29,991.7,81,12.9,25.6,23.8,315.8,95.0,253.2,8,76,5,0,0,44.05,50.0,110.0
2024-03-16 09:00:00+05:30,24.6,25,992.4,83,13.4,18.8,27.0,423.5,172.0,449.3,9,76,5,0,0,88.33,50.0,130.0
2024-03-16 10:00:00+05:30,27.8,19,992.1,10,16.6,21.4,33.1,608.3,193.0,658.7,10,76,5,0,0,135.86,50.0,146.86
2024-03-16 11:00:00+05:30,29.7,16,991.6,0,15.8,19.6,34.6,726.7,194.0,812.6,11,76,5,0,0,171.46,50.0,163.93
2024-03-16 12:00:00+05:30,31.0,15,990.8,0,12.6,15.0,33.5,775.7,197.0,885.7,12,76,5,0,0,190.51,50.0,177.18
2024-03-16 13:00:00+05:30,31.7,14,989.7,0,8.5,10.1,29.2,783.5,199.0,876.9,13,76,5,0,0,194.05,24.63,166.76
2024-03-16 14:00:00+05:30,32.1,13,988.5,0,6.4,7.1,24.1,768.4,193.0,794.3,14,76,5,0,0,183.44,9.0,189.22
2024-03-16 15:00:00+05:30,32.1,13,987.4,0,6.6,7.4,20.9,723.7,179.0,644.6,15,76,5,0,0,158.58,9.94,189.22
2024-03-16 16:00:00+05:30,31.8,13,987.3,0,7.9,9.2,20.2,638.6,154.0,443.9,16,76,5,0,0,120.14,18.87,185.86
2024-03-16 17:00:00+05:30,31.2,13,987.6,2,9.7,11.4,20.2,482.8,119.0,222.7,17,76,5,0,0,71.68,36.29,179.31
2024-03-16 18:00:00+05:30,28.9,13,988.3,53,8.8,16.7,18.7,236.7,60.0,31.6,18,76,5,0,1,23.58,50.0,191.37
2024-03-16 19:00:00+05:30,27.2,14,988.7,42,9.6,17.7,15.8,0.0,2.0,0.0,19,76,5,0,1,0.0,50.0,177.18
2024-03-16 20:00:00+05:30,26.0,15,989.2,0,10.3,16.8,16.2,0.0,0.0,0.0,20,76,5,0,1,0.0,50.0,169.2
2024-03-16 21:00:00+05:30,24.9,13,989.8,0,13.1,26.6,20.9,0.0,0.0,0.0,21,76,5,0,1,0.0,50.0,165.0
2024-03-16 22:00:00+05:30,23.7,13,989.9,0,13.2,27.2,22.0,0.0,0.0,0.0,22,76,5,0,1,0.0,50.0,165.0
2024-03-16 23:00:00+05:30,22.2,16,989.3,0,13.1,27.3,21.2,0.0,0.0,0.0,23,76,5,0,1,0.0,50.0,165.0
2024-03-17 00:00:00+05:30,21.2,18,989.1,0,13.6,28.0,22.0,0.0,0.0,0.0,0,77,6,0,0,0.0,50.0,70.0
2024-03-17 01:00:00+05:30,20.5,19,988.6,0,13.5,27.3,22.0,0.0,0.0,0.0,1,77,6,0,0,0.0,50.0,70.0
2024-03-17 02:00:00+05:30,19.9,20,988.1,0,14.8,28.7,23.8,0.0,0.0,0.0,2,77,6,0,0,0.0,50.0,70.0
2024-03-17 03:00:00+05:30,19.4,20,987.8,66,14.6,28.6,24.1,0.0,0.0,0.0,3,77,6,0,0,0.0,50.0,70.0
2024-03-17 04:00:00+05:30,19.0,21,988.1,95,15.1,28.5,24.1,0.0,0.0,0.0,4,77,6,0,0,0.0,50.0,70.0
2024-03-17 05:00:00+05:30,18.6,23,988.6,99,15.9,30.1,25.6,0.0,0.0,0.0,5,77,6,0,0,0.0,50.0,70.0
2024-03-17 06:00:00+05:30,18.4,28,989.9,45,14.8,28.2,24.5,0.0,0.0,0.0,6,77,6,0,0,0.0,50.0,70.0
2024-03-17 07:00:00+05:30,18.9,28,990.6,69,15.8,28.4,25.2,57.8,20.0,75.4,7,77,6,0,0,5.56,50.0,110.0
2024-03-17 08:00:00+05:30,21.6,25,991.3,96,14.8,29.7,26.3,329.3,97.0,261.9,8,77,6,0,0,45.54,50.0,110.0
2024-03-17 09:00:00+05:30,24.7,22,992.1,100,12.0,16.4,26.3,504.8,157.0,479.7,9,77,6,0,0,94.83,50.0,70.0
2024-03-17 10:00:00+05:30,27.4,19,992.0,85,13.7,17.3,28.8,519.8,236.0,643.8,10,77,6,0,0,131.25,50.0,83.69
2024-03-17 11:00:00+05:30,29.9,13,991.5,99,12.6,15.8,29.9,581.7,268.0,772.0,11,77,6,0,0,160.52,50.0,105.89
2024-03-17 12:00:00+05:30,31.1,12,990.7,100,8.4,10.2,28.8,648.1,276.0,855.8,12,77,6,0,0,181.72,24.74,118.24
2024-03-17 13:00:00+05:30,31.6,11,989.6,100,5.0,6.0,23.8,487.6,365.0,785.1,13,77,6,0,0,169.9,4.44,123.66
2024-03-17 14:00:00+05:30,32.0,10,988.6,100,4.2,4.7,19.1,416.8,367.0,681.2,14,77,6,0,0,153.22,1.95,128.09
2024-03-17 15:00:00+05:30,32.0,10,987.8,100,7.1,8.2,19.4,313.2,343.0,520.5,15,77,6,0,0,123.44,13.26,128.09
2024-03-17 16:00:00+05:30,31.8,9,987.5,54,9.6,11.4,22.0,319.8,256.0,374.1,16,77,6,0,0,97.41,35.72,125.86
2024-03-17 17:00:00+05:30,31.0,9,987.7,0,11.6,14.1,22.7,413.8,137.0,217.3,17,77,6,0,0,68.77,50.0,117.18
2024-03-17 18:00:00+05:30,28.5,11,988.4,9,7.0,14.2,21.2,140.4,70.0,30.4,18,77,6,0,1,21.36,34.88,187.79
2024-03-17 19:00:00+05:30,25.5,13,988.7,0,7.9,17.9,11.9,0.0,3.0,0.0,19,77,6,0,1,0.0,50.0,166.65
2024-03-17 20:00:00+05:30,25.4,10,989.1,0,12.8,27.0,19.8,0.0,0.0,0.0,20,77,6,0,1,0.0,50.0,166.22
2024-03-17 21:00:00+05:30,24.4,11,989.5,0,12.9,27.1,21.6,0.0,0.0,0.0,21,77,6,0,1,0.0,50.0,165.0
2024-03-17 22:00:00+05:30,23.0,12,989.5,0,12.8,26.6,20.9,0.0,0.0,0.0,22,77,6,0,1,0.0,50.0,165.0
2024-03-17 23:00:00+05:30,22.0,14,989.1,0,12.1,25.3,20.5,0.0,0.0,0.0,23,77,6,0,1,0.0,50.0,165.0
2024-03-18 00:00:00+05:30,20.8,15,988.8,0,11.9,22.7,19.4,0.0,0.0,0.0,0,78,0,0,0,0.0,50.0,70.0
2024-03-18 01:00:00+05:30,20.2,16,988.5,0,13.1,26.0,20.9,0.0,0.0,0.0,1,78,0,0,0,0.0,50.0,70.0
2024-03-18 02:00:00+05:30,19.4,18,988.1,0,12.5,26.1,21.2,0.0,0.0,0.0,2,78,0,0,0,0.0,50.0,70.0
2024-03-18 03:00:00+05:30,18.7,21,987.9,0,12.7,25.5,20.2,0.0,0.0,0.0,3,78,0,0,0,0.0,50.0,70.0
2024-03-18 04:00:00+05:30,18.1,24,987.9,0,14.0,27.9,22.7,0.0,0.0,0.0,4,78,0,0,0,0.0,50.0,70.0
2024-03-18 05:00:00+05:30,17.6,27,988.1,0,13.1,26.0,22.3,0.0,0.0,0.0,5,78,0,0,0,0.0,50.0,70.0
2024-03-18 06:00:00+05:30,17.8,34,988.8,0,13.2,26.7,22.3,0.0,0.0,0.0,6,78,0,0,0,0.0,50.0,70.0
2024-03-18 07:00:00+05:30,18.3,35,989.5,0,13.4,25.3,21.2,66.1,21.0,79.1,7,78,0,0,0,5.94,50.0,110.0
2024-03-18 08:00:00+05:30,21.1,31,990.5,0,11.4,23.6,22.3,356.8,95.0,270.5,8,78,0,0,0,47.27,50.0,110.0
2024-03-18 09:00:00+05:30,24.5,26,991.2,0,10.5,15.2,23.0,564.2,142.0,498.1,9,78,0,1,0,98.91,50.0,190.0
2024-03-18 10:00:00+05:30,28.0,20,991.2,0,12.2,15.5,27.0,681.0,171.0,692.2,10,78,0,1,0,142.48,50.0,208.51
2024-03-18 11:00:00+05:30,30.0,16,990.7,0,10.1,12.2,27.7,746.4,190.0,830.0,11,78,0,1,0,173.94,43.38,226.89
2024-03-18 12:00:00+05:30,31.2,14,989.8,0,9.7,11.5,25.6,778.8,200.0,896.5,12,78,0,1,0,191.49,36.93,239.31
2024-03-18 13:00:00+05:30,32.0,12,988.7,0,10.5,12.5,26.6,785.9,203.0,887.5,13,78,0,1,0,194.89,50.0,212.09
2024-03-18 14:00:00+05:30,32.3,11,987.7,0,10.8,13.1,27.0,769.2,196.0,801.9,14,78,0,1,0,183.85,50.0,251.48
2024-03-18 15:00:00+05:30,32.3,11,986.8,0,10.9,13.5,27.0,724.2,180.0,649.4,15,78,0,1,0,158.55,50.0,251.48
2024-03-18 16:00:00+05:30,32.0,12,986.5,0,10.5,12.9,25.9,637.1,157.0,448.6,16,78,0,1,0,120.2,50.0,248.09
2024-03-18 17:00:00+05:30,31.7,11,986.3,0,10.9,13.5,23.0,482.8,120.0,225.7,17,78,0,1,0,71.53,50.0,244.76
2024-03-18 18:00:00+05:30,28.6,11,986.6,0,6.6,12.9,14.4,237.1,62.0,34.1,18,78,0,0,1,23.92,27.2,188.67
2024-03-18 19:00:00+05:30,25.8,13,986.9,0,9.2,16.8,11.9,0.0,3.0,0.0,19,78,0,0,1,0.0,50.0,168.11
2024-03-18 20:00:00+05:30,26.3,13,987.8,0,8.0,11.5,13.7,0.0,0.0,0.0,20,78,0,0,1,0.0,28.99,170.99
2024-03-18 21:00:00+05:30,23.6,15,988.0,0,7.4,7.3,9.0,0.0,0.0,0.0,21,78,0,0,1,0.0,14.77,165.0
2024-03-18 22:00:00+05:30,23.0,16,988.2,0,7.7,6.4,9.7,0.0,0.0,0.0,22,78,0,0,1,0.0,16.79,165.0
2024-03-18 23:00:00+05:30,22.6,17,988.0,0,5.8,3.8,9.4,0.0,0.0,0.0,23,78,0,0,1,0.0,6.69,165.0
2024-03-19 00:00:00+05:30,25.2,15,987.8,0,1.5,2.3,6.8,0.0,0.0,0.0,0,79,1,0,0,0.0,0.0,70.48
2024-03-19 01:00:00+05:30,24.4,16,987.1,0,6.1,7.5,6.8,0.0,0.0,0.0,1,79,1,0,0,0.0,9.34,70.0
2024-03-19 02:00:00+05:30,24.6,16,986.4,0,6.9,10.2,7.6,0.0,0.0,0.0,2,79,1,0,0,0.0,19.32,70.0
2024-03-19 03:00:00+05:30,19.1,23,985.8,0,9.7,11.3,10.8,0.0,0.0,0.0,3,79,1,0,0,0.0,37.15,70.0
2024-03-19 04:00:00+05:30,17.1,31,985.7,0,9.7,10.5,11.9,0.0,0.0,0.0,4,79,1,0,0,0.0,35.03,70.0
2024-03-19 05:00:00+05:30,16.5,37,986.0,0,8.4,9.4,11.2,0.0,0.0,0.0,5,79,1,0,0,0.0,22.49,70.0
2024-03-19 06:00:00+05:30,16.8,41,987.4,0,6.8,12.7,10.1,0.0,0.0,0.0,6,79,1,0,0,0.0,28.68,70.0
2024-03-19 07:00:00+05:30,18.5,37,988.4,0,8.0,16.0,11.9,64.8,21.0,77.1,7,79,1,0,0,5.93,50.0,110.0
2024-03-19 08:00:00+05:30,22.3,29,989.2,0,7.9,15.7,15.5,344.4,94.0,265.1,8,79,1,0,0,46.05,50.0,110.0
2024-03-19 09:00:00+05:30,26.7,22,989.9,0,7.9,15.2,18.4,547.3,141.0,489.0,9,79,1,1,0,96.04,46.42,198.6
2024-03-19 10:00:00+05:30,30.4,17,990.1,0,11.5,14.8,25.6,663.5,171.0,681.7,10,79,1,1,0,138.67,50.0,230.92
2024-03-19 11:00:00+05:30,32.4,14,989.5,3,12.7,15.8,28.8,728.0,190.0,816.9,11,79,1,1,0,169.27,50.0,252.62
2024-03-19 12:00:00+05:30,33.6,13,988.6,20,13.3,16.2,31.3,765.5,199.0,886.0,12,79,1,1,0,187.1,50.0,266.7
2024-03-19 13:00:00+05:30,34.1,13,987.8,31,14.0,16.9,31.3,702.3,225.0,838.1,13,79,1,1,0,182.34,50.0,236.79
2024-03-19 14:00:00+05:30,34.6,12,986.8,33,14.3,17.9,31.3,616.4,244.0,726.8,14,79,1,1,0,164.51,50.0,278.98
2024-03-19 15:00:00+05:30,34.4,12,986.0,28,15.1,19.3,31.7,522.5,219.0,550.6,15,79,1,1,0,132.84,50.0,276.49
2024-03-19 16:00:00+05:30,34.1,12,985.6,22,14.0,18.0,32.0,510.8,176.0,403.2,16,79,1,1,0,106.31,50.0,272.79
2024-03-19 17:00:00+05:30,33.5,12,985.5,4,13.8,18.4,28.1,381.7,127.0,202.7,17,79,1,1,0,62.95,50.0,265.5
2024-03-19 18:00:00+05:30,31.7,11,985.1,2,8.0,18.7,24.1,211.6,62.0,33.4,18,79,1,0,1,22.46,50.0,219.76
2024-03-19 19:00:00+05:30,29.1,14,985.6,0,9.1,22.0,15.5,0.0,3.0,0.0,19,79,1,0,1,0.0,50.0,193.22
2024-03-19 20:00:00+05:30,27.8,16,986.5,0,10.7,24.5,16.6,0.0,0.0,0.0,20,79,1,0,1,0.0,50.0,181.86
2024-03-19 21:00:00+05:30,26.8,18,987.5,0,11.2,26.2,18.7,0.0,0.0,0.0,21,79,1,0,1,0.0,50.0,174.29
2024-03-19 22:00:00+05:30,25.7,20,987.7,0,11.0,25.1,18.0,0.0,0.0,0.0,22,79,1,0,1,0.0,50.0,167.59
2024-03-19 23:00:00+05:30,24.9,21,987.6,0,11.3,25.3,18.0,0.0,0.0,0.0,23,79,1,0,1,0.0,50.0,165.0
2024-03-20 00:00:00+05:30,24.4,21,987.8,0,16.9,33.1,26.3,0.0,0.0,0.0,0,80,2,0,0,0.0,50.0,70.0
2024-03-20 01:00:00+05:30,23.9,21,987.8,0,17.1,32.8,29.2,0.0,0.0,0.0,1,80,2,0,0,0.0,50.0,70.0
2024-03-20 02:00:00+05:30,23.0,22,987.4,2,15.4,30.3,27.7,0.0,0.0,0.0,2,80,2,0,0,0.0,50.0,70.0
2024-03-20 03:00:00+05:30,22.2,24,987.2,0,16.6,31.0,27.0,0.0,0.0,0.0,3,80,2,0,0,0.0,50.0,70.0
2024-03-20 04:00:00+05:30,21.4,25,987.1,0,15.8,30.4,27.0,0.0,0.0,0.0,4,80,2,0,0,0.0,50.0,70.0
2024-03-20 05:00:00+05:30,20.7,27,987.2,0,15.0,30.1,25.6,0.0,0.0,0.0,5,80,2,0,0,0.0,50.0,70.0
2024-03-20 06:00:00+05:30,20.8,30,987.9,0,16.0,30.9,29.2,0.0,0.0,0.0,6,80,2,0,0,0.0,50.0,70.0
2024-03-20 07:00:00+05:30,21.2,31,988.9,0,15.0,27.4,25.9,72.6,23.0,83.3,7,80,2,0,0,6.47,50.0,110.0
2024-03-20 08:00:00+05:30,23.8,27,989.9,0,15.3,28.8,26.3,356.9,97.0,275.1,8,80,2,0,0,47.41,50.0,110.0
2024-03-20 09:00:00+05:30,27.0,23,990.6,0,12.4,17.6,28.8,565.0,143.0,503.8,9,80,2,1,0,98.48,50.0,200.71
2024-03-20 10:00:00+05:30,30.3,19,990.6,0,13.0,16.2,28.1,685.0,174.0,703.4,10,80,2,1,0,142.47,50.0,229.9
2024-03-20 11:00:00+05:30,32.3,14,989.9,0,11.3,13.9,28.4,753.4,193.0,844.1,11,80,2,1,0,174.02,50.0,251.48
2024-03-20 12:00:00+05:30,33.3,12,989.0,0,9.9,11.7,27.0,785.4,205.0,912.3,12,80,2,1,0,191.74,38.8,263.11
2024-03-20 13:00:00+05:30,34.0,10,987.9,0,10.4,12.7,26.6,791.7,206.0,900.1,13,80,2,1,0,194.64,50.0,235.56
2024-03-20 14:00:00+05:30,34.4,9,986.8,0,11.3,13.4,27.4,774.9,199.0,813.3,14,80,2,1,0,183.5,50.0,276.49
2024-03-20 15:00:00+05:30,34.4,9,986.2,0,12.0,14.4,27.4,731.5,185.0,662.2,15,80,2,1,0,158.91,50.0,276.49
2024-03-20 16:00:00+05:30,33.9,9,985.9,0,12.1,14.7,27.4,647.5,160.0,459.2,16,80,2,1,0,120.9,50.0,270.34
2024-03-20 17:00:00+05:30,33.2,9,986.1,100,11.9,14.8,25.6,492.9,124.0,233.7,17,80,2,1,0,72.59,50.0,261.93
2024-03-20 18:00:00+05:30,29.7,10,985.8,18,7.4,12.9,19.1,226.3,65.0,36.2,18,80,2,0,1,23.86,31.54,198.93
2024-03-20 19:00:00+05:30,26.7,13,986.3,100,10.6,10.1,13.0,0.0,3.0,0.0,19,80,2,0,1,0.0,44.53,173.6
2024-03-20 20:00:00+05:30,26.9,14,987.2,94,8.3,16.7,12.6,0.0,0.0,0.0,20,80,2,0,1,0.0,50.0,174.99
2024-03-20 21:00:00+05:30,26.4,13,987.9,100,11.6,23.5,19.1,0.0,0.0,0.0,21,80,2,0,1,0.0,50.0,171.61
2024-03-20 22:00:00+05:30,25.1,15,987.9,99,10.4,22.0,19.1,0.0,0.0,0.0,22,80,2,0,1,0.0,50.0,165.19
2024-03-20 23:00:00+05:30,23.9,17,987.6,88,10.6,22.2,16.6,0.0,0.0,0.0,23,80,2,0,1,0.0,50.0,165.0
2024-03-21 00:00:00+05:30,23.4,18,986.8,98,10.3,22.9,17.6,0.0,0.0,0.0,0,81,3,0,0,0.0,50.0,70.0
2024-03-21 01:00:00+05:30,23.2,19,986.3,100,7.2,17.8,16.6,0.0,0.0,0.0,1,81,3,0,0,0.0,50.0,70.0
2024-03-21 02:00:00+05:30,22.9,21,986.7,100,7.0,14.7,11.2,0.0,0.0,0.0,2,81,3,0,0,0.0,37.68,70.0
2024-03-21 03:00:00+05:30,22.1,21,986.2,98,8.6,18.6,14.4,0.0,0.0,0.0,3,81,3,0,0,0.0,50.0,70.0
2024-03-21 04:00:00+05:30,21.2,23,985.9,100,8.4,17.0,13.7,0.0,0.0,0.0,4,81,3,0,0,0.0,50.0,70.0
2024-03-21 05:00:00+05:30,21.6,23,985.9,100,10.5,19.5,17.3,0.0,0.0,0.0,5,81,3,0,0,0.0,50.0,70.0
2024-03-21 06:00:00+05:30,20.8,26,986.6,100,11.8,18.0,18.7,0.0,0.0,0.0,6,81,3,0,0,0.0,50.0,70.0
2024-03-21 07:00:00+05:30,21.6,25,987.4,100,12.1,19.9,19.4,8.9,25.0,68.2,7,81,3,0,0,5.86,50.0,110.0
2024-03-21 08:00:00+05:30,23.8,23,987.8,100,12.3,20.8,21.6,44.8,113.0,173.5,8,81,3,0,0,28.26,50.0,110.0
2024-03-21 09:00:00+05:30,27.8,19,988.1,100,10.1,17.0,22.3,364.3,193.0,445.9,9,81,3,1,0,85.01,50.0,206.86
2024-03-21 10:00:00+05:30,30.2,18,987.9,100,10.6,13.7,23.8,186.6,302.0,474.5,10,81,3,1,0,92.66,50.0,228.89
2024-03-21 11:00:00+05:30,33.2,13,987.1,5,14.2,17.6,30.2,525.3,278.0,742.1,11,81,3,1,0,151.0,50.0,261.93
2024-03-21 12:00:00+05:30,34.6,11,986.5,8,11.0,13.3,30.6,758.7,204.0,889.7,12,81,3,1,0,186.02,50.0,278.98
2024-03-21 13:00:00+05:30,35.4,11,985.4,11,8.8,10.2,27.0,774.6,201.0,882.3,13,81,3,1,0,189.72,25.82,253.14
2024-03-21 14:00:00+05:30,35.7,10,984.2,1,8.3,9.7,24.1,731.3,209.0,789.5,14,81,3,1,0,176.9,21.8,293.02
2024-03-21 15:00:00+05:30,35.8,10,983.5,0,9.3,10.8,23.4,713.1,180.0,646.9,15,81,3,1,0,154.24,30.63,294.32
2024-03-21 16:00:00+05:30,35.4,11,983.0,5,10.8,12.8,23.4,630.0,156.0,448.4,16,81,3,1,0,117.08,50.0,289.14
2024-03-21 17:00:00+05:30,34.5,11,983.2,2,12.8,15.5,24.1,468.0,123.0,226.8,17,81,3,1,0,69.63,50.0,277.74
2024-03-21 18:00:00+05:30,31.2,12,983.5,9,8.2,8.8,12.2,235.1,62.0,36.6,18,81,3,0,1,23.41,19.81,214.31
2024-03-21 19:00:00+05:30,29.9,14,983.8,30,8.2,10.8,9.7,0.0,3.0,0.0,19,81,3,0,1,0.0,26.41,200.89
2024-03-21 20:00:00+05:30,28.6,16,984.3,23,7.8,8.8,9.4,0.0,0.0,0.0,20,81,3,0,1,0.0,17.26,188.67
2024-03-21 21:00:00+05:30,28.0,15,985.0,9,7.8,6.7,9.4,0.0,0.0,0.0,21,81,3,0,1,0.0,17.14,183.51
2024-03-21 22:00:00+05:30,27.2,16,985.3,4,8.4,9.7,9.4,0.0,0.0,0.0,22,81,3,0,1,0.0,22.81,177.18
2024-03-21 23:00:00+05:30,24.5,19,984.7,1,9.5,16.8,13.0,0.0,0.0,0.0,23,81,3,0,1,0.0,50.0,165.0
2024-03-22 00:00:00+05:30,23.9,22,984.0,0,8.3,19.7,13.3,0.0,0.0,0.0,0,82,4,0,0,0.0,50.0,70.0
2024-03-22 01:00:00+05:30,22.1,27,983.2,17,7.8,18.0,12.6,0.0,0.0,0.0,1,82,4,0,0,0.0,50.0,70.0
2024-03-22 02:00:00+05:30,20.5,31,982.8,22,10.1,18.3,11.9,0.0,0.0,0.0,2,82,4,0,0,0.0,50.0,70.0
2024-03-22 03:00:00+05:30,20.7,31,982.8,79,7.7,20.3,12.2,0.0,0.0,0.0,3,82,4,0,0,0.0,50.0,70.0
2024-03-22 04:00:00+05:30,19.9,33,982.7,92,8.6,18.9,12.2,0.0,0.0,0.0,4,82,4,0,0,0.0,50.0,70.0
2024-03-22 05:00:00+05:30,20.0,33,983.0,16,7.4,19.6,11.2,0.0,0.0,0.0,5,82,4,0,0,0.0,50.0,70.0
2024-03-22 06:00:00+05:30,18.9,35,983.5,0,10.8,15.6,13.0,0.0,0.0,0.0,6,82,4,0,0,0.0,50.0,70.0
2024-03-22 07:00:00+05:30,21.5,30,984.4,0,5.9,10.9,12.2,78.6,25.0,87.1,7,82,4,0,0,7.05,17.74,110.0
2024-03-22 08:00:00+05:30,24.6,24,985.3,0,2.2,6.8,8.6,363.7,99.0,282.4,8,82,4,0,0,48.37,1.11,110.0
2024-03-22 09:00:00+05:30,28.5,17,986.0,0,5.8,7.0,15.8,563.9,145.0,509.4,9,82,4,1,0,98.4,7.52,212.79
2024-03-22 10:00:00+05:30,31.3,14,986.0,0,8.7,10.2,22.0,680.2,174.0,704.6,10,82,4,1,0,141.41,25.79,240.39
2024-03-22 11:00:00+05:30,33.5,12,985.5,0,10.2,11.9,25.2,744.3,194.0,842.3,11,82,4,1,0,171.99,41.39,265.5
2024-03-22 12:00:00+05:30,35.1,10,984.9,0,12.0,14.5,28.1,777.4,204.0,908.8,12,82,4,1,0,188.78,50.0,285.3
2024-03-22 13:00:00+05:30,36.0,9,983.7,0,14.3,17.4,31.0,785.4,206.0,898.9,13,82,4,1,0,191.82,50.0,260.94
2024-03-22 14:00:00+05:30,36.3,9,982.7,0,15.4,19.0,33.1,768.9,199.0,812.3,14,82,4,1,0,180.86,50.0,300.89
2024-03-22 15:00:00+05:30,36.3,8,982.0,0,14.9,18.2,32.8,724.2,184.0,659.7,15,82,4,1,0,156.15,50.0,300.89
2024-03-22 16:00:00+05:30,35.9,9,981.8,0,13.4,16.7,30.6,637.9,160.0,457.1,16,82,4,1,0,118.43,50.0,295.63
2024-03-22 17:00:00+05:30,35.3,9,981.6,0,12.1,15.6,27.4,485.6,123.0,233.0,17,82,4,1,0,70.88,50.0,287.85
2024-03-22 18:00:00+05:30,31.1,13,981.6,0,8.0,9.7,16.9,232.7,63.0,37.6,18,82,4,0,1,23.46,21.01,213.24
2024-03-22 19:00:00+05:30,30.2,14,982.0,0,7.0,8.7,9.4,0.0,3.0,0.0,19,82,4,0,1,0.0,14.48,203.89
2024-03-22 20:00:00+05:30,28.7,15,982.4,0,7.4,10.0,8.3,0.0,0.0,0.0,20,82,4,0,1,0.0,20.14,189.57
2024-03-22 21:00:00+05:30,27.7,15,982.9,0,8.0,11.4,9.0,0.0,0.0,0.0,21,82,4,0,1,0.0,28.28,181.05
2024-03-22 22:00:00+05:30,29.2,13,983.5,0,7.0,11.2,8.6,0.0,0.0,0.0,22,82,4,0,1,0.0,22.83,194.15
2024-03-22 23:00:00+05:30,28.8,13,983.4,0,4.7,8.3,7.9,0.0,0.0,0.0,23,82,4,0,1,0.0,7.65,190.47
2024-03-23 00:00:00+05:30,28.2,14,983.1,0,3.2,5.2,5.4,0.0,0.0,0.0,0,83,5,0,0,0.0,1.49,90.19
2024-03-23 01:00:00+05:30,27.6,15,982.6,0,5.6,7.4,6.5,0.0,0.0,0.0,1,83,5,0,0,0.0,7.94,85.26
2024-03-23 02:00:00+05:30,25.0,19,982.0,0,8.3,10.8,9.0,0.0,0.0,0.0,2,83,5,0,0,0.0,27.23,70.0
2024-03-23 03:00:00+05:30,21.3,30,981.6,0,10.0,14.4,12.6,0.0,0.0,0.0,3,83,5,0,0,0.0,50.0,70.0
2024-03-23 04:00:00+05:30,21.0,38,981.7,0,10.2,15.5,12.6,0.0,0.0,0.0,4,83,5,0,0,0.0,50.0,70.0
2024-03-23 05:00:00+05:30,21.3,39,982.0,0,8.4,12.8,11.2,0.0,0.0,0.0,5,83,5,0,0,0.0,37.72,70.0
2024-03-23 06:00:00+05:30,20.9,32,983.1,0,5.1,5.6,8.6,0.0,0.0,0.0,6,83,5,0,0,0.0,4.28,70.0
2024-03-23 07:00:00+05:30,21.7,36,983.9,0,9.4,10.0,13.7,77.2,26.0,87.6,7,83,5,0,0,7.26,31.24,110.0
2024-03-23 08:00:00+05:30,25.2,32,984.9,0,9.4,16.7,19.1,351.9,99.0,278.6,8,83,5,0,0,47.51,50.0,110.48
2024-03-23 09:00:00+05:30,28.6,27,985.6,0,9.0,12.3,21.2,549.6,143.0,500.4,9,83,5,0,0,96.46,37.76,153.67
2024-03-23 10:00:00+05:30,31.4,27,985.7,1,8.5,10.7,22.7,661.8,172.0,690.8,10,83,5,0,0,138.46,27.18,181.47
2024-03-23 11:00:00+05:30,33.6,26,985.4,9,7.6,9.1,22.3,723.9,192.0,825.1,11,83,5,0,0,168.38,17.42,206.7
2024-03-23 12:00:00+05:30,35.3,23,984.9,61,9.7,11.7,25.2,754.3,202.0,888.2,12,83,5,0,0,184.43,37.36,227.85
2024-03-23 13:00:00+05:30,36.4,19,983.7,43,12.0,14.8,28.4,730.8,214.0,860.4,13,83,5,0,0,183.51,50.0,224.22
2024-03-23 14:00:00+05:30,36.7,16,982.7,64,12.8,15.6,28.8,577.3,229.0,686.9,14,83,5,0,0,153.67,50.0,246.23
2024-03-23 15:00:00+05:30,36.8,16,981.9,45,14.5,17.5,29.9,571.8,211.0,581.7,15,83,5,0,0,137.38,50.0,247.57
2024-03-23 16:00:00+05:30,36.2,17,981.4,84,15.5,19.4,31.0,503.5,167.0,396.3,16,83,5,0,0,102.38,50.0,239.57
2024-03-23 17:00:00+05:30,35.5,17,981.6,6,14.3,18.4,30.2,396.6,129.0,212.1,17,83,5,0,0,63.83,50.0,230.43
2024-03-23 18:00:00+05:30,34.3,16,981.9,58,10.5,19.1,22.3,170.0,61.0,33.6,18,83,5,0,1,20.05,50.0,250.25
2024-03-23 19:00:00+05:30,32.5,18,981.9,77,10.1,19.5,17.6,0.0,3.0,0.0,19,83,5,0,1,0.0,50.0,228.76
2024-03-23 20:00:00+05:30,31.4,19,982.6,15,10.6,23.1,16.2,0.0,0.0,0.0,20,83,5,0,1,0.0,50.0,216.47
2024-03-23 21:00:00+05:30,29.7,24,983.3,25,7.4,17.9,17.3,0.0,0.0,0.0,21,83,5,0,1,0.0,50.0,198.93
2024-03-23 22:00:00+05:30,28.1,28,983.4,49,7.2,14.1,11.2,0.0,0.0,0.0,22,83,5,0,1,0.0,35.63,184.35
2024-03-23 23:00:00+05:30,27.9,29,983.6,100,11.3,26.3,17.3,0.0,0.0,0.0,23,83,5,0,1,0.0,50.0,182.68
2024-03-24 00:00:00+05:30,29.0,24,983.5,97,17.3,33.7,28.1,0.0,0.0,0.0,0,84,6,0,0,0.0,0.0,97.29
2024-03-24 01:00:00+05:30,28.4,24,983.1,100,17.1,32.4,28.1,0.0,0.0,0.0,1,84,6,0,0,0.0,50.0,91.92
2024-03-24 02:00:00+05:30,27.8,25,982.5,100,17.0,32.4,28.1,0.0,0.0,0.0,2,84,6,0,0,0.0,50.0,86.86
2024-03-24 03:00:00+05:30,26.9,27,982.1,95,14.2,28.9,27.4,0.0,0.0,0.0,3,84,6,0,0,0.0,50.0,79.99
2024-03-24 04:00:00+05:30,25.9,30,982.0,95,13.5,27.5,23.0,0.0,0.0,0.0,4,84,6,0,0,0.0,50.0,73.64
2024-03-24 05:00:00+05:30,25.1,33,982.4,99,8.7,20.3,21.6,0.0,0.0,0.0,5,84,6,0,0,0.0,50.0,70.19
2024-03-24 06:00:00+05:30,24.1,36,983.8,95,10.0,22.0,18.4,0.0,0.0,0.0,6,84,6,0,0,0.0,50.0,70.0
2024-03-24 07:00:00+05:30,25.2,35,984.9,64,10.3,18.3,16.2,16.8,25.0,66.0,7,84,6,0,0,5.92,50.0,110.48
2024-03-24 08:00:00+05:30,27.3,33,986.2,99,9.5,17.4,19.1,294.1,103.0,261.2,8,84,6,0,0,43.9,50.0,122.93
2024-03-24 09:00:00+05:30,29.6,32,986.8,99,7.7,9.8,20.2,453.4,166.0,471.3,9,84,6,0,0,89.63,20.53,102.96
2024-03-24 10:00:00+05:30,31.7,29,986.9,100,6.4,7.6,19.4,384.4,268.0,588.5,10,84,6,0,0,115.57,9.99,124.76
2024-03-24 11:00:00+05:30,33.6,25,986.7,100,7.2,8.9,20.9,441.3,318.0,716.9,11,84,6,0,0,143.96,15.57,146.7
2024-03-24 12:00:00+05:30,35.1,21,985.8,97,9.4,11.2,24.5,560.6,307.0,821.7,12,84,6,0,0,168.88,33.26,165.3
2024-03-24 13:00:00+05:30,35.9,17,984.7,0,11.8,14.1,27.7,543.9,316.0,796.2,13,84,6,0,0,168.38,50.0,175.63
2024-03-24 14:00:00+05:30,36.5,15,983.7,2,11.7,14.3,28.8,737.6,198.0,789.5,14,84,6,0,0,175.3,50.0,183.55
2024-03-24 15:00:00+05:30,36.6,14,983.2,3,11.5,13.8,28.1,692.0,183.0,639.9,15,84,6,0,0,150.76,50.0,184.89
2024-03-24 16:00:00+05:30,36.2,15,983.1,2,12.7,15.5,26.6,605.2,159.0,442.3,16,84,6,0,0,113.74,50.0,179.57
2024-03-24 17:00:00+05:30,35.3,15,983.3,13,13.5,16.5,26.6,453.9,123.0,225.7,17,84,6,0,0,67.79,50.0,167.85
2024-03-24 18:00:00+05:30,33.1,15,984.2,21,11.3,20.0,23.8,211.8,65.0,38.6,18,84,6,0,1,22.68,50.0,235.75
2024-03-24 19:00:00+05:30,31.2,18,984.4,26,12.1,22.1,19.1,0.0,4.0,0.0,19,84,6,0,1,0.0,50.0,214.31
2024-03-24 20:00:00+05:30,29.6,21,985.3,81,10.6,21.7,19.1,0.0,0.0,0.0,20,84,6,0,1,0.0,50.0,197.96
2024-03-24 21:00:00+05:30,28.3,26,986.3,97,11.9,26.2,18.4,0.0,0.0,0.0,21,84,6,0,1,0.0,50.0,186.05
2024-03-24 22:00:00+05:30,28.0,31,986.4,100,11.8,27.2,20.5,0.0,0.0,0.0,22,84,6,0,1,0.0,50.0,183.51
2024-03-24 23:00:00+05:30,27.5,33,986.2,100,9.5,23.0,18.7,0.0,0.0,0.0,23,84,6,0,1,0.0,50.0,179.47
2024-03-25 00:00:00+05:30,27.1,34,986.1,100,10.7,24.0,16.6,0.0,0.0,0.0,0,85,0,0,0,0.0,50.0,81.44
2024-03-25 01:00:00+05:30,25.9,37,985.9,100,10.5,18.2,18.0,0.0,0.0,0.0,1,85,0,0,0,0.0,50.0,73.64
2024-03-25 02:00:00+05:30,25.5,36,985.9,100,7.6,8.4,12.2,0.0,0.0,0.0,2,85,0,0,0,0.0,15.94,71.65
2024-03-25 03:00:00+05:30,23.9,38,985.4,99,3.7,1.1,13.0,0.0,0.0,0.0,3,85,0,0,0,0.0,1.09,70.0
2024-03-25 04:00:00+05:30,22.9,39,985.5,0,5.4,7.0,8.3,0.0,0.0,0.0,4,85,0,0,0,0.0,6.91,70.0
2024-03-25 05:00:00+05:30,22.1,38,985.9,0,8.3,14.2,13.3,0.0,0.0,0.0,5,85,0,0,0,0.0,44.53,70.0
2024-03-25 06:00:00+05:30,22.6,41,987.4,1,7.8,14.7,12.6,0.0,0.0,0.0,6,85,0,0,0,0.0,43.56,70.0
2024-03-25 07:00:00+05:30,23.4,38,988.2,14,10.2,14.5,15.5,82.8,27.0,88.5,7,85,0,0,0,7.58,50.0,110.0
2024-03-25 08:00:00+05:30,26.4,32,989.0,9,8.2,14.5,19.1,342.3,100.0,277.8,8,85,0,0,0,47.0,44.93,116.61
2024-03-25 09:00:00+05:30,29.7,29,989.7,15,8.3,10.8,20.9,533.3,146.0,497.8,9,85,0,1,0,94.98,27.02,223.93
2024-03-25 10:00:00+05:30,32.5,25,989.9,0,5.8,6.8,20.9,644.5,176.0,686.5,10,85,0,1,0,136.26,7.06,253.76
2024-03-25 11:00:00+05:30,34.7,21,989.2,0,6.6,8.0,20.5,706.8,196.0,819.1,11,85,0,1,0,165.62,11.38,280.24
2024-03-25 12:00:00+05:30,36.1,18,988.2,38,8.2,9.7,23.4,738.9,207.0,883.7,12,85,0,1,0,182.03,21.51,298.25
2024-03-25 13:00:00+05:30,37.0,17,987.0,90,8.2,9.4,23.4,743.9,210.0,872.0,13,85,0,1,0,184.53,20.26,274.27
2024-03-25 14:00:00+05:30,37.5,16,985.9,100,8.1,9.3,23.4,712.2,212.0,783.8,14,85,0,1,0,172.6,19.5,317.08
2024-03-25 15:00:00+05:30,37.4,16,985.1,97,9.0,10.1,23.0,597.5,228.0,617.3,15,85,0,1,0,143.7,25.98,315.71
2024-03-25 16:00:00+05:30,37.0,16,984.8,99,12.5,14.6,25.9,448.6,214.0,410.2,16,85,0,1,0,103.53,50.0,310.27
2024-03-25 17:00:00+05:30,36.0,16,984.7,94,17.2,21.6,31.0,216.1,162.0,184.0,17,85,0,1,0,53.62,50.0,296.94
2024-03-25 18:00:00+05:30,34.1,16,985.6,94,6.4,14.8,12.6,96.8,74.0,34.7,18,85,0,0,1,19.61,32.59,247.79
2024-03-25 19:00:00+05:30,31.9,20,985.9,75,10.6,22.9,16.6,0.0,4.0,0.0,19,85,0,0,1,0.0,50.0,221.98
2024-03-25 20:00:00+05:30,31.1,20,986.3,94,10.1,23.5,16.9,0.0,0.0,0.0,20,85,0,0,1,0.0,50.0,213.24
2024-03-25 21:00:00+05:30,30.1,22,987.0,94,8.7,21.5,16.6,0.0,0.0,0.0,21,85,0,0,1,0.0,50.0,202.89
2024-03-25 22:00:00+05:30,28.1,24,987.1,79,8.3,18.4,13.7,0.0,0.0,0.0,22,85,0,0,1,0.0,50.0,184.35
2024-03-25 23:00:00+05:30,27.8,25,986.8,1,7.2,17.3,11.5,0.0,0.0,0.0,23,85,0,0,1,0.0,50.0,181.86
2024-03-26 00:00:00+05:30,26.4,28,986.1,0,5.8,10.7,11.2,0.0,0.0,0.0,0,86,1,0,0,0.0,16.52,76.61
2024-03-26 01:00:00+05:30,25.3,30,985.6,13,7.9,11.6,11.5,0.0,0.0,0.0,1,86,1,0,0,0.0,28.98,70.83
2024-03-26 02:00:00+05:30,24.6,31,984.7,96,8.4,12.2,10.8,0.0,0.0,0.0,2,86,1,0,0,0.0,34.4,70.0
2024-03-26 03:00:00+05:30,24.4,31,984.5,99,6.4,14.9,10.8,0.0,0.0,0.0,3,86,1,0,0,0.0,34.01,70.0
2024-03-26 04:00:00+05:30,23.9,33,984.4,98,7.1,15.0,11.9,0.0,0.0,0.0,4,86,1,0,0,0.0,39.55,70.0
2024-03-26 05:00:00+05:30,23.6,34,984.9,95,7.4,15.6,14.0,0.0,0.0,0.0,5,86,1,0,0,0.0,44.79,70.0
2024-03-26 06:00:00+05:30,24.6,34,985.6,100,10.2,22.6,16.2,0.0,0.0,0.0,6,86,1,0,0,0.0,50.0,70.0
2024-03-26 07:00:00+05:30,25.6,32,986.5,100,10.9,21.5,17.3,24.4,30.0,77.3,7,86,1,0,0,7.16,50.0,112.11
2024-03-26 08:00:00+05:30,27.8,29,987.0,100,8.4,19.1,18.4,106.2,127.0,216.0,8,86,1,0,0,35.36,50.0,126.86
2024-03-26 09:00:00+05:30,31.3,24,987.8,84,7.6,11.3,18.0,294.5,211.0,429.8,9,86,1,1,0,79.65,25.82,240.39
2024-03-26 10:00:00+05:30,34.5,20,988.2,3,9.7,12.0,23.4,616.7,187.0,679.4,10,86,1,1,0,133.2,39.28,277.74
2024-03-26 11:00:00+05:30,36.4,17,988.0,7,11.6,14.4,27.4,720.9,187.0,824.0,11,86,1,1,0,165.16,50.0,302.22
2024-03-26 12:00:00+05:30,37.5,16,987.3,1,12.5,15.0,29.2,742.0,201.0,882.5,12,86,1,1,0,180.44,50.0,317.08
2024-03-26 13:00:00+05:30,38.3,16,986.4,0,11.9,14.7,29.2,737.3,208.0,865.9,13,86,1,1,0,181.98,50.0,292.18
2024-03-26 14:00:00+05:30,38.8,16,985.3,33,11.4,14.0,28.8,721.8,200.0,781.9,14,86,1,1,0,171.12,50.0,335.24
2024-03-26 15:00:00+05:30,38.3,16,984.7,22,12.0,14.8,27.4,478.5,184.0,496.6,15,86,1,1,0,117.06,50.0,328.18
2024-03-26 16:00:00+05:30,37.9,17,984.5,24,11.2,14.1,26.3,327.9,192.0,330.7,16,86,1,1,0,83.43,50.0,322.6
2024-03-26 17:00:00+05:30,37.3,18,984.5,23,11.2,14.1,23.4,352.0,121.0,195.4,17,86,1,1,0,57.49,50.0,314.34
2024-03-26 18:00:00+05:30,35.5,18,984.7,7,10.1,19.2,19.8,207.7,65.0,39.9,18,86,1,0,1,22.18,50.0,265.43
2024-03-26 19:00:00+05:30,33.0,20,985.3,21,10.0,23.1,17.3,0.0,4.0,0.0,19,86,1,0,1,0.0,50.0,234.57
2024-03-26 20:00:00+05:30,31.6,22,985.5,87,7.7,19.9,16.2,0.0,0.0,0.0,20,86,1,0,1,0.0,50.0,218.66
2024-03-26 21:00:00+05:30,31.0,23,986.2,99,8.7,22.6,13.3,0.0,0.0,0.0,21,86,1,0,1,0.0,50.0,212.18
2024-03-26 22:00:00+05:30,29.9,24,986.6,99,7.7,20.3,13.7,0.0,0.0,0.0,22,86,1,0,1,0.0,50.0,200.89
2024-03-26 23:00:00+05:30,29.1,25,986.5,84,8.4,19.1,12.6,0.0,0.0,0.0,23,86,1,0,1,0.0,50.0,193.22
2024-03-27 00:00:00+05:30,28.3,26,985.9,85,8.1,21.4,13.7,0.0,0.0,0.0,0,87,2,0,0,0.0,50.0,91.05
2024-03-27 01:00:00+05:30,28.4,27,985.5,96,9.7,23.5,14.8,0.0,0.0,0.0,1,87,2,0,0,0.0,50.0,91.92
2024-03-27 02:00:00+05:30,27.9,27,985.3,98,10.2,22.8,16.6,0.0,0.0,0.0,2,87,2,0,0,0.0,50.0,87.68
2024-03-27 03:00:00+05:30,27.1,29,985.4,43,8.9,21.9,16.2,0.0,0.0,0.0,3,87,2,0,0,0.0,50.0,81.44
2024-03-27 04:00:00+05:30,26.6,30,985.4,30,9.9,23.7,16.6,0.0,0.0,0.0,4,87,2,0,0,0.0,50.0,77.92
2024-03-27 05:00:00+05:30,26.0,32,986.0,79,8.3,21.5,15.5,0.0,0.0,0.0,5,87,2,0,0,0.0,50.0,74.2
2024-03-27 06:00:00+05:30,26.9,35,987.3,32,5.5,11.5,12.2,0.0,0.0,0.0,6,87,2,0,0,0.0,17.47,79.99
2024-03-27 07:00:00+05:30,26.0,36,988.0,10,5.0,8.9,6.8,80.0,30.0,91.7,7,87,2,0,0,8.16,9.65,114.2
2024-03-27 08:00:00+05:30,28.8,30,988.9,27,5.1,9.4,13.3,327.1,104.0,278.5,8,87,2,0,0,46.47,10.88,135.47
2024-03-27 09:00:00+05:30,32.0,26,989.2,8,5.0,5.9,15.5,521.6,150.0,498.8,9,87,2,1,0,93.74,4.28,248.09
2024-03-27 10:00:00+05:30,34.8,23,989.3,47,6.0,7.2,18.7,636.4,178.0,686.7,10,87,2,1,0,134.3,8.19,281.5
2024-03-27 11:00:00+05:30,37.0,20,989.0,18,8.1,9.6,22.0,686.6,206.0,816.3,11,87,2,1,0,162.51,20.73,310.27
2024-03-27 12:00:00+05:30,38.4,18,988.3,3,11.0,13.3,26.6,729.5,209.0,881.2,12,87,2,1,0,178.91,50.0,329.59
2024-03-27 13:00:00+05:30,39.2,16,987.5,18,14.4,17.5,31.3,736.3,210.0,868.8,13,87,2,1,0,181.35,50.0,304.95
2024-03-27 14:00:00+05:30,39.4,16,986.3,35,16.2,20.0,34.2,719.8,203.0,784.7,14,87,2,1,0,170.74,50.0,343.83
2024-03-27 15:00:00+05:30,39.2,16,985.6,9,16.9,21.0,34.6,674.3,188.0,636.5,15,87,2,1,0,146.94,50.0,340.95
2024-03-27 16:00:00+05:30,38.8,16,985.0,90,15.3,19.1,34.2,591.0,162.0,441.1,16,87,2,1,0,110.87,50.0,335.24
2024-03-27 17:00:00+05:30,38.0,17,984.9,79,13.0,16.8,30.2,345.6,147.0,213.4,17,87,2,1,0,61.73,50.0,323.99
2024-03-27 18:00:00+05:30,36.6,18,985.4,100,11.5,19.9,25.6,84.4,76.0,35.8,18,87,2,0,1,19.27,50.0,279.89
2024-03-27 19:00:00+05:30,33.9,21,985.8,100,7.6,15.9,18.7,0.0,4.0,0.0,19,87,2,0,1,0.0,50.0,245.34
2024-03-27 20:00:00+05:30,32.3,22,986.4,100,9.7,15.8,11.9,0.0,0.0,0.0,20,87,2,0,1,0.0,50.0,226.48
2024-03-27 21:00:00+05:30,30.8,25,986.7,100,10.1,17.7,12.2,0.0,0.0,0.0,21,87,2,0,1,0.0,50.0,210.07
2024-03-27 22:00:00+05:30,31.7,24,987.1,100,10.2,23.9,15.1,0.0,0.0,0.0,22,87,2,0,1,0.0,50.0,219.76
2024-03-27 23:00:00+05:30,31.3,24,987.0,100,10.5,24.2,18.0,0.0,0.0,0.0,23,87,2,0,1,0.0,50.0,215.39
2024-03-28 00:00:00+05:30,30.1,24,986.6,100,11.1,25.0,17.6,0.0,0.0,0.0,0,88,3,0,0,0.0,50.0,107.89
2024-03-28 01:00:00+05:30,29.9,23,986.0,100,13.0,27.5,20.2,0.0,0.0,0.0,1,88,3,0,0,0.0,50.0,105.89
2024-03-28 02:00:00+05:30,29.4,24,985.3,100,13.7,28.3,22.7,0.0,0.0,0.0,2,88,3,0,0,0.0,50.0,101.04
2024-03-28 03:00:00+05:30,28.7,25,984.7,100,13.0,27.2,22.0,0.0,0.0,0.0,3,88,3,0,0,0.0,50.0,94.57
2024-03-28 04:00:00+05:30,28.2,25,984.6,100,13.8,28.2,22.0,0.0,0.0,0.0,4,88,3,0,0,0.0,50.0,90.19
2024-03-28 05:00:00+05:30,27.5,26,984.7,100,10.0,23.2,22.3,0.0,0.0,0.0,5,88,3,0,0,0.0,50.0,84.47
2024-03-28 06:00:00+05:30,27.2,31,985.8,87,3.7,8.1,9.4,0.0,0.0,0.0,6,88,3,0,0,0.0,5.17,82.18
2024-03-28 07:00:00+05:30,26.4,33,986.3,86,2.0,4.4,4.3,86.5,32.0,96.6,7,88,3,0,0,8.73,0.12,116.61
2024-03-28 08:00:00+05:30,28.8,28,987.1,78,1.8,2.2,8.6,348.0,106.0,290.9,8,88,3,0,0,48.48,0.0,135.47
2024-03-28 09:00:00+05:30,31.6,24,987.4,71,3.3,4.1,14.0,542.4,150.0,513.5,9,88,3,1,0,96.37,0.77,243.66
2024-03-28 10:00:00+05:30,34.2,21,987.3,95,5.4,6.1,17.6,624.6,193.0,696.1,10,88,3,1,0,135.73,5.1,274.02
2024-03-28 11:00:00+05:30,36.2,19,987.0,99,9.4,11.2,23.8,656.1,231.0,818.1,11,88,3,1,0,162.48,33.18,299.57
2024-03-28 12:00:00+05:30,37.4,18,986.3,97,14.3,17.3,31.0,683.9,245.0,878.0,12,88,3,1,0,177.92,50.0,315.71
2024-03-28 13:00:00+05:30,38.2,17,985.5,100,17.8,21.9,36.0,687.2,249.0,864.7,13,88,3,1,0,180.12,50.0,290.78
2024-03-28 14:00:00+05:30,38.4,16,984.6,100,20.3,25.5,40.0,638.4,255.0,768.5,14,88,3,1,0,166.7,50.0,329.59
2024-03-28 15:00:00+05:30,38.4,16,984.0,100,21.1,26.7,40.7,591.2,230.0,618.5,15,88,3,1,0,142.17,50.0,329.59
2024-03-28 16:00:00+05:30,38.2,14,983.6,99,21.1,27.4,40.3,487.1,203.0,423.5,16,88,3,1,0,105.52,50.0,326.78
2024-03-28 17:00:00+05:30,37.4,13,983.5,100,19.2,25.5,38.9,327.1,152.0,212.2,17,88,3,1,0,61.13,50.0,315.71
2024-03-28 18:00:00+05:30,35.3,14,983.5,100,6.6,15.0,22.3,141.1,76.0,40.7,18,88,3,0,1,21.65,34.54,262.85
2024-03-28 19:00:00+05:30,31.8,18,983.8,100,8.0,17.1,11.2,0.0,5.0,0.0,19,88,3,0,1,0.0,50.0,220.86
2024-03-28 20:00:00+05:30,30.9,19,984.0,100,7.9,20.6,11.5,0.0,0.0,0.0,20,88,3,0,1,0.0,50.0,211.12
2024-03-28 21:00:00+05:30,29.9,21,984.3,100,8.3,20.6,11.9,0.0,0.0,0.0,21,88,3,0,1,0.0,50.0,200.89
2024-03-28 22:00:00+05:30,29.8,21,984.2,100,8.2,22.4,12.2,0.0,0.0,0.0,22,88,3,0,1,0.0,50.0,199.91
2024-03-28 23:00:00+05:30,28.7,23,983.8,100,8.5,21.5,13.0,0.0,0.0,0.0,23,88,3,0,1,0.0,50.0,189.57
2024-03-29 00:00:00+05:30,27.8,26,983.4,99,11.0,25.7,16.9,0.0,0.0,0.0,0,89,4,0,0,0.0,50.0,86.86
2024-03-29 01:00:00+05:30,27.4,26,983.0,100,11.1,24.8,18.7,0.0,0.0,0.0,1,89,4,0,0,0.0,50.0,83.69
2024-03-29 02:00:00+05:30,25.9,28,982.2,100,6.4,15.6,17.3,0.0,0.0,0.0,2,89,4,0,0,0.0,36.58,73.64
2024-03-29 03:00:00+05:30,26.0,28,981.9,100,4.8,6.2,10.1,0.0,0.0,0.0,3,89,4,0,0,0.0,4.5,74.2
2024-03-29 04:00:00+05:30,23.7,33,981.6,100,7.9,8.7,9.0,0.0,0.0,0.0,4,89,4,0,0,0.0,18.03,70.0
2024-03-29 05:00:00+05:30,23.3,34,981.9,100,7.3,9.7,10.1,0.0,0.0,0.0,5,89,4,0,0,0.0,19.06,70.0
2024-03-29 06:00:00+05:30,24.7,36,983.4,100,8.2,20.4,13.7,0.0,0.0,0.0,6,89,4,0,0,0.0,50.0,70.0
2024-03-29 07:00:00+05:30,25.5,36,984.0,100,9.9,18.0,14.0,38.7,36.0,90.2,7,89,4,0,0,8.78,50.0,111.65
2024-03-29 08:00:00+05:30,27.9,32,985.0,55,6.5,12.0,15.8,195.1,131.0,259.2,8,89,4,0,0,42.81,23.48,127.68
2024-03-29 09:00:00+05:30,30.7,28,986.0,98,8.5,10.4,20.2,519.7,158.0,510.5,9,89,4,1,0,95.77,25.92,234.02
2024-03-29 10:00:00+05:30,33.4,25,986.2,100,10.3,12.9,24.5,529.3,231.0,665.9,10,89,4,1,0,129.41,50.0,264.31
2024-03-29 11:00:00+05:30,35.5,22,985.9,100,13.7,17.1,29.5,466.2,316.0,742.9,11,89,4,1,0,146.71,50.0,290.43
2024-03-29 12:00:00+05:30,36.6,21,985.4,99,17.4,21.8,35.6,499.5,336.0,802.4,12,89,4,1,0,162.05,50.0,304.89
2024-03-29 13:00:00+05:30,37.2,18,984.5,100,19.7,24.4,38.5,403.1,381.0,739.6,13,89,4,1,0,153.36,50.0,276.98
2024-03-29 14:00:00+05:30,37.6,16,983.5,87,20.0,25.4,39.6,474.7,322.0,698.2,14,89,4,1,0,151.19,50.0,318.45
2024-03-29 15:00:00+05:30,37.7,14,982.7,81,21.3,27.2,40.3,509.9,268.0,597.7,15,89,4,1,0,136.85,50.0,319.83
2024-03-29 16:00:00+05:30,37.2,13,982.3,97,22.0,28.4,40.7,405.2,226.0,401.6,16,89,4,1,0,99.76,0.0,312.98
2024-03-29 17:00:00+05:30,36.3,14,982.1,98,20.5,27.4,40.3,200.2,146.0,169.6,17,89,4,1,0,48.7,50.0,300.89
2024-03-29 18:00:00+05:30,34.8,13,982.7,100,11.4,20.3,29.2,15.5,64.0,26.9,18,89,4,0,1,14.08,50.0,256.5
2024-03-29 19:00:00+05:30,33.6,15,983.2,99,17.3,28.8,25.6,0.0,2.0,0.0,19,89,4,0,1,0.0,50.0,241.7
2024-03-29 20:00:00+05:30,32.3,18,983.5,5,13.3,22.3,31.3,0.0,0.0,0.0,20,89,4,0,1,0.0,50.0,226.48
2024-03-29 21:00:00+05:30,30.2,21,983.8,0,7.6,16.9,20.9,0.0,0.0,0.0,21,89,4,0,1,0.0,50.0,203.89
2024-03-29 22:00:00+05:30,28.7,23,984.3,0,8.2,17.9,13.3,0.0,0.0,0.0,22,89,4,0,1,0.0,50.0,189.57
2024-03-29 23:00:00+05:30,27.3,25,984.3,0,7.9,21.2,13.0,0.0,0.0,0.0,23,89,4,0,1,0.0,50.0,177.93
2024-03-30 00:00:00+05:30,27.4,26,984.4,0,10.5,25.2,16.2,0.0,0.0,0.0,0,90,5,0,0,0.0,50.0,83.69
2024-03-30 01:00:00+05:30,26.6,28,984.5,0,9.3,22.9,16.9,0.0,0.0,0.0,1,90,5,0,0,0.0,50.0,77.92
2024-03-30 02:00:00+05:30,25.7,31,984.2,34,10.4,23.5,16.6,0.0,0.0,0.0,2,90,5,0,0,0.0,50.0,72.59
2024-03-30 03:00:00+05:30,25.1,33,984.3,0,8.5,20.6,16.6,0.0,0.0,0.0,3,90,5,0,0,0.0,50.0,70.19
2024-03-30 04:00:00+05:30,24.4,35,984.4,0,9.4,21.3,14.4,0.0,0.0,0.0,4,90,5,0,0,0.0,50.0,70.0
2024-03-30 05:00:00+05:30,24.1,36,984.7,0,10.1,22.2,15.8,0.0,0.0,0.0,5,90,5,0,0,0.0,50.0,70.0
2024-03-30 06:00:00+05:30,23.8,38,985.7,0,10.8,23.2,17.3,0.0,0.0,0.0,6,90,5,0,0,0.0,50.0,70.0
2024-03-30 07:00:00+05:30,24.8,35,986.5,0,13.5,23.2,20.9,99.1,34.0,101.5,7,90,5,0,0,9.5,50.0,110.0
2024-03-30 08:00:00+05:30,27.1,30,987.3,0,12.3,18.2,23.4,354.8,107.0,297.0,8,90,5,0,0,49.69,50.0,121.44
2024-03-30 09:00:00+05:30,29.0,24,987.8,0,14.7,18.4,29.2,540.4,154.0,520.4,9,90,5,0,0,98.15,50.0,157.29
2024-03-30 10:00:00+05:30,31.0,18,988.1,0,16.4,20.5,33.5,653.8,184.0,712.9,10,90,5,0,0,140.32,50.0,177.18
2024-03-30 11:00:00+05:30,32.9,13,987.9,0,17.9,22.4,36.4,720.6,204.0,850.2,11,90,5,0,0,170.73,50.0,198.4
2024-03-30 12:00:00+05:30,34.3,11,987.5,0,20.0,25.3,40.0,752.4,216.0,915.3,12,90,5,0,0,187.24,50.0,215.25
2024-03-30 13:00:00+05:30,35.1,11,986.7,0,21.1,26.6,41.8,758.4,218.0,902.0,13,90,5,0,0,189.63,50.0,207.3
2024-03-30 14:00:00+05:30,35.4,12,985.6,0,22.8,29.1,43.9,740.6,211.0,814.1,14,90,5,0,0,178.28,0.0,229.14
2024-03-30 15:00:00+05:30,35.4,11,984.7,0,23.0,29.6,44.6,697.6,194.0,662.2,15,90,5,0,0,153.57,0.0,229.14
2024-03-30 16:00:00+05:30,35.2,10,984.1,0,22.7,29.8,43.6,615.0,168.0,462.1,16,90,5,0,0,116.29,0.0,226.57
2024-03-30 17:00:00+05:30,34.4,11,984.0,11,23.4,31.4,42.1,466.1,131.0,241.0,17,90,5,0,0,69.98,0.0,216.49
2024-03-30 18:00:00+05:30,33.0,12,984.3,2,17.3,27.8,37.8,230.8,70.0,46.7,18,90,5,0,1,24.14,50.0,234.57
2024-03-30 19:00:00+05:30,30.8,14,984.9,0,12.0,24.9,28.4,0.0,5.0,0.0,19,90,5,0,1,0.0,50.0,210.07
2024-03-30 20:00:00+05:30,29.4,16,985.5,0,11.8,26.0,19.4,0.0,0.0,0.0,20,90,5,0,1,0.0,50.0,196.04
2024-03-30 21:00:00+05:30,28.2,17,986.4,0,11.2,25.8,18.7,0.0,0.0,0.0,21,90,5,0,1,0.0,50.0,185.19
2024-03-30 22:00:00+05:30,27.2,17,987.1,0,11.3,26.1,18.0,0.0,0.0,0.0,22,90,5,0,1,0.0,50.0,177.18
2024-03-30 23:00:00+05:30,26.5,17,987.0,0,11.8,26.8,18.4,0.0,0.0,0.0,23,90,5,0,1,0.0,50.0,172.26
2024-03-31 00:00:00+05:30,26.2,17,986.7,0,13.3,28.8,20.9,0.0,0.0,0.0,0,91,6,0,0,0.0,50.0,75.37
2024-03-31 01:00:00+05:30,25.7,18,986.4,0,14.0,29.8,22.7,0.0,0.0,0.0,1,91,6,0,0,0.0,50.0,72.59
2024-03-31 02:00:00+05:30,25.1,20,986.2,0,14.2,29.4,22.7,0.0,0.0,0.0,2,91,6,0,0,0.0,50.0,70.19
2024-03-31 03:00:00+05:30,24.2,23,986.1,0,13.9,28.1,23.4,0.0,0.0,0.0,3,91,6,0,0,0.0,50.0,70.0
2024-03-31 04:00:00+05:30,23.2,25,986.2,0,12.5,25.7,22.0,0.0,0.0,0.0,4,91,6,0,0,0.0,50.0,70.0
2024-03-31 05:00:00+05:30,22.2,28,986.5,0,10.9,22.8,20.2,0.0,0.0,0.0,5,91,6,0,0,0.0,50.0,70.0
2024-03-31 06:00:00+05:30,23.0,46,988.0,0,14.0,26.4,25.9,0.0,0.0,0.0,6,91,6,0,0,0.0,50.0,70.0
2024-03-31 07:00:00+05:30,23.4,47,988.7,0,13.7,22.9,22.3,105.1,36.0,105.9,7,91,6,0,0,10.14,50.0,110.0
2024-03-31 08:00:00+05:30,25.6,41,989.6,1,11.1,15.6,22.3,359.7,110.0,304.0,8,91,6,0,0,51.06,50.0,112.11
2024-03-31 09:00:00+05:30,28.3,32,990.2,6,9.2,11.8,22.7,544.2,155.0,525.6,9,91,6,0,0,99.16,36.37,91.05
2024-03-31 10:00:00+05:30,31.0,25,990.1,1,7.9,9.7,22.3,650.7,187.0,715.7,10,91,6,0,0,140.49,20.84,117.18
2024-03-31 11:00:00+05:30,32.8,20,989.5,0,5.8,7.1,22.0,713.2,206.0,847.8,11,91,6,0,0,169.98,7.65,137.23
2024-03-31 12:00:00+05:30,34.1,17,989.1,0,4.5,5.5,20.5,742.4,216.0,907.9,12,91,6,0,0,185.69,3.1,152.79
2024-03-31 13:00:00+05:30,35.0,16,988.1,0,6.5,7.6,21.2,746.6,219.0,894.0,13,91,6,0,0,187.81,10.12,164.03
2024-03-31 14:00:00+05:30,35.5,15,987.1,0,9.4,11.2,24.5,729.6,210.0,805.5,14,91,6,0,0,176.13,33.26,170.43
2024-03-31 15:00:00+05:30,35.5,14,986.1,1,13.4,16.2,29.2,682.8,195.0,654.1,15,91,6,0,0,151.33,50.0,170.43
2024-03-31 16:00:00+05:30,35.0,14,985.7,0,16.2,19.8,32.0,596.9,169.0,454.7,16,91,6,0,0,114.16,50.0,164.03
2024-03-31 17:00:00+05:30,34.1,14,985.5,4,17.3,21.7,32.8,445.0,131.0,235.4,17,91,6,0,0,68.07,50.0,152.79
2024-03-31 18:00:00+05:30,33.0,17,985.6,99,4.7,11.4,25.2,213.5,70.0,46.1,18,91,6,0,1,23.38,13.58,234.57
2024-03-31 19:00:00+05:30,31.3,18,985.4,100,5.1,3.9,7.2,0.0,4.0,0.0,19,91,6,0,1,0.0,4.14,215.39
2024-03-31 20:00:00+05:30,28.3,22,985.7,99,8.3,10.9,9.7,0.0,0.0,0.0,20,91,6,0,1,0.0,27.48,186.05
2024-03-31 21:00:00+05:30,28.1,21,986.2,100,8.7,16.4,12.6,0.0,0.0,0.0,21,91,6,0,1,0.0,50.0,184.35
2024-03-31 22:00:00+05:30,28.1,21,986.4,98,9.4,19.9,16.2,0.0,0.0,0.0,22,91,6,0,1,0.0,50.0,184.35
2024-03-31 23:00:00+05:30,27.6,23,986.3,100,13.9,25.9,22.0,0.0,0.0,0.0,23,91,6,0,1,0.0,50.0,180.26
2024-04-01 00:00:00+05:30,26.8,26,985.9,99,15.8,29.3,25.6,0.0,0.0,0.0,0,92,0,0,0,0.0,50.0,79.29
2024-04-01 01:00:00+05:30,26.0,29,985.4,93,16.8,30.4,27.0,0.0,0.0,0.0,1,92,0,0,0,0.0,50.0,74.2
2024-04-01 02:00:00+05:30,25.2,31,984.9,79,15.2,28.8,27.7,0.0,0.0,0.0,2,92,0,0,0,0.0,50.0,70.48
2024-04-01 03:00:00+05:30,24.3,31,984.6,59,14.2,27.3,24.8,0.0,0.0,0.0,3,92,0,0,0,0.0,50.0,70.0
2024-04-01 04:00:00+05:30,23.7,31,984.7,71,14.4,27.6,23.4,0.0,0.0,0.0,4,92,0,0,0,0.0,50.0,70.0
2024-04-01 05:00:00+05:30,23.0,33,984.9,82,13.9,26.5,23.4,0.0,0.0,0.0,5,92,0,0,0,0.0,50.0,70.0
2024-04-01 06:00:00+05:30,22.4,42,986.3,68,13.5,25.0,23.0,0.0,0.0,0.0,6,92,0,0,0,0.0,50.0,70.0
2024-04-01 07:00:00+05:30,23.1,43,986.7,100,14.6,25.2,23.0,81.4,39.0,104.0,7,92,0,0,0,10.39,50.0,110.0
2024-04-01 08:00:00+05:30,24.9,42,987.1,100,13.0,18.5,25.6,200.2,133.0,264.7,8,92,0,0,0,44.26,50.0,110.0
2024-04-01 09:00:00+05:30,27.5,37,987.4,100,10.8,13.9,25.9,428.1,188.0,492.2,9,92,0,1,0,92.47,50.0,204.47
2024-04-01 10:00:00+05:30,30.1,30,987.2,100,8.7,10.6,24.8,485.4,249.0,655.8,10,92,0,1,0,128.24,27.74,227.89
2024-04-01 11:00:00+05:30,31.8,24,986.5,98,4.5,5.0,22.7,509.8,305.0,773.7,11,92,0,1,0,154.47,2.58,245.86
2024-04-01 12:00:00+05:30,33.1,20,985.9,76,7.4,8.7,22.3,684.4,245.0,885.3,12,92,0,1,0,181.37,15.53,260.75
2024-04-01 13:00:00+05:30,34.1,16,985.0,41,9.9,11.8,25.6,741.5,219.0,890.9,13,92,0,1,0,187.62,39.11,236.79
2024-04-01 14:00:00+05:30,34.6,14,983.9,96,11.8,14.5,28.1,718.7,216.0,803.6,14,92,0,1,0,175.93,50.0,278.98
2024-04-01 15:00:00+05:30,34.8,13,983.3,100,14.2,17.1,29.9,651.3,210.0,647.0,15,92,0,1,0,149.53,50.0,281.5
2024-04-01 16:00:00+05:30,34.4,12,982.8,100,14.7,18.6,30.6,466.7,214.0,426.0,16,92,0,1,0,106.23,50.0,276.49
2024-04-01 17:00:00+05:30,33.7,12,982.7,100,13.5,17.6,29.5,140.6,180.0,177.8,17,92,0,1,0,50.49,50.0,267.91
2024-04-01 18:00:00+05:30,32.6,12,982.8,100,6.5,13.7,21.2,161.2,76.0,45.1,18,92,0,0,1,22.53,29.12,229.92
2024-04-01 19:00:00+05:30,29.7,15,983.0,81,8.3,10.8,10.8,0.0,5.0,0.0,19,92,0,0,1,0.0,26.84,198.93
2024-04-01 20:00:00+05:30,27.9,16,983.5,18,8.4,15.5,11.2,0.0,0.0,0.0,20,92,0,0,1,0.0,50.0,182.68
2024-04-01 21:00:00+05:30,28.2,17,984.1,20,8.6,21.3,14.4,0.0,0.0,0.0,21,92,0,0,1,0.0,50.0,185.19
2024-04-01 22:00:00+05:30,26.9,18,984.2,37,7.4,18.3,13.3,0.0,0.0,0.0,22,92,0,0,1,0.0,50.0,174.99
2024-04-01 23:00:00+05:30,24.8,21,983.8,38,9.7,13.3,11.5,0.0,0.0,0.0,23,92,0,0,1,0.0,50.0,165.0
2024-04-02 00:00:00+05:30,24.3,22,983.4,38,6.2,11.5,11.2,0.0,0.0,0.0,0,93,1,0,0,0.0,20.65,70.0
2024-04-02 01:00:00+05:30,24.0,23,982.9,40,6.6,12.4,10.4,0.0,0.0,0.0,1,93,1,0,0,0.0,25.67,70.0
2024-04-02 02:00:00+05:30,23.6,24,982.5,100,7.0,13.7,11.5,0.0,0.0,0.0,2,93,1,0,0,0.0,33.1,70.0
2024-04-02 03:00:00+05:30,23.2,24,981.9,65,7.4,14.5,11.9,0.0,0.0,0.0,3,93,1,0,0,0.0,39.37,70.0
2024-04-02 04:00:00+05:30,22.4,25,981.9,93,7.2,13.7,11.9,0.0,0.0,0.0,4,93,1,0,0,0.0,34.48,70.0
2024-04-02 05:00:00+05:30,22.1,25,981.9,100,7.4,13.9,12.2,0.0,0.0,0.0,5,93,1,0,0,0.0,36.71,70.0
2024-04-02 06:00:00+05:30,22.5,25,982.6,100,9.0,17.1,13.7,0.0,0.0,0.0,6,93,1,0,0,0.0,50.0,70.0
2024-04-02 07:00:00+05:30,24.1,22,983.0,98,10.5,17.6,16.9,36.5,40.0,91.9,7,93,1,0,0,9.7,50.0,110.0
2024-04-02 08:00:00+05:30,27.0,19,983.8,20,6.7,15.8,16.9,242.3,131.0,281.0,8,93,1,0,0,46.65,39.66,120.71
2024-04-02 09:00:00+05:30,30.6,16,984.8,9,5.2,6.8,16.2,542.6,157.0,530.3,9,93,1,1,0,98.61,6.02,232.98
2024-04-02 10:00:00+05:30,33.1,14,985.1,70,4.3,5.1,16.9,643.4,189.0,715.9,10,93,1,1,0,138.66,2.43,260.75
2024-04-02 11:00:00+05:30,34.6,12,984.5,73,4.5,5.0,18.0,698.7,213.0,846.1,11,93,1,1,0,167.53,2.55,278.98
2024-04-02 12:00:00+05:30,35.7,12,983.8,47,6.9,8.2,21.6,732.7,221.0,907.5,12,93,1,1,0,183.48,12.55,293.02
2024-04-02 13:00:00+05:30,36.5,11,982.9,14,9.4,11.2,24.8,736.4,224.0,892.8,13,93,1,1,0,185.48,33.01,267.55
2024-04-02 14:00:00+05:30,36.9,11,981.8,19,11.0,13.3,26.6,688.5,231.0,794.1,14,93,1,1,0,171.58,50.0,308.92
2024-04-02 15:00:00+05:30,36.8,11,980.8,22,12.1,14.9,27.4,619.9,216.0,631.6,15,93,1,1,0,144.45,50.0,307.57
2024-04-02 16:00:00+05:30,36.4,11,980.5,25,14.0,17.3,28.4,572.4,175.0,449.1,16,93,1,1,0,111.25,50.0,302.22
2024-04-02 17:00:00+05:30,35.6,12,980.4,20,14.8,19.1,28.4,420.0,135.0,232.4,17,93,1,1,0,65.99,50.0,291.72
2024-04-02 18:00:00+05:30,33.9,13,981.0,79,10.0,17.1,26.6,219.7,70.0,48.2,18,93,1,0,1,23.42,50.0,245.34
2024-04-02 19:00:00+05:30,33.1,14,981.4,72,6.6,8.3,16.6,0.0,6.0,0.0,19,93,1,0,1,0.0,12.14,235.75
2024-04-02 20:00:00+05:30,31.5,15,981.9,74,5.7,6.5,7.2,0.0,0.0,0.0,20,93,1,0,1,0.0,6.28,217.56
2024-04-02 21:00:00+05:30,29.9,17,982.4,77,6.0,6.4,7.6,0.0,0.0,0.0,21,93,1,0,1,0.0,7.28,200.89
2024-04-02 22:00:00+05:30,26.9,20,982.3,94,8.0,6.8,7.9,0.0,0.0,0.0,22,93,1,0,1,0.0,18.57,174.99
2024-04-02 23:00:00+05:30,25.4,23,982.1,96,8.4,10.9,10.8,0.0,0.0,0.0,23,93,1,0,1,0.0,28.09,166.22
2024-04-03 00:00:00+05:30,26.3,22,982.3,84,9.5,25.4,13.0,0.0,0.0,0.0,0,94,2,0,0,0.0,50.0,75.99
2024-04-03 01:00:00+05:30,27.2,21,982.0,37,15.0,31.2,24.1,0.0,0.0,0.0,1,94,2,0,0,0.0,50.0,82.18
2024-04-03 02:00:00+05:30,26.8,24,981.7,24,14.1,29.0,24.1,0.0,0.0,0.0,2,94,2,0,0,0.0,50.0,79.29
2024-04-03 03:00:00+05:30,26.2,31,981.7,41,14.5,29.2,23.4,0.0,0.0,0.0,3,94,2,0,0,0.0,50.0,75.37
2024-04-03 04:00:00+05:30,25.9,38,981.7,84,15.3,29.7,24.8,0.0,0.0,0.0,4,94,2,0,0,0.0,50.0,73.64
2024-04-03 05:00:00+05:30,25.4,40,982.1,100,14.6,28.2,24.8,0.0,0.0,0.0,5,94,2,0,0,0.0,50.0,71.22
2024-04-03 06:00:00+05:30,24.8,43,983.1,100,13.0,25.5,25.9,0.0,0.0,0.0,6,94,2,0,0,0.0,50.0,70.0
2024-04-03 07:00:00+05:30,25.5,41,983.7,100,13.2,23.5,20.9,79.1,42.0,106.4,7,94,2,0,0,10.95,50.0,111.65
2024-04-03 08:00:00+05:30,27.7,35,984.6,100,12.3,17.9,23.4,219.2,136.0,277.6,8,94,2,0,0,45.91,50.0,126.05
2024-04-03 09:00:00+05:30,29.8,31,985.2,100,14.1,17.7,28.4,402.6,198.0,489.9,9,94,2,1,0,90.72,50.0,224.91
2024-04-03 10:00:00+05:30,31.4,28,985.1,96,15.1,19.0,31.7,497.7,251.0,670.5,10,94,2,1,0,129.8,50.0,241.47
2024-04-03 11:00:00+05:30,32.9,22,985.0,94,17.0,21.4,34.9,518.2,306.0,784.7,11,94,2,1,0,155.32,50.0,258.4
2024-04-03 12:00:00+05:30,34.2,18,984.4,100,17.7,22.3,36.7,666.4,257.0,884.0,12,94,2,1,0,179.33,50.0,274.02
2024-04-03 13:00:00+05:30,34.8,17,983.5,100,18.4,23.1,37.8,535.6,339.0,823.8,13,94,2,1,0,171.17,50.0,245.5
2024-04-03 14:00:00+05:30,35.3,17,982.1,100,18.7,23.0,37.8,493.9,333.0,729.5,14,94,2,1,0,157.49,50.0,287.85
2024-04-03 15:00:00+05:30,35.4,17,981.5,100,19.6,24.7,37.8,357.7,326.0,548.1,15,94,2,1,0,124.64,50.0,289.14
2024-04-03 16:00:00+05:30,34.8,18,981.1,100,20.3,26.0,37.8,226.4,272.0,350.6,16,94,2,1,0,86.02,50.0,281.5
2024-04-03 17:00:00+05:30,33.8,20,981.3,100,19.6,26.6,37.4,54.4,178.0,149.9,17,94,2,1,0,42.18,50.0,269.12
2024-04-03 18:00:00+05:30,33.2,15,982.3,100,10.7,18.9,25.2,34.7,81.0,37.7,18,94,2,0,1,18.46,50.0,236.93
2024-04-03 19:00:00+05:30,31.3,18,982.6,100,8.7,20.3,17.6,0.0,5.0,0.0,19,94,2,0,1,0.0,50.0,215.39
2024-04-03 20:00:00+05:30,29.7,20,983.1,81,7.3,18.0,14.0,0.0,0.0,0.0,20,94,2,0,1,0.0,50.0,198.93
2024-04-03 21:00:00+05:30,27.7,24,983.3,89,10.4,16.0,12.2,0.0,0.0,0.0,21,94,2,0,1,0.0,50.0,181.05
2024-04-03 22:00:00+05:30,27.5,26,983.5,82,9.3,17.1,12.6,0.0,0.0,0.0,22,94,2,0,1,0.0,50.0,179.47
2024-04-03 23:00:00+05:30,26.9,29,983.1,84,7.9,18.1,12.2,0.0,0.0,0.0,23,94,2,0,1,0.0,50.0,174.99
2024-04-04 00:00:00+05:30,26.2,32,983.0,68,8.0,22.0,12.2,0.0,0.0,0.0,0,95,3,0,0,0.0,50.0,75.37
2024-04-04 01:00:00+05:30,25.8,36,982.4,99,7.9,22.8,12.2,0.0,0.0,0.0,1,95,3,0,0,0.0,50.0,73.11
2024-04-04 02:00:00+05:30,24.9,38,982.0,100,8.4,18.4,11.5,0.0,0.0,0.0,2,95,3,0,0,0.0,50.0,70.0
2024-04-04 03:00:00+05:30,24.0,40,981.8,100,7.9,18.3,11.5,0.0,0.0,0.0,3,95,3,0,0,0.0,50.0,70.0
2024-04-04 04:00:00+05:30,24.1,40,982.0,100,9.6,22.0,15.1,0.0,0.0,0.0,4,95,3,0,0,0.0,50.0,70.0
2024-04-04 05:00:00+05:30,23.3,42,982.1,96,7.0,19.4,15.5,0.0,0.0,0.0,5,95,3,0,0,0.0,50.0,70.0
2024-04-04 06:00:00+05:30,24.1,45,983.3,84,9.1,20.6,15.5,0.0,0.0,0.0,6,95,3,0,0,0.0,50.0,70.0
2024-04-04 07:00:00+05:30,25.2,42,984.1,68,11.6,20.2,18.0,113.6,41.0,112.5,7,95,3,0,0,11.45,50.0,110.48
2024-04-04 08:00:00+05:30,28.5,33,985.1,100,9.3,19.9,19.1,309.4,124.0,303.0,8,95,3,0,0,49.99,50.0,132.79
2024-04-04 09:00:00+05:30,31.3,27,985.7,100,10.5,13.7,23.0,358.4,211.0,477.7,9,95,3,1,0,87.61,50.0,240.39
2024-04-04 10:00:00+05:30,33.1,24,986.0,100,11.0,13.9,24.8,243.0,330.0,555.8,10,95,3,1,0,105.8,50.0,260.75
2024-04-04 11:00:00+05:30,34.7,20,985.7,100,11.5,14.1,26.6,315.3,364.0,665.5,11,95,3,1,0,130.41,50.0,280.24
2024-04-04 12:00:00+05:30,35.7,17,985.3,100,10.5,12.8,26.6,305.1,412.0,704.8,12,95,3,1,0,141.1,50.0,293.02
2024-04-04 13:00:00+05:30,36.1,16,984.6,100,11.1,13.2,25.6,238.2,422.0,633.8,13,95,3,1,0,130.92,50.0,262.25
2024-04-04 14:00:00+05:30,36.2,16,983.7,99,11.5,13.8,25.9,207.3,384.0,538.6,14,95,3,1,0,115.98,50.0,299.57
2024-04-04 15:00:00+05:30,36.2,16,982.9,93,14.1,17.1,28.4,246.0,303.0,449.1,15,95,3,1,0,102.36,50.0,299.57
2024-04-04 16:00:00+05:30,35.9,16,982.5,100,16.1,19.8,31.7,474.1,192.0,413.7,16,95,3,1,0,102.04,50.0,295.63
2024-04-04 17:00:00+05:30,34.9,17,982.4,100,18.0,23.1,31.7,134.2,156.0,159.1,17,95,3,1,0,44.73,50.0,282.76
2024-04-04 18:00:00+05:30,33.3,17,983.1,100,12.6,21.2,24.1,0.0,72.0,31.2,18,95,3,0,1,15.21,50.0,238.11
2024-04-04 19:00:00+05:30,31.7,20,983.4,100,14.2,26.8,22.3,0.0,4.0,0.0,19,95,3,0,1,0.0,50.0,219.76
2024-04-04 20:00:00+05:30,31.0,21,984.0,100,13.8,27.4,24.8,0.0,0.0,0.0,20,95,3,0,1,0.0,50.0,212.18
2024-04-04 21:00:00+05:30,30.2,23,984.8,100,13.7,28.2,22.0,0.0,0.0,0.0,21,95,3,0,1,0.0,50.0,203.89
2024-04-04 22:00:00+05:30,29.4,33,985.1,100,17.4,32.1,27.7,0.0,0.0,0.0,22,95,3,0,1,0.0,50.0,196.04
2024-04-04 23:00:00+05:30,29.4,32,984.9,100,17.6,31.3,28.8,0.0,0.0,0.0,23,95,3,0,1,0.0,50.0,196.04
2024-04-05 00:00:00+05:30,28.7,33,984.5,100,16.2,29.4,28.4,0.0,0.0,0.0,0,96,4,0,0,0.0,50.0,94.57
2024-04-05 01:00:00+05:30,28.0,36,983.8,100,13.8,26.2,26.3,0.0,0.0,0.0,1,96,4,0,0,0.0,50.0,88.51
2024-04-05 02:00:00+05:30,27.4,38,983.4,100,13.7,26.1,22.0,0.0,0.0,0.0,2,96,4,0,0,0.0,50.0,83.69
2024-04-05 03:00:00+05:30,26.7,40,982.9,100,11.8,23.5,22.0,0.0,0.0,0.0,3,96,4,0,0,0.0,50.0,78.6
2024-04-05 04:00:00+05:30,26.1,41,983.3,100,10.0,19.5,18.4,0.0,0.0,0.0,4,96,4,0,0,0.0,50.0,74.78
2024-04-05 05:00:00+05:30,25.9,41,983.3,100,9.8,19.5,16.2,0.0,0.0,0.0,5,96,4,0,0,0.0,50.0,73.64
2024-04-05 06:00:00+05:30,25.4,46,984.1,99,7.5,17.7,20.5,0.0,0.0,0.0,6,96,4,0,0,0.0,50.0,71.22
2024-04-05 07:00:00+05:30,26.1,44,984.7,100,10.0,17.4,16.2,35.0,43.0,93.2,7,96,4,0,0,10.28,50.0,114.78
2024-04-05 08:00:00+05:30,27.8,39,985.1,100,7.1,10.7,16.6,57.2,136.0,204.1,8,96,4,0,0,33.81,21.59,126.86
2024-04-05 09:00:00+05:30,29.7,35,985.8,100,4.8,5.9,16.2,131.3,246.0,372.1,9,96,4,1,0,68.13,4.03,223.93
2024-04-05 10:00:00+05:30,31.5,27,985.8,84,5.5,6.3,16.9,182.8,323.0,500.6,10,96,4,1,0,95.97,5.63,242.56
2024-04-05 11:00:00+05:30,33.3,21,985.4,97,3.6,4.2,17.6,361.1,307.0,647.3,11,96,4,1,0,128.72,1.03,263.11
2024-04-05 12:00:00+05:30,34.5,17,984.7,100,10.4,12.7,24.5,235.0,420.0,647.7,12,96,4,1,0,130.35,50.0,277.74
2024-04-05 13:00:00+05:30,35.2,16,983.6,100,14.7,17.8,32.4,367.2,408.0,739.0,13,96,4,1,0,152.59,50.0,250.57
2024-04-05 14:00:00+05:30,35.4,16,982.5,99,11.8,13.8,32.0,287.1,393.0,614.6,14,96,4,1,0,132.15,50.0,289.14
2024-04-05 15:00:00+05:30,35.7,15,982.0,100,9.4,11.3,27.0,470.4,262.0,571.0,15,96,4,1,0,130.19,33.58,293.02
2024-04-05 16:00:00+05:30,35.5,15,981.6,100,9.7,11.4,23.8,442.3,209.0,412.2,16,96,4,1,0,101.26,35.56,290.43
2024-04-05 17:00:00+05:30,35.4,14,981.4,100,6.5,8.0,22.3,269.6,143.0,193.0,17,96,4,1,0,54.06,11.03,289.14
2024-04-05 18:00:00+05:30,32.8,22,982.6,92,13.8,20.9,33.1,48.7,75.0,37.2,18,96,4,0,1,17.76,50.0,232.23
2024-04-05 19:00:00+05:30,31.0,25,983.1,100,11.9,22.8,23.0,0.0,6.0,0.0,19,96,4,0,1,0.0,50.0,212.18
2024-04-05 20:00:00+05:30,29.5,26,983.6,100,8.1,13.6,20.2,0.0,0.0,0.0,20,96,4,0,1,0.0,38.93,197.0
2024-04-05 21:00:00+05:30,29.5,26,984.3,100,12.9,21.2,19.8,0.0,0.0,0.0,21,96,4,0,1,0.0,50.0,197.0
2024-04-05 22:00:00+05:30,29.1,26,984.2,100,12.4,24.8,23.0,0.0,0.0,0.0,22,96,4,0,1,0.0,50.0,193.22
2024-04-05 23:00:00+05:30,28.0,28,983.7,100,7.7,15.1,19.8,0.0,0.0,0.0,23,96,4,0,1,0.0,43.9,183.51
2024-04-06 00:00:00+05:30,27.2,29,983.3,100,6.1,14.0,13.0,0.0,0.0,0.0,0,97,5,0,0,0.0,28.31,82.18
2024-04-06 01:00:00+05:30,27.8,28,983.2,100,4.3,5.5,10.4,0.0,0.0,0.0,1,97,5,0,0,0.0,2.92,86.86
2024-04-06 02:00:00+05:30,26.7,30,983.0,98,2.5,4.9,4.7,0.0,0.0,0.0,2,97,5,0,0,0.0,0.69,78.6
2024-04-06 03:00:00+05:30,23.7,36,982.7,97,6.9,10.0,9.0,0.0,0.0,0.0,3,97,5,0,0,0.0,18.63,70.0
2024-04-06 04:00:00+05:30,23.4,37,982.6,100,6.5,8.0,9.4,0.0,0.0,0.0,4,97,5,0,0,0.0,11.49,70.0
2024-04-06 05:00:00+05:30,23.9,35,982.9,23,5.9,11.1,9.0,0.0,0.0,0.0,5,97,5,0,0,0.0,18.15,70.0
2024-04-06 06:00:00+05:30,22.2,43,984.1,16,3.9,5.1,7.6,0.0,0.0,0.0,6,97,5,0,0,0.0,2.12,70.0
2024-04-06 07:00:00+05:30,23.8,40,985.0,3,9.1,7.6,14.4,110.6,42.0,110.9,7,97,5,0,0,11.73,28.1,110.0
2024-04-06 08:00:00+05:30,27.5,31,985.8,2,6.5,8.6,16.2,348.2,117.0,313.1,8,97,5,0,0,51.76,12.97,124.47
2024-04-06 09:00:00+05:30,30.6,26,986.2,0,3.1,3.3,15.8,531.0,162.0,534.9,9,97,5,0,0,98.53,0.29,172.98
2024-04-06 10:00:00+05:30,32.5,22,986.0,0,2.6,3.4,15.1,636.4,192.0,720.8,10,97,5,0,0,138.72,0.02,193.76
2024-04-06 11:00:00+05:30,33.9,19,985.6,16,4.3,5.1,18.4,696.6,211.0,849.2,11,97,5,0,0,167.35,2.42,210.34
2024-04-06 12:00:00+05:30,34.9,17,984.9,15,4.0,4.7,18.4,667.5,234.0,866.1,12,97,5,0,0,175.0,1.74,222.76
2024-04-06 13:00:00+05:30,35.5,15,983.9,15,4.8,5.6,19.1,625.9,248.0,820.6,13,97,5,0,0,170.94,3.54,212.43
2024-04-06 14:00:00+05:30,36.1,14,982.8,21,5.5,6.6,19.8,638.5,235.0,760.9,14,97,5,0,0,164.15,6.05,238.25
2024-04-06 15:00:00+05:30,36.0,14,982.0,12,6.9,8.0,20.2,569.4,221.0,604.7,15,97,5,0,0,137.69,11.96,236.94
2024-04-06 16:00:00+05:30,35.5,14,981.5,34,7.3,8.5,20.5,505.3,190.0,430.3,16,97,5,0,0,105.5,14.44,230.43
2024-04-06 17:00:00+05:30,34.8,14,981.3,74,8.6,9.9,19.4,336.4,146.0,217.2,17,97,5,0,0,60.59,23.7,221.5
2024-04-06 18:00:00+05:30,34.3,12,981.4,4,7.2,13.4,23.0,207.6,73.0,51.4,18,97,5,0,1,23.3,31.87,250.25
2024-04-06 19:00:00+05:30,31.1,13,981.7,13,8.3,9.4,12.2,14.4,6.0,0.0,19,97,5,0,1,0.0,20.88,213.24
2024-04-06 20:00:00+05:30,30.7,14,982.4,3,9.9,21.1,14.4,0.0,0.0,0.0,20,97,5,0,1,0.0,50.0,209.02
2024-04-06 21:00:00+05:30,29.9,14,982.9,0,9.2,22.7,16.2,0.0,0.0,0.0,21,97,5,0,1,0.0,50.0,200.89
2024-04-06 22:00:00+05:30,28.7,14,983.3,0,9.4,22.6,14.4,0.0,0.0,0.0,22,97,5,0,1,0.0,50.0,189.57
2024-04-06 23:00:00+05:30,27.7,15,983.2,0,11.6,24.0,19.1,0.0,0.0,0.0,23,97,5,0,1,0.0,50.0,181.05
2024-04-07 00:00:00+05:30,26.7,17,982.8,0,10.3,21.5,18.4,0.0,0.0,0.0,0,98,6,0,0,0.0,50.0,78.6
2024-04-07 01:00:00+05:30,25.9,19,982.4,2,10.2,21.9,16.2,0.0,0.0,0.0,1,98,6,0,0,0.0,50.0,73.64
2024-04-07 02:00:00+05:30,25.5,19,982.0,19,12.6,25.3,19.4,0.0,0.0,0.0,2,98,6,0,0,0.0,50.0,71.65
2024-04-07 03:00:00+05:30,24.8,20,982.1,39,14.4,28.3,24.1,0.0,0.0,0.0,3,98,6,0,0,0.0,50.0,70.0
2024-04-07 04:00:00+05:30,24.4,20,982.2,16,14.3,28.4,23.4,0.0,0.0,0.0,4,98,6,0,0,0.0,50.0,70.0
2024-04-07 05:00:00+05:30,23.8,21,982.8,0,13.4,26.4,23.0,0.0,0.0,0.0,5,98,6,0,0,0.0,50.0,70.0
2024-04-07 06:00:00+05:30,23.4,24,983.5,0,11.1,19.9,20.2,0.0,0.0,0.0,6,98,6,0,0,0.0,50.0,70.0
2024-04-07 07:00:00+05:30,24.6,23,984.5,0,12.3,18.9,18.7,136.4,45.0,122.4,7,98,6,0,0,12.92,50.0,110.0
2024-04-07 08:00:00+05:30,28.2,18,985.5,0,10.4,19.8,20.5,378.2,119.0,330.5,8,98,6,0,0,54.32,50.0,130.19
2024-04-07 09:00:00+05:30,31.6,15,985.8,0,13.4,18.0,27.4,552.7,164.0,552.9,9,98,6,0,0,101.07,50.0,123.66
2024-04-07 10:00:00+05:30,34.5,13,985.6,0,17.4,22.3,34.6,655.6,195.0,741.3,10,98,6,0,0,140.83,50.0,157.74
2024-04-07 11:00:00+05:30,36.2,11,984.9,0,17.7,21.8,37.1,715.3,215.0,872.0,11,98,6,0,0,169.29,50.0,179.57
2024-04-07 12:00:00+05:30,37.0,9,984.0,0,11.9,14.4,36.0,744.5,226.0,932.0,12,98,6,0,0,184.93,50.0,190.27
2024-04-07 13:00:00+05:30,37.5,8,983.0,0,7.9,9.6,28.4,749.1,228.0,916.0,13,98,6,0,0,186.94,19.89,197.08
2024-04-07 14:00:00+05:30,37.8,8,981.9,1,5.9,6.9,23.4,731.7,220.0,826.4,14,98,6,0,0,175.43,7.25,201.21
2024-04-07 15:00:00+05:30,37.9,7,981.1,1,6.2,7.0,20.5,684.6,204.0,672.1,15,98,6,0,0,150.51,7.99,202.6
2024-04-07 16:00:00+05:30,37.9,7,980.7,4,9.3,10.8,22.3,601.6,175.0,469.7,16,98,6,0,0,113.36,30.34,202.6
2024-04-07 17:00:00+05:30,36.9,7,980.6,2,15.3,18.6,29.2,444.5,139.0,247.5,17,98,6,0,0,67.94,50.0,188.92
2024-04-07 18:00:00+05:30,34.2,7,981.7,0,4.6,6.0,19.4,225.0,76.0,55.1,18,98,6,0,1,24.53,3.83,249.02
2024-04-07 19:00:00+05:30,30.2,10,981.9,0,8.0,17.2,12.2,14.3,6.0,0.0,19,98,6,0,1,0.0,50.0,203.89
2024-04-07 20:00:00+05:30,29.9,11,982.2,0,8.4,20.6,13.7,0.0,0.0,0.0,20,98,6,0,1,0.0,50.0,200.89
2024-04-07 21:00:00+05:30,29.9,12,982.8,0,10.2,20.0,15.8,0.0,0.0,0.0,21,98,6,0,1,0.0,50.0,200.89
2024-04-07 22:00:00+05:30,29.6,13,983.2,0,10.9,24.1,17.6,0.0,0.0,0.0,22,98,6,0,1,0.0,50.0,197.96
2024-04-07 23:00:00+05:30,27.6,15,983.3,0,10.6,16.3,17.3,0.0,0.0,0.0,23,98,6,0,1,0.0,50.0,180.26
2024-04-08 00:00:00+05:30,25.3,17,983.2,0,6.4,3.8,11.5,0.0,0.0,0.0,0,99,0,0,0,0.0,9.16,70.83
2024-04-08 01:00:00+05:30,26.8,15,982.9,0,3.9,3.1,10.1,0.0,0.0,0.0,1,99,0,0,0,0.0,1.41,79.29
2024-04-08 02:00:00+05:30,25.3,16,982.5,0,7.1,10.2,11.2,0.0,0.0,0.0,2,99,0,0,0,0.0,19.95,70.83
2024-04-08 03:00:00+05:30,24.6,17,982.1,0,8.2,13.8,13.7,0.0,0.0,0.0,3,99,0,0,0,0.0,41.19,70.0
2024-04-08 04:00:00+05:30,27.1,14,982.4,0,6.4,7.3,11.9,0.0,0.0,0.0,4,99,0,0,0,0.0,9.38,81.44
2024-04-08 05:00:00+05:30,22.2,20,982.4,0,9.4,7.5,11.2,0.0,0.0,0.0,5,99,0,0,0,0.0,31.14,70.0
2024-04-08 06:00:00+05:30,21.6,20,983.2,6,10.2,14.1,12.2,0.0,0.0,0.0,6,99,0,0,0,0.0,50.0,70.0
2024-04-08 07:00:00+05:30,24.7,17,984.1,13,6.5,11.0,11.5,141.4,47.0,126.3,7,99,0,0,0,13.5,20.32,110.0
2024-04-08 08:00:00+05:30,28.3,14,985.2,3,6.8,11.1,15.5,380.0,121.0,334.8,8,99,0,0,0,54.92,21.71,131.05
2024-04-08 09:00:00+05:30,32.6,11,986.1,0,9.6,13.6,21.2,553.0,167.0,558.1,9,99,0,1,0,101.32,50.0,254.92
2024-04-08 10:00:00+05:30,36.0,9,986.4,0,10.5,12.4,24.8,652.9,200.0,746.3,10,99,0,1,0,140.44,50.0,296.94
2024-04-08 11:00:00+05:30,37.6,8,986.1,0,7.2,8.3,24.5,717.8,218.0,879.1,11,99,0,1,0,169.1,13.55,318.45
2024-04-08 12:00:00+05:30,38.4,7,985.5,3,9.0,10.6,24.1,745.8,229.0,937.9,12,99,0,1,0,184.39,28.2,329.59
2024-04-08 13:00:00+05:30,38.9,7,984.7,9,12.7,15.0,29.2,749.6,231.0,920.8,13,99,0,1,0,186.21,50.0,300.66
2024-04-08 14:00:00+05:30,38.9,7,983.7,17,15.5,18.7,33.1,730.2,223.0,829.3,14,99,0,1,0,174.67,50.0,336.66
2024-04-08 15:00:00+05:30,38.3,7,982.8,9,15.9,19.6,33.8,579.7,232.0,623.9,15,99,0,1,0,139.5,50.0,328.18
2024-04-08 16:00:00+05:30,37.9,7,982.4,0,10.0,12.6,32.4,552.2,189.0,456.2,16,99,0,1,0,109.73,43.76,322.6
2024-04-08 17:00:00+05:30,37.6,7,982.2,0,4.4,5.8,22.7,449.8,138.0,249.3,17,99,0,1,0,67.87,3.29,318.45
2024-04-08 18:00:00+05:30,35.7,8,982.5,100,12.3,20.9,19.8,228.0,76.0,56.2,18,99,0,0,1,24.43,50.0,268.02
2024-04-08 19:00:00+05:30,33.3,10,982.9,89,11.8,25.0,21.2,0.0,8.0,0.0,19,99,0,0,1,0.0,50.0,238.11
2024-04-08 20:00:00+05:30,30.6,12,983.0,53,11.0,18.5,18.7,0.0,0.0,0.0,20,99,0,0,1,0.0,50.0,207.98
2024-04-08 21:00:00+05:30,32.3,10,983.8,37,6.3,12.6,13.7,0.0,0.0,0.0,21,99,0,0,1,0.0,24.16,226.48
2024-04-08 22:00:00+05:30,32.1,11,984.2,71,1.5,6.6,7.2,0.0,0.0,0.0,22,99,0,0,1,0.0,0.0,224.22
2024-04-08 23:00:00+05:30,32.0,11,984.1,71,2.3,4.4,3.6,0.0,0.0,0.0,23,99,0,0,1,0.0,0.3,223.09
2024-04-09 00:00:00+05:30,31.5,11,983.7,100,0.7,4.0,2.9,0.0,0.0,0.0,0,100,1,0,0,0.0,0.0,122.56
2024-04-09 01:00:00+05:30,31.6,11,983.2,77,2.5,4.5,5.8,0.0,0.0,0.0,1,100,1,0,0,0.0,0.48,123.66
2024-04-09 02:00:00+05:30,26.8,15,982.7,96,13.4,20.9,20.9,0.0,0.0,0.0,2,100,1,0,0,0.0,50.0,79.29
2024-04-09 03:00:00+05:30,25.3,16,982.3,99,11.4,15.8,20.9,0.0,0.0,0.0,3,100,1,0,0,0.0,50.0,70.83
2024-04-09 04:00:00+05:30,25.9,15,982.1,91,9.0,12.6,12.6,0.0,0.0,0.0,4,100,1,0,0,0.0,39.59,73.64
2024-04-09 05:00:00+05:30,24.3,16,982.3,100,9.7,11.9,11.2,0.0,0.0,0.0,5,100,1,0,0,0.0,39.8,70.0
2024-04-09 06:00:00+05:30,24.4,20,983.2,87,10.1,12.4,11.2,0.0,0.0,0.0,6,100,1,0,0,0.0,45.12,70.0
2024-04-09 07:00:00+05:30,27.0,18,984.5,85,6.6,7.9,11.5,126.4,50.0,126.4,7,100,1,0,0,13.75,11.35,120.71
2024-04-09 08:00:00+05:30,30.0,16,985.4,98,0.8,3.3,12.2,252.6,141.0,301.6,8,100,1,0,0,49.28,0.0,146.89
2024-04-09 09:00:00+05:30,32.9,13,986.0,99,5.5,7.2,15.1,289.8,236.0,465.8,9,100,1,1,0,84.1,7.25,258.4
2024-04-09 10:00:00+05:30,35.5,10,986.0,99,3.8,4.8,17.3,462.4,276.0,676.9,10,100,1,1,0,127.11,1.66,290.43
2024-04-09 11:00:00+05:30,37.4,9,985.7,100,2.3,2.8,15.8,591.7,281.0,832.5,11,100,1,1,0,159.8,0.0,315.71
2024-04-09 12:00:00+05:30,38.7,8,985.2,58,3.1,3.3,16.2,625.0,297.0,894.1,12,100,1,1,0,175.02,0.28,333.82
2024-04-09 13:00:00+05:30,39.6,7,984.3,25,4.3,4.8,18.4,693.9,260.0,899.0,13,100,1,1,0,180.91,2.09,310.72
2024-04-09 14:00:00+05:30,40.1,6,983.2,1,6.5,7.5,20.2,711.9,233.0,824.5,14,100,1,1,0,172.3,9.66,354.01
2024-04-09 15:00:00+05:30,40.4,6,981.9,99,12.2,14.3,26.6,641.0,221.0,658.6,15,100,1,1,0,145.12,50.0,358.42
2024-04-09 16:00:00+05:30,39.4,6,981.4,100,18.4,22.8,34.9,426.6,208.0,406.1,16,100,1,1,0,97.01,50.0,343.83
2024-04-09 17:00:00+05:30,38.4,6,981.3,100,18.1,23.6,36.0,194.1,178.0,197.0,17,100,1,1,0,53.45,50.0,329.59
2024-04-09 18:00:00+05:30,35.0,9,982.4,100,7.0,13.8,13.3,33.0,72.0,36.1,18,100,1,0,1,16.35,32.28,259.03
2024-04-09 19:00:00+05:30,33.6,9,982.7,100,11.9,25.6,17.6,0.0,7.0,0.0,19,100,1,0,1,0.0,50.0,241.7
2024-04-09 20:00:00+05:30,32.4,10,983.0,100,8.2,17.6,19.4,0.0,0.0,0.0,20,100,1,0,1,0.0,50.0,227.62
2024-04-09 21:00:00+05:30,30.6,11,983.4,100,6.4,7.6,12.6,0.0,0.0,0.0,21,100,1,0,1,0.0,10.0,207.98
2024-04-09 22:00:00+05:30,30.1,12,984.1,100,6.6,11.6,10.4,0.0,0.0,0.0,22,100,1,0,1,0.0,22.39,202.89
2024-04-09 23:00:00+05:30,29.9,12,983.8,100,7.6,8.8,11.5,0.0,0.0,0.0,23,100,1,0,1,0.0,16.58,200.89
2024-04-10 00:00:00+05:30,28.9,13,983.3,100,5.1,5.1,8.6,0.0,0.0,0.0,0,101,2,0,0,0.0,4.16,96.37
2024-04-10 01:00:00+05:30,27.7,15,982.9,100,6.1,7.4,8.6,0.0,0.0,0.0,1,101,2,0,0,0.0,8.97,86.05
2024-04-10 02:00:00+05:30,26.9,15,982.6,100,6.5,13.8,11.9,0.0,0.0,0.0,2,101,2,0,0,0.0,30.05,79.99
2024-04-10 03:00:00+05:30,25.7,16,982.2,100,8.7,13.7,11.2,0.0,0.0,0.0,3,101,2,0,0,0.0,43.82,72.59
2024-04-10 04:00:00+05:30,26.9,14,982.0,100,7.3,15.6,11.5,0.0,0.0,0.0,4,101,2,0,0,0.0,43.38,79.99
2024-04-10 05:00:00+05:30,26.3,15,982.4,100,14.5,20.3,22.3,0.0,0.0,0.0,5,101,2,0,0,0.0,50.0,75.99
2024-04-10 06:00:00+05:30,26.4,17,983.2,100,11.3,19.4,16.6,0.0,0.0,0.0,6,101,2,0,0,0.0,50.0,76.61
2024-04-10 07:00:00+05:30,27.3,16,983.9,100,14.1,25.3,24.8,0.0,48.0,86.8,7,101,2,0,0,10.6,50.0,122.93
2024-04-10 08:00:00+05:30,30.1,13,984.5,100,9.2,19.9,22.3,62.5,158.0,233.7,8,101,2,0,0,38.57,50.0,147.89
2024-04-10 09:00:00+05:30,32.8,12,985.3,100,9.4,10.9,19.1,188.6,259.0,425.8,9,101,2,1,0,76.75,31.94,257.23
2024-04-10 10:00:00+05:30,34.5,11,985.4,99,4.8,5.6,24.8,312.4,334.0,619.6,10,101,2,1,0,116.31,3.56,277.74
2024-04-10 11:00:00+05:30,36.6,10,985.2,79,4.2,5.2,16.9,450.3,336.0,762.9,11,101,2,1,0,146.84,2.41,304.89
2024-04-10 12:00:00+05:30,38.4,9,984.2,3,3.8,4.5,18.4,622.4,299.0,894.9,12,101,2,1,0,175.08,1.39,329.59
2024-04-10 13:00:00+05:30,39.9,7,983.3,1,7.6,9.1,22.3,729.6,239.0,912.7,13,101,2,1,0,183.11,17.03,315.08
2024-04-10 14:00:00+05:30,40.2,7,982.2,15,9.1,10.6,23.8,744.1,222.0,842.6,14,101,2,1,0,175.38,28.36,355.48
2024-04-10 15:00:00+05:30,40.1,7,981.2,46,15.6,18.7,31.3,666.4,216.0,673.2,15,101,2,1,0,147.98,50.0,354.01
2024-04-10 16:00:00+05:30,38.9,7,980.8,60,18.6,23.6,35.3,378.0,203.0,376.4,16,101,2,1,0,90.16,50.0,336.66
2024-04-10 17:00:00+05:30,38.5,7,980.6,28,12.4,16.3,34.2,301.6,150.0,211.6,17,101,2,1,0,57.11,50.0,330.99
2024-04-10 18:00:00+05:30,35.7,9,981.6,93,6.2,8.3,12.6,187.0,74.0,52.7,18,101,2,0,1,22.39,11.04,268.02
2024-04-10 19:00:00+05:30,35.6,9,981.9,100,2.3,5.9,6.8,13.8,6.0,0.0,19,101,2,0,1,0.0,1.02,266.72
2024-04-10 20:00:00+05:30,34.2,10,982.2,59,1.5,1.6,2.9,0.0,0.0,0.0,20,101,2,0,1,0.0,0.0,249.02
2024-04-10 21:00:00+05:30,30.7,12,982.9,88,9.4,16.6,12.6,0.0,0.0,0.0,21,101,2,0,1,0.0,50.0,209.02
2024-04-10 22:00:00+05:30,30.5,19,984.1,97,22.6,40.2,35.6,0.0,0.0,0.0,22,101,2,0,1,0.0,0.0,206.95
2024-04-10 23:00:00+05:30,30.0,25,984.1,30,15.8,30.1,36.7,0.0,0.0,0.0,23,101,2,0,1,0.0,50.0,201.89
2024-04-11 00:00:00+05:30,28.6,30,983.7,26,15.9,31.2,25.6,0.0,0.0,0.0,0,102,3,0,0,0.0,50.0,93.67
2024-04-11 01:00:00+05:30,27.7,35,983.4,0,13.5,26.9,25.6,0.0,0.0,0.0,1,102,3,0,0,0.0,50.0,86.05
2024-04-11 02:00:00+05:30,26.7,40,982.9,0,14.2,27.0,22.7,0.0,0.0,0.0,2,102,3,0,0,0.0,50.0,78.6
2024-04-11 03:00:00+05:30,25.9,44,982.6,0,11.9,25.2,22.7,0.0,0.0,0.0,3,102,3,0,0,0.0,50.0,73.64
2024-04-11 04:00:00+05:30,25.2,46,982.7,0,11.5,24.9,18.7,0.0,0.0,0.0,4,102,3,0,0,0.0,50.0,70.48
2024-04-11 05:00:00+05:30,24.9,45,983.2,0,11.9,26.3,18.7,0.0,0.0,0.0,5,102,3,0,0,0.0,50.0,70.0
2024-04-11 06:00:00+05:30,24.3,49,984.2,0,9.4,22.0,15.8,0.0,1.0,15.5,6,102,3,0,0,0.0,50.0,70.0
2024-04-11 07:00:00+05:30,25.9,43,985.0,0,10.1,18.1,16.9,142.9,51.0,130.5,7,102,3,0,0,14.44,50.0,113.64
2024-04-11 08:00:00+05:30,28.5,36,985.9,0,7.4,10.8,17.3,371.7,123.0,336.1,8,102,3,0,0,54.87,23.17,132.79
2024-04-11 09:00:00+05:30,31.5,27,986.3,7,8.0,10.0,20.5,533.2,170.0,552.9,9,102,3,1,0,100.24,22.25,242.56
2024-04-11 10:00:00+05:30,34.4,19,986.4,17,9.1,10.9,23.0,607.7,209.0,724.3,10,102,3,1,0,136.62,30.47,276.49
2024-04-11 11:00:00+05:30,36.6,14,985.9,1,9.3,11.0,24.5,663.1,239.0,856.1,11,102,3,1,0,164.61,31.62,304.89
2024-04-11 12:00:00+05:30,38.1,12,985.3,14,9.3,11.1,25.2,722.4,233.0,924.2,12,102,3,1,0,181.18,31.95,325.38
2024-04-11 13:00:00+05:30,39.1,10,984.5,100,7.6,9.0,25.2,728.1,234.0,907.7,13,102,3,1,0,182.62,16.76,303.52
2024-04-11 14:00:00+05:30,39.4,9,983.4,33,7.2,8.3,22.7,599.8,259.0,756.1,14,102,3,1,0,158.82,13.43,343.83
2024-04-11 15:00:00+05:30,39.9,8,982.6,32,8.0,9.2,22.0,555.9,238.0,615.1,15,102,3,1,0,135.64,18.6,351.08
2024-04-11 16:00:00+05:30,39.5,8,981.9,59,10.5,12.6,23.8,516.5,192.0,442.3,16,102,3,1,0,104.77,50.0,345.27
2024-04-11 17:00:00+05:30,39.0,8,981.5,83,13.1,16.4,25.6,410.6,144.0,243.5,17,102,3,1,0,64.97,50.0,338.09
2024-04-11 18:00:00+05:30,35.3,9,982.3,0,8.4,10.5,17.3,222.7,78.0,58.8,18,102,3,0,1,24.51,25.46,262.85
2024-04-11 19:00:00+05:30,32.8,11,982.4,0,8.7,18.9,13.3,13.6,7.0,0.0,19,102,3,0,1,0.0,50.0,232.23
2024-04-11 20:00:00+05:30,31.1,14,983.1,0,8.9,20.5,13.0,0.0,0.0,0.0,20,102,3,0,1,0.0,50.0,213.24
2024-04-11 21:00:00+05:30,30.5,15,983.5,6,9.1,21.6,13.3,0.0,0.0,0.0,21,102,3,0,1,0.0,50.0,206.95
2024-04-11 22:00:00+05:30,30.0,16,984.1,0,18.6,36.0,28.8,0.0,0.0,0.0,22,102,3,0,1,0.0,0.0,201.89
2024-04-11 23:00:00+05:30,30.0,25,984.0,4,18.4,34.4,33.1,0.0,0.0,0.0,23,102,3,0,1,0.0,0.0,201.89
2024-04-12 00:00:00+05:30,28.6,29,983.9,0,10.7,24.8,29.5,0.0,0.0,0.0,0,103,4,0,0,0.0,50.0,93.67
2024-04-12 01:00:00+05:30,27.5,32,983.7,0,7.7,20.1,16.9,0.0,0.0,0.0,1,103,4,0,0,0.0,50.0,84.47
2024-04-12 02:00:00+05:30,26.9,33,983.0,0,8.0,20.3,12.2,0.0,0.0,0.0,2,103,4,0,0,0.0,50.0,79.99
2024-04-12 03:00:00+05:30,26.0,35,983.0,0,7.6,18.5,13.0,0.0,0.0,0.0,3,103,4,0,0,0.0,50.0,74.2
2024-04-12 04:00:00+05:30,24.9,37,982.6,0,6.5,11.5,11.5,0.0,0.0,0.0,4,103,4,0,0,0.0,21.94,70.0
2024-04-12 05:00:00+05:30,24.4,38,982.8,0,5.4,11.2,8.3,0.0,0.0,0.0,5,103,4,0,0,0.0,16.32,70.0
2024-04-12 06:00:00+05:30,24.8,45,984.7,1,9.0,18.9,16.2,0.0,1.0,13.7,6,103,4,0,0,0.0,50.0,70.0
2024-04-12 07:00:00+05:30,26.8,39,985.3,30,11.3,19.0,18.7,141.2,51.0,129.0,7,103,4,0,0,14.38,50.0,119.29
2024-04-12 08:00:00+05:30,30.1,32,985.9,94,10.4,17.1,20.5,341.6,126.0,326.3,8,103,4,0,0,52.96,50.0,147.89
2024-04-12 09:00:00+05:30,32.6,27,986.4,58,13.0,16.4,27.0,435.3,196.0,518.8,9,103,4,1,0,93.51,50.0,254.92
2024-04-12 10:00:00+05:30,34.3,25,986.3,62,14.1,17.7,30.6,585.4,215.0,714.1,10,103,4,1,0,134.55,50.0,275.25
2024-04-12 11:00:00+05:30,35.7,23,985.6,69,10.6,12.8,30.6,607.2,256.0,824.4,11,103,4,1,0,159.14,50.0,293.02
2024-04-12 12:00:00+05:30,36.9,21,984.8,13,9.2,11.0,26.3,676.0,249.0,897.6,12,103,4,1,0,176.93,31.11,308.92
2024-04-12 13:00:00+05:30,37.7,19,984.0,30,9.0,10.8,25.2,687.7,231.0,868.3,13,103,4,1,0,176.39,29.16,283.83
2024-04-12 14:00:00+05:30,38.0,17,982.9,59,9.0,10.6,24.8,551.8,257.0,714.3,14,103,4,1,0,151.43,28.16,323.99
2024-04-12 15:00:00+05:30,37.8,17,982.0,11,8.2,9.7,23.8,509.3,231.0,576.1,15,103,4,1,0,128.57,21.26,321.21
2024-04-12 16:00:00+05:30,37.7,17,981.2,6,6.3,7.6,21.6,539.0,180.0,445.0,16,103,4,1,0,105.98,9.53,319.83
2024-04-12 17:00:00+05:30,37.1,17,980.9,3,6.9,8.4,18.4,400.0,136.0,234.8,17,103,4,1,0,62.91,13.01,311.62
2024-04-12 18:00:00+05:30,35.5,14,981.4,56,4.4,9.0,17.3,193.4,79.0,57.0,18,103,4,0,1,23.58,7.91,265.43
2024-04-12 19:00:00+05:30,32.8,16,981.7,65,6.2,7.0,8.3,13.4,7.0,0.0,19,103,4,0,1,0.0,8.13,232.23
2024-04-12 20:00:00+05:30,31.4,17,982.0,45,8.2,9.1,10.1,0.0,0.0,0.0,20,103,4,0,1,0.0,19.76,216.47
2024-04-12 21:00:00+05:30,31.1,18,982.7,25,7.4,14.3,11.2,0.0,0.0,0.0,21,103,4,0,1,0.0,37.46,213.24
2024-04-12 22:00:00+05:30,30.7,26,983.0,6,18.7,33.2,31.3,0.0,0.0,0.0,22,103,4,0,1,0.0,0.0,209.02
2024-04-12 23:00:00+05:30,29.8,30,983.1,23,13.1,26.0,29.9,0.0,0.0,0.0,23,103,4,0,1,0.0,50.0,199.91
2024-04-13 00:00:00+05:30,28.9,31,982.9,53,11.6,23.2,21.2,0.0,0.0,0.0,0,104,5,0,0,0.0,50.0,96.37
2024-04-13 01:00:00+05:30,28.0,33,982.8,99,11.5,22.2,19.1,0.0,0.0,0.0,1,104,5,0,0,0.0,50.0,88.51
2024-04-13 02:00:00+05:30,28.0,33,982.3,100,13.0,24.7,20.9,0.0,0.0,0.0,2,104,5,0,0,0.0,50.0,88.51
2024-04-13 03:00:00+05:30,27.8,33,982.2,100,14.4,26.9,22.7,0.0,0.0,0.0,3,104,5,0,0,0.0,50.0,86.86
2024-04-13 04:00:00+05:30,27.8,33,982.0,89,13.3,25.5,23.8,0.0,0.0,0.0,4,104,5,0,0,0.0,50.0,86.86
2024-04-13 05:00:00+05:30,27.4,33,982.2,36,12.6,25.0,21.2,0.0,0.0,0.0,5,104,5,0,0,0.0,50.0,83.69
2024-04-13 06:00:00+05:30,25.9,41,982.8,100,13.0,14.5,19.8,0.0,1.0,12.3,6,104,5,0,0,0.0,50.0,73.64
2024-04-13 07:00:00+05:30,26.7,41,983.8,100,6.3,11.6,23.0,12.7,46.0,83.9,7,104,5,0,0,10.46,21.26,118.6
2024-04-13 08:00:00+05:30,29.3,32,984.8,99,12.2,18.5,23.0,129.6,163.0,271.7,8,104,5,0,0,44.86,50.0,140.09
2024-04-13 09:00:00+05:30,32.3,25,985.1,62,16.1,20.4,32.0,403.8,196.0,498.6,9,104,5,0,0,89.99,50.0,191.48
2024-04-13 10:00:00+05:30,34.2,22,984.8,14,14.0,17.3,32.0,524.7,244.0,697.3,10,104,5,0,0,131.08,50.0,214.02
2024-04-13 11:00:00+05:30,36.0,20,984.3,31,13.7,16.8,31.0,639.9,241.0,839.9,11,104,5,0,0,161.59,50.0,236.94
2024-04-13 12:00:00+05:30,37.4,17,983.3,54,13.0,15.9,31.0,718.1,234.0,923.8,12,104,5,0,0,181.03,50.0,255.71
2024-04-13 13:00:00+05:30,38.1,16,982.2,35,13.3,16.2,30.6,680.0,245.0,876.1,13,104,5,0,0,176.94,50.0,247.38
2024-04-13 14:00:00+05:30,38.1,16,981.2,10,15.8,19.7,33.1,567.6,230.0,702.9,14,104,5,0,0,149.26,50.0,265.38
2024-04-13 15:00:00+05:30,38.3,16,980.3,57,16.3,20.1,34.2,632.2,202.0,638.9,15,104,5,0,0,141.29,50.0,268.18
2024-04-13 16:00:00+05:30,38.1,17,979.8,40,14.8,18.7,33.1,548.8,184.0,454.6,16,104,5,0,0,107.57,50.0,265.38
2024-04-13 17:00:00+05:30,37.6,18,979.9,84,16.8,21.7,30.2,369.1,143.0,230.6,17,104,5,0,0,61.43,50.0,258.45
2024-04-13 18:00:00+05:30,35.7,20,981.0,100,18.1,26.3,33.1,155.4,74.0,51.4,18,104,5,0,1,21.11,50.0,268.02
2024-04-13 19:00:00+05:30,34.1,22,982.3,91,18.2,28.3,29.5,0.0,8.0,0.0,19,104,5,0,1,0.0,50.0,247.79
2024-04-13 20:00:00+05:30,32.4,29,982.8,92,2.6,7.9,32.0,0.0,0.0,0.0,20,104,5,0,1,0.0,2.32,227.62
2024-04-13 21:00:00+05:30,28.9,42,984.4,99,13.7,22.9,28.4,0.0,0.0,0.0,21,104,5,0,1,0.0,50.0,191.37
2024-04-13 22:00:00+05:30,28.6,43,983.9,84,1.5,4.6,23.0,0.0,0.0,0.0,22,104,5,0,1,0.0,0.0,188.67
2024-04-13 23:00:00+05:30,28.6,40,983.7,68,9.4,15.6,10.4,0.0,0.0,0.0,23,104,5,0,1,0.0,50.0,188.67
2024-04-14 00:00:00+05:30,28.5,39,983.4,83,5.3,8.7,10.8,0.0,0.0,0.0,0,105,6,0,0,0.0,9.91,92.79
2024-04-14 01:00:00+05:30,27.9,42,983.7,97,11.5,22.0,18.4,0.0,0.0,0.0,1,105,6,0,0,0.0,50.0,87.68
2024-04-14 02:00:00+05:30,27.0,43,983.7,94,6.1,11.7,18.4,0.0,0.0,0.0,2,105,6,0,0,0.0,20.65,80.71
2024-04-14 03:00:00+05:30,26.5,44,983.7,98,1.5,4.3,7.2,0.0,0.0,0.0,3,105,6,0,0,0.0,0.0,77.26
2024-04-14 04:00:00+05:30,26.5,48,984.4,100,11.4,20.1,22.7,0.0,0.0,0.0,4,105,6,0,0,0.0,50.0,77.26
2024-04-14 05:00:00+05:30,25.9,53,984.1,99,9.6,13.8,18.4,0.0,0.0,0.0,5,105,6,0,0,0.0,50.0,73.64
2024-04-14 06:00:00+05:30,25.3,59,985.1,100,8.7,18.4,16.2,0.0,1.0,11.1,6,105,6,0,0,0.0,50.0,70.83
2024-04-14 07:00:00+05:30,25.8,56,985.9,90,7.7,10.9,13.7,0.0,26.0,44.9,7,105,6,0,0,5.78,25.07,113.11
2024-04-14 08:00:00+05:30,27.8,49,986.6,100,1.1,1.1,15.8,112.7,145.0,240.4,8,105,6,0,0,40.07,0.0,126.86
2024-04-14 09:00:00+05:30,30.5,41,987.1,90,1.8,1.8,12.6,297.4,231.0,468.1,9,105,6,0,0,84.96,0.0,111.95
2024-04-14 10:00:00+05:30,32.5,37,987.1,91,1.1,1.5,13.0,412.7,268.0,632.5,10,105,6,0,0,119.96,0.0,133.76
2024-04-14 11:00:00+05:30,34.5,32,986.9,100,7.1,8.1,24.8,586.8,265.0,817.6,11,105,6,0,0,158.13,12.86,157.74
2024-04-14 12:00:00+05:30,35.5,27,986.3,84,13.8,17.0,31.0,470.6,352.0,807.9,12,105,6,0,0,159.85,50.0,170.43
2024-04-14 13:00:00+05:30,36.5,24,985.4,100,18.4,23.0,37.4,682.0,240.0,874.1,13,105,6,0,0,177.61,50.0,183.55
2024-04-14 14:00:00+05:30,36.3,23,984.5,100,22.3,28.1,42.5,378.8,340.0,646.9,14,105,6,0,0,137.48,0.0,180.89
2024-04-14 15:00:00+05:30,35.8,24,984.2,100,23.0,29.5,43.2,241.1,309.0,455.2,15,105,6,0,0,102.24,0.0,174.32
2024-04-14 16:00:00+05:30,35.3,25,983.7,100,20.4,26.5,42.8,220.3,253.0,336.0,16,105,6,0,0,80.73,50.0,167.85
2024-04-14 17:00:00+05:30,34.6,26,983.9,100,20.6,27.4,38.2,154.4,173.0,182.4,17,105,6,0,0,49.58,50.0,158.98
2024-04-14 18:00:00+05:30,33.4,26,985.3,100,16.6,25.2,31.7,86.2,76.0,45.6,18,105,6,0,1,19.18,50.0,239.31
2024-04-14 19:00:00+05:30,31.0,34,986.1,98,27.3,41.3,45.4,0.0,6.0,0.0,19,105,6,0,1,0.0,0.0,212.18
2024-04-14 20:00:00+05:30,30.0,37,986.7,100,19.7,31.5,45.0,0.0,0.0,0.0,20,105,6,0,1,0.0,0.0,201.89
2024-04-14 21:00:00+05:30,29.8,38,987.6,99,18.2,29.1,32.4,0.0,0.0,0.0,21,105,6,0,1,0.0,50.0,199.91
2024-04-14 22:00:00+05:30,29.5,41,988.1,100,14.3,23.7,29.9,0.0,0.0,0.0,22,105,6,0,1,0.0,50.0,197.0
2024-04-14 23:00:00+05:30,29.1,44,987.8,100,12.3,20.5,23.0,0.0,0.0,0.0,23,105,6,0,1,0.0,50.0,193.22
2024-04-15 00:00:00+05:30,28.6,46,987.2,100,7.2,14.8,20.2,0.0,0.0,0.0,0,106,0,0,0,0.0,38.85,93.67
2024-04-15 01:00:00+05:30,28.0,49,986.7,100,6.3,12.2,11.9,0.0,0.0,0.0,1,106,0,0,0,0.0,23.21,88.51
2024-04-15 02:00:00+05:30,27.6,50,986.6,100,6.5,12.8,11.9,0.0,0.0,0.0,2,106,0,0,0,0.0,26.38,85.26
2024-04-15 03:00:00+05:30,26.7,54,986.3,100,3.5,8.4,10.1,0.0,0.0,0.0,3,106,0,0,0,0.0,5.12,78.6
2024-04-15 04:00:00+05:30,25.9,57,986.6,100,6.5,12.6,10.1,0.0,0.0,0.0,4,106,0,0,0,0.0,25.8,73.64
2024-04-15 05:00:00+05:30,25.6,58,986.8,100,4.2,10.4,10.8,0.0,0.0,0.0,5,106,0,0,0,0.0,10.08,72.11
2024-04-15 06:00:00+05:30,24.8,70,987.4,100,2.4,5.9,10.1,0.0,1.0,10.2,6,106,0,0,0,0.0,1.17,70.0
2024-04-15 07:00:00+05:30,25.8,65,988.3,100,3.4,4.9,9.0,0.0,50.0,85.6,7,106,0,0,0,11.09,1.46,113.11
2024-04-15 08:00:00+05:30,26.5,61,988.6,100,0.8,1.3,9.0,0.0,80.0,102.1,8,106,0,0,0,17.53,0.0,117.26
2024-04-15 09:00:00+05:30,29.4,50,989.4,89,1.4,2.2,11.9,159.9,235.0,379.9,9,106,0,1,0,69.6,0.0,221.04
2024-04-15 10:00:00+05:30,32.0,36,989.1,100,7.0,8.0,19.4,469.4,258.0,669.3,10,106,0,1,0,126.75,12.45,248.09
2024-04-15 11:00:00+05:30,33.5,28,988.7,97,12.1,14.7,28.1,451.0,330.0,761.7,11,106,0,1,0,147.72,50.0,265.5
2024-04-15 12:00:00+05:30,34.5,24,988.0,100,13.1,16.0,29.2,484.5,335.0,804.8,12,106,0,1,0,160.01,50.0,277.74
2024-04-15 13:00:00+05:30,35.3,22,987.1,100,16.0,20.4,33.5,321.0,425.0,718.6,13,106,0,1,0,146.56,50.0,251.85
2024-04-15 14:00:00+05:30,36.3,19,985.8,81,20.4,25.6,39.2,505.8,320.0,737.2,14,106,0,1,0,155.33,50.0,300.89
2024-04-15 15:00:00+05:30,36.6,18,984.8,100,21.3,27.3,41.4,603.5,233.0,648.2,15,106,0,1,0,143.2,50.0,304.89
2024-04-15 16:00:00+05:30,35.2,21,984.6,100,21.0,27.3,41.0,226.1,241.0,329.3,16,106,0,1,0,79.13,50.0,286.57
2024-04-15 17:00:00+05:30,34.4,23,984.5,99,17.3,22.7,38.5,92.8,159.0,151.6,17,106,0,1,0,41.39,50.0,276.49
2024-04-15 18:00:00+05:30,32.5,28,986.7,100,16.9,24.2,30.6,0.0,67.0,32.5,18,106,0,0,1,14.22,50.0,228.76
2024-04-15 19:00:00+05:30,31.4,31,986.5,100,11.4,20.3,28.1,0.0,6.0,0.0,19,106,0,0,1,0.0,50.0,216.47
2024-04-15 20:00:00+05:30,30.7,33,986.6,100,7.6,16.7,18.7,0.0,0.0,0.0,20,106,0,0,1,0.0,50.0,209.02
2024-04-15 21:00:00+05:30,29.8,35,987.2,99,9.3,19.9,14.8,0.0,0.0,0.0,21,106,0,0,1,0.0,50.0,199.91
2024-04-15 22:00:00+05:30,29.6,36,987.1,100,12.3,23.1,19.4,0.0,0.0,0.0,22,106,0,0,1,0.0,50.0,197.96
2024-04-15 23:00:00+05:30,28.9,37,987.4,97,11.6,22.5,19.4,0.0,0.0,0.0,23,106,0,0,1,0.0,50.0,191.37
2024-04-16 00:00:00+05:30,28.2,40,987.1,91,11.0,21.7,18.7,0.0,0.0,0.0,0,107,1,0,0,0.0,50.0,90.19
2024-04-16 01:00:00+05:30,28.1,40,986.9,71,11.0,21.9,18.0,0.0,0.0,0.0,1,107,1,0,0,0.0,50.0,89.35
2024-04-16 02:00:00+05:30,27.4,43,986.5,100,8.9,18.8,17.6,0.0,0.0,0.0,2,107,1,0,0,0.0,50.0,83.69
2024-04-16 03:00:00+05:30,26.7,45,985.9,93,6.4,15.3,14.0,0.0,0.0,0.0,3,107,1,0,0,0.0,35.4,78.6
2024-04-16 04:00:00+05:30,26.0,48,986.0,92,5.9,13.8,10.1,0.0,0.0,0.0,4,107,1,0,0,0.0,26.58,74.2
2024-04-16 05:00:00+05:30,25.3,51,986.0,100,6.4,13.6,9.7,0.0,0.0,0.0,5,107,1,0,0,0.0,28.94,70.83
2024-04-16 06:00:00+05:30,25.4,48,987.0,92,9.7,19.9,15.5,0.0,2.0,18.9,6,107,1,0,0,0.0,50.0,71.22
2024-04-16 07:00:00+05:30,26.8,44,987.5,79,10.7,20.6,18.0,91.4,60.0,127.1,7,107,1,0,0,15.32,50.0,119.29
2024-04-16 08:00:00+05:30,29.1,37,988.2,5,9.9,14.3,20.9,298.9,137.0,322.1,8,107,1,0,0,52.41,50.0,138.22
2024-04-16 09:00:00+05:30,31.3,32,988.5,27,10.9,13.8,24.8,514.5,172.0,549.1,9,107,1,1,0,98.71,50.0,240.39
2024-04-16 10:00:00+05:30,32.9,29,988.3,100,9.2,11.4,25.2,628.6,199.0,737.7,10,107,1,1,0,138.67,33.66,258.4
2024-04-16 11:00:00+05:30,32.6,29,988.2,100,9.6,11.4,24.1,52.3,340.0,404.9,11,107,1,1,0,80.01,35.65,254.92
2024-04-16 12:00:00+05:30,33.2,27,987.4,44,10.5,12.5,24.1,142.5,334.0,475.9,12,107,1,1,0,97.19,50.0,261.93
2024-04-16 13:00:00+05:30,35.1,23,986.6,1,9.2,10.6,26.6,691.1,242.0,886.7,13,107,1,1,0,180.34,29.38,249.3
2024-04-16 14:00:00+05:30,35.7,21,985.5,59,8.7,10.4,25.2,682.1,227.0,800.8,14,107,1,1,0,168.84,26.29,293.02
2024-04-16 15:00:00+05:30,36.1,20,984.7,2,7.3,8.9,24.1,616.3,218.0,644.7,15,107,1,1,0,142.62,15.71,298.25
2024-04-16 16:00:00+05:30,36.2,19,984.1,6,4.4,5.4,21.2,540.6,185.0,453.5,16,107,1,1,0,107.19,2.84,299.57
2024-04-16 17:00:00+05:30,36.0,19,983.9,1,1.9,2.6,15.5,385.7,140.0,236.0,17,107,1,1,0,62.34,0.0,296.94
2024-04-16 18:00:00+05:30,34.7,19,984.4,5,4.1,8.6,14.4,201.1,78.0,60.1,18,107,1,0,1,23.53,6.59,255.24
2024-04-16 19:00:00+05:30,30.9,24,984.7,6,8.8,12.4,10.8,12.9,9.0,0.0,19,107,1,0,1,0.0,36.86,211.12
2024-04-16 20:00:00+05:30,30.0,26,985.5,7,6.4,11.7,10.8,0.0,0.0,0.0,20,107,1,0,1,0.0,21.85,201.89
2024-04-16 21:00:00+05:30,28.6,29,985.9,1,8.4,11.6,10.1,0.0,0.0,0.0,21,107,1,0,1,0.0,31.11,188.67
2024-04-16 22:00:00+05:30,28.4,30,986.2,11,7.1,13.7,10.8,0.0,0.0,0.0,22,107,1,0,1,0.0,33.32,186.92
2024-04-16 23:00:00+05:30,28.0,31,985.7,99,6.2,12.2,10.4,0.0,0.0,0.0,23,107,1,0,1,0.0,22.7,183.51
2024-04-17 00:00:00+05:30,28.6,30,985.6,9,11.5,23.0,17.6,0.0,0.0,0.0,0,108,2,0,0,0.0,50.0,93.67
2024-04-17 01:00:00+05:30,28.2,30,984.9,26,14.1,28.0,22.3,0.0,0.0,0.0,1,108,2,0,0,0.0,50.0,90.19
2024-04-17 02:00:00+05:30,27.4,31,984.0,15,13.6,27.2,23.4,0.0,0.0,0.0,2,108,2,0,0,0.0,50.0,83.69
2024-04-17 03:00:00+05:30,26.2,35,983.5,59,12.1,24.3,22.0,0.0,0.0,0.0,3,108,2,0,0,0.0,50.0,75.37
2024-04-17 04:00:00+05:30,25.4,40,984.1,31,14.0,25.9,22.7,0.0,0.0,0.0,4,108,2,0,0,0.0,50.0,71.22
2024-04-17 05:00:00+05:30,24.9,43,984.4,100,12.2,23.6,22.7,0.0,0.0,0.0,5,108,2,0,0,0.0,50.0,70.0
2024-04-17 06:00:00+05:30,25.1,44,985.2,100,12.2,23.1,20.9,0.0,2.0,17.5,6,108,2,0,0,0.0,50.0,70.19
2024-04-17 07:00:00+05:30,26.6,40,985.8,25,12.8,23.5,20.9,101.4,61.0,131.0,7,108,2,0,0,15.8,50.0,117.92
2024-04-17 08:00:00+05:30,29.2,34,986.4,74,13.2,19.1,25.6,360.4,127.0,340.5,8,108,2,0,0,55.01,50.0,139.15
2024-04-17 09:00:00+05:30,32.0,30,986.7,99,13.3,17.0,27.4,365.5,215.0,497.9,9,108,2,1,0,89.38,50.0,248.09
2024-04-17 10:00:00+05:30,33.0,27,986.2,52,12.8,16.1,27.7,148.4,288.0,437.4,10,108,2,1,0,83.33,50.0,259.57
2024-04-17 11:00:00+05:30,35.7,21,986.2,100,5.2,5.7,28.1,651.6,239.0,853.5,11,108,2,1,0,163.11,4.38,293.02
2024-04-17 12:00:00+05:30,36.5,19,985.8,93,3.9,4.8,19.1,296.1,433.0,724.3,12,108,2,1,0,142.19,1.74,303.55
2024-04-17 13:00:00+05:30,37.8,17,984.9,100,8.4,10.0,23.4,592.7,300.0,852.2,13,108,2,1,0,170.94,23.24,285.21
2024-04-17 14:00:00+05:30,38.4,15,983.9,100,10.8,12.9,26.3,541.7,308.0,758.1,14,108,2,1,0,157.49,50.0,329.59
2024-04-17 15:00:00+05:30,37.5,16,983.2,100,11.6,14.2,26.3,52.7,340.0,347.9,15,108,2,1,0,77.31,50.0,317.08
2024-04-17 16:00:00+05:30,36.8,17,982.6,73,11.4,14.1,24.8,7.8,205.0,179.8,16,108,2,1,0,43.28,50.0,307.57
2024-04-17 17:00:00+05:30,36.6,17,982.5,55,10.6,12.8,23.8,326.0,157.0,229.5,17,108,2,1,0,60.41,50.0,304.89
2024-04-17 18:00:00+05:30,35.8,18,982.9,100,4.0,9.2,23.4,17.7,57.0,30.1,18,108,2,0,1,12.58,7.2,269.32
2024-04-17 19:00:00+05:30,33.2,22,982.9,27,6.9,12.3,9.0,0.0,7.0,0.0,19,108,2,0,1,0.0,26.05,236.93
2024-04-17 20:00:00+05:30,31.6,25,983.4,18,10.5,21.7,18.4,0.0,0.0,0.0,20,108,2,0,1,0.0,50.0,218.66
2024-04-17 21:00:00+05:30,30.4,27,983.4,3,6.7,17.8,16.6,0.0,0.0,0.0,21,108,2,0,1,0.0,50.0,205.92
2024-04-17 22:00:00+05:30,29.5,29,983.7,3,9.8,22.7,15.5,0.0,0.0,0.0,22,108,2,0,1,0.0,50.0,197.0
2024-04-17 23:00:00+05:30,28.8,29,983.3,1,11.2,23.3,18.0,0.0,0.0,0.0,23,108,2,0,1,0.0,50.0,190.47
2024-04-18 00:00:00+05:30,27.8,30,983.5,0,11.1,23.2,18.4,0.0,0.0,0.0,0,109,3,0,0,0.0,50.0,86.86
2024-04-18 01:00:00+05:30,27.2,30,983.1,8,10.9,22.3,18.0,0.0,0.0,0.0,1,109,3,0,0,0.0,50.0,82.18
2024-04-18 02:00:00+05:30,26.6,30,982.6,49,10.6,21.3,18.0,0.0,0.0,0.0,2,109,3,0,0,0.0,50.0,77.92
2024-04-18 03:00:00+05:30,26.2,30,982.2,3,11.7,23.0,18.7,0.0,0.0,0.0,3,109,3,0,0,0.0,50.0,75.37
2024-04-18 04:00:00+05:30,25.9,30,981.9,0,10.5,22.0,19.1,0.0,0.0,0.0,4,109,3,0,0,0.0,50.0,73.64
2024-04-18 05:00:00+05:30,25.2,31,982.1,4,7.9,17.8,17.3,0.0,0.0,0.0,5,109,3,0,0,0.0,50.0,70.48
2024-04-18 06:00:00+05:30,25.4,35,982.8,71,6.2,17.5,15.5,0.0,2.0,16.4,6,109,3,0,0,0.0,42.83,71.22
2024-04-18 07:00:00+05:30,27.6,33,983.6,36,9.0,17.1,15.1,140.3,60.0,139.9,7,109,3,0,0,16.44,50.0,125.26
2024-04-18 08:00:00+05:30,30.9,28,984.0,46,8.7,15.0,18.4,357.5,130.0,343.7,8,109,3,0,0,55.07,50.0,156.12
2024-04-18 09:00:00+05:30,33.4,25,984.3,7,10.8,13.7,23.0,357.1,210.0,487.1,9,109,3,1,0,86.93,50.0,264.31
2024-04-18 10:00:00+05:30,35.7,21,984.6,60,13.6,16.8,29.2,603.7,210.0,731.5,10,109,3,1,0,135.38,50.0,293.02
2024-04-18 11:00:00+05:30,37.1,19,984.2,75,18.2,22.8,36.7,633.1,238.0,836.5,11,109,3,1,0,158.93,50.0,311.62
2024-04-18 12:00:00+05:30,37.5,19,983.8,100,23.8,30.1,45.0,512.2,298.0,796.2,12,109,3,1,0,156.2,0.0,317.08
2024-04-18 13:00:00+05:30,37.7,19,983.4,100,26.8,34.4,49.3,364.2,352.0,689.0,13,109,3,1,0,139.87,0.0,283.83
2024-04-18 14:00:00+05:30,35.6,21,983.1,100,29.6,39.2,52.2,59.6,309.0,344.8,14,109,3,1,0,74.53,0.0,291.72
2024-04-18 15:00:00+05:30,32.8,26,983.0,100,29.1,39.5,52.6,10.0,201.0,190.4,15,109,3,1,0,43.87,0.0,257.23
2024-04-18 16:00:00+05:30,32.0,24,982.7,100,25.6,34.8,50.4,23.4,153.0,143.9,16,109,3,1,0,35.53,0.0,248.09
2024-04-18 17:00:00+05:30,31.3,26,982.4,97,20.9,28.9,44.6,13.4,83.0,67.7,17,109,3,1,0,18.93,0.0,240.39
2024-04-18 18:00:00+05:30,28.0,44,983.2,18,5.1,9.3,34.6,26.4,49.0,27.3,18,109,3,0,1,11.56,10.64,183.51
2024-04-18 19:00:00+05:30,27.0,47,982.8,63,4.6,6.0,11.2,12.6,8.0,0.0,19,109,3,0,1,0.0,3.93,175.71
2024-04-18 20:00:00+05:30,26.3,48,983.0,88,7.5,15.0,12.6,0.0,0.0,0.0,20,109,3,0,1,0.0,42.12,170.99
2024-04-18 21:00:00+05:30,26.8,42,983.0,87,12.1,22.9,19.4,0.0,0.0,0.0,21,109,3,0,1,0.0,50.0,174.29
2024-04-18 22:00:00+05:30,26.4,41,983.1,6,7.9,18.8,19.4,0.0,0.0,0.0,22,109,3,0,1,0.0,50.0,171.61
2024-04-18 23:00:00+05:30,25.1,44,982.7,5,5.6,14.2,11.9,0.0,0.0,0.0,23,109,3,0,1,0.0,26.06,165.19
2024-04-19 00:00:00+05:30,24.8,45,982.5,1,8.4,18.7,14.0,0.0,0.0,0.0,0,110,4,0,0,0.0,50.0,70.0
2024-04-19 01:00:00+05:30,24.1,45,981.9,12,6.1,16.3,13.0,0.0,0.0,0.0,1,110,4,0,0,0.0,37.27,70.0
2024-04-19 02:00:00+05:30,23.1,47,981.1,6,8.3,14.3,9.4,0.0,0.0,0.0,2,110,4,0,0,0.0,44.71,70.0
2024-04-19 03:00:00+05:30,22.9,47,980.6,7,8.6,14.0,10.4,0.0,0.0,0.0,3,110,4,0,0,0.0,45.17,70.0
2024-04-19 04:00:00+05:30,23.4,45,980.6,100,7.4,12.6,9.7,0.0,0.0,0.0,4,110,4,0,0,0.0,30.75,70.0
2024-04-19 05:00:00+05:30,23.6,45,980.7,10,5.4,15.3,9.7,0.0,0.0,0.0,5,110,4,0,0,0.0,28.12,70.0
2024-04-19 06:00:00+05:30,24.7,41,981.5,1,11.6,24.1,18.4,0.0,3.0,23.1,6,110,4,0,0,0.0,50.0,70.0
2024-04-19 07:00:00+05:30,26.2,38,982.2,0,12.6,24.9,20.5,143.3,61.0,142.1,7,110,4,0,0,16.84,50.0,115.37
2024-04-19 08:00:00+05:30,28.0,44,982.7,0,16.4,22.1,29.5,357.3,130.0,344.3,8,110,4,0,0,55.74,50.0,128.51
2024-04-19 09:00:00+05:30,29.4,45,983.0,0,21.1,27.2,39.2,517.4,177.0,560.3,9,110,4,1,0,100.85,50.0,221.04
2024-04-19 10:00:00+05:30,31.2,37,983.0,0,24.1,31.1,45.0,616.2,209.0,742.1,10,110,4,1,0,139.62,0.0,239.31
2024-04-19 11:00:00+05:30,33.0,30,982.3,0,26.0,33.5,48.6,672.3,230.0,865.7,11,110,4,1,0,166.71,0.0,259.57
2024-04-19 12:00:00+05:30,34.5,25,981.5,0,27.4,35.5,51.5,701.3,240.0,920.9,12,110,4,1,0,180.92,0.0,277.74
2024-04-19 13:00:00+05:30,35.6,20,980.5,0,30.0,39.0,55.4,703.4,241.0,900.3,13,110,4,1,0,181.42,0.0,255.72
2024-04-19 14:00:00+05:30,36.2,16,979.4,0,32.3,42.1,58.3,685.6,232.0,811.3,14,110,4,1,0,169.38,0.0,299.57
2024-04-19 15:00:00+05:30,36.4,13,978.4,1,33.3,44.6,59.8,642.1,215.0,663.2,15,110,4,1,0,145.19,0.0,302.22
2024-04-19 16:00:00+05:30,36.1,12,977.9,1,34.0,45.8,60.5,565.2,187.0,471.2,16,110,4,1,0,110.12,0.0,298.25
2024-04-19 17:00:00+05:30,35.2,12,977.8,1,33.2,45.9,59.8,428.9,146.0,257.5,17,110,4,1,0,67.03,0.0,286.57
2024-04-19 18:00:00+05:30,34.2,15,978.7,1,25.4,38.0,51.1,209.9,83.0,65.7,18,110,4,0,1,24.78,0.0,249.02
2024-04-19 19:00:00+05:30,32.5,19,979.1,0,21.5,35.2,42.5,12.5,10.0,0.0,19,110,4,0,1,0.0,0.0,228.76
2024-04-19 20:00:00+05:30,31.4,22,979.8,1,17.5,30.7,35.6,0.0,0.0,0.0,20,110,4,0,1,0.0,50.0,216.47
2024-04-19 21:00:00+05:30,30.3,24,980.6,2,14.3,27.4,28.8,0.0,0.0,0.0,21,110,4,0,1,0.0,50.0,204.9
2024-04-19 22:00:00+05:30,29.3,28,980.9,0,13.3,26.8,23.4,0.0,0.0,0.0,22,110,4,0,1,0.0,50.0,195.09
2024-04-19 23:00:00+05:30,28.7,31,980.8,0,13.0,27.6,21.6,0.0,0.0,0.0,23,110,4,0,1,0.0,50.0,189.57
2024-04-20 00:00:00+05:30,28.2,32,980.6,0,14.5,28.9,23.0,0.0,0.0,0.0,0,111,5,0,0,0.0,50.0,90.19
2024-04-20 01:00:00+05:30,27.5,33,980.2,0,14.1,28.7,23.8,0.0,0.0,0.0,1,111,5,0,0,0.0,50.0,84.47
2024-04-20 02:00:00+05:30,26.7,35,980.1,0,15.1,29.2,24.5,0.0,0.0,0.0,2,111,5,0,0,0.0,50.0,78.6
2024-04-20 03:00:00+05:30,25.3,38,980.2,0,12.2,24.9,24.5,0.0,0.0,0.0,3,111,5,0,0,0.0,50.0,70.83
2024-04-20 04:00:00+05:30,24.3,42,980.3,0,12.1,24.1,19.8,0.0,0.0,0.0,4,111,5,0,0,0.0,50.0,70.0
2024-04-20 05:00:00+05:30,23.6,48,980.8,11,12.8,24.7,20.5,0.0,0.0,0.0,5,111,5,0,0,0.0,50.0,70.0
2024-04-20 06:00:00+05:30,23.4,58,981.8,45,11.6,21.3,20.9,0.0,3.0,21.9,6,111,5,0,0,0.0,50.0,70.0
2024-04-20 07:00:00+05:30,24.7,55,982.5,62,11.4,20.3,20.2,146.3,65.0,149.1,7,111,5,0,0,17.91,50.0,110.0
2024-04-20 08:00:00+05:30,26.5,50,983.0,65,13.6,17.6,26.6,354.7,138.0,353.7,8,111,5,0,0,57.57,50.0,117.26
2024-04-20 09:00:00+05:30,28.4,44,983.7,97,13.9,17.4,29.2,488.6,194.0,561.0,9,111,5,0,0,101.19,50.0,151.92
2024-04-20 10:00:00+05:30,30.5,36,983.5,12,12.9,15.5,29.5,579.2,233.0,738.5,10,111,5,0,0,138.98,50.0,171.95
2024-04-20 11:00:00+05:30,32.1,29,983.0,10,12.3,14.9,29.2,665.2,242.0,872.8,11,111,5,0,0,168.2,50.0,189.22
2024-04-20 12:00:00+05:30,33.3,24,982.3,46,13.4,16.3,31.0,706.3,244.0,930.9,12,111,5,0,0,183.27,50.0,203.11
2024-04-20 13:00:00+05:30,34.1,22,981.7,100,14.7,17.8,32.8,686.7,259.0,903.2,13,111,5,0,0,182.63,50.0,194.79
2024-04-20 14:00:00+05:30,34.3,21,980.8,100,14.7,18.1,32.8,398.4,386.0,710.6,14,111,5,0,0,149.55,50.0,215.25
2024-04-20 15:00:00+05:30,34.1,21,980.1,100,14.6,17.9,32.0,246.2,353.0,501.1,15,111,5,0,0,111.58,50.0,212.79
2024-04-20 16:00:00+05:30,33.9,21,979.9,100,14.3,18.1,30.2,178.7,288.0,345.4,16,111,5,0,0,82.35,50.0,210.34
2024-04-20 17:00:00+05:30,33.5,21,979.8,100,14.0,18.2,28.8,193.7,188.0,209.7,17,111,5,0,0,55.92,50.0,205.5
2024-04-20 18:00:00+05:30,32.4,17,981.1,100,11.6,17.3,24.8,30.4,82.0,45.0,18,111,5,0,1,18.44,50.0,227.62
2024-04-20 19:00:00+05:30,30.8,20,981.5,100,9.4,18.7,19.4,0.0,9.0,0.0,19,111,5,0,1,0.0,50.0,210.07
2024-04-20 20:00:00+05:30,29.6,23,981.6,100,8.4,19.1,15.1,0.0,0.0,0.0,20,111,5,0,1,0.0,50.0,197.96
2024-04-20 21:00:00+05:30,28.4,25,982.0,100,7.0,15.4,13.7,0.0,0.0,0.0,21,111,5,0,1,0.0,39.93,186.92
2024-04-20 22:00:00+05:30,29.5,24,982.4,99,4.6,8.3,10.4,0.0,0.0,0.0,22,111,5,0,1,0.0,7.39,197.0
2024-04-20 23:00:00+05:30,26.6,29,981.8,100,6.5,9.0,9.0,0.0,0.0,0.0,23,111,5,0,1,0.0,14.07,172.92
2024-04-21 00:00:00+05:30,25.8,32,981.5,94,10.4,13.4,11.5,0.0,0.0,0.0,0,112,6,0,0,0.0,50.0,73.11
2024-04-21 01:00:00+05:30,26.3,31,980.7,100,7.4,17.1,11.5,0.0,0.0,0.0,1,112,6,0,0,0.0,50.0,75.99
2024-04-21 02:00:00+05:30,26.4,32,980.5,99,9.7,23.2,15.1,0.0,0.0,0.0,2,112,6,0,0,0.0,50.0,76.61
2024-04-21 03:00:00+05:30,26.4,33,980.4,99,11.7,24.8,18.7,0.0,0.0,0.0,3,112,6,0,0,0.0,50.0,76.61
2024-04-21 04:00:00+05:30,25.6,38,980.4,100,7.9,18.7,18.7,0.0,0.0,0.0,4,112,6,0,0,0.0,50.0,72.11
2024-04-21 05:00:00+05:30,25.6,41,980.9,100,8.4,19.7,15.5,0.0,0.0,0.0,5,112,6,0,0,0.0,50.0,72.11
2024-04-21 06:00:00+05:30,25.3,40,982.6,100,3.3,5.6,9.4,0.0,2.0,13.8,6,112,6,0,0,0.0,1.93,70.83
2024-04-21 07:00:00+05:30,26.6,36,982.9,96,6.5,7.5,12.2,16.6,49.0,84.6,7,112,6,0,0,11.22,10.1,117.92
2024-04-21 08:00:00+05:30,28.9,31,983.3,96,5.5,6.5,13.7,163.7,141.0,261.0,8,112,6,0,0,43.09,6.02,136.37
2024-04-21 09:00:00+05:30,31.3,27,983.9,79,6.5,7.6,18.4,418.7,223.0,546.8,9,112,6,0,0,97.44,10.2,120.39
2024-04-21 10:00:00+05:30,33.2,24,983.7,59,9.3,11.2,23.4,524.4,249.0,711.0,10,112,6,0,0,132.34,32.92,141.93
2024-04-21 11:00:00+05:30,34.5,22,983.5,76,12.5,15.1,28.4,522.3,296.0,797.1,11,112,6,0,0,152.55,50.0,157.74
2024-04-21 12:00:00+05:30,35.3,20,982.9,78,14.2,17.5,31.7,580.7,300.0,866.9,12,112,6,0,0,169.61,50.0,167.85
2024-04-21 13:00:00+05:30,35.4,19,982.2,79,15.3,18.9,33.1,471.7,352.0,792.1,13,112,6,0,0,160.13,50.0,169.14
2024-04-21 14:00:00+05:30,35.5,18,981.6,48,15.3,18.6,33.5,444.1,328.0,695.5,14,112,6,0,0,146.23,50.0,170.43
2024-04-21 15:00:00+05:30,35.3,17,980.7,0,19.6,24.4,37.8,505.4,254.0,600.5,15,112,6,0,0,132.27,50.0,167.85
2024-04-21 16:00:00+05:30,34.9,18,980.4,1,14.8,18.6,38.9,513.4,198.0,453.6,16,112,6,0,0,106.16,50.0,162.76
2024-04-21 17:00:00+05:30,35.0,17,979.8,2,11.6,15.1,29.2,401.8,147.0,250.5,17,112,6,0,0,64.81,50.0,164.03
2024-04-21 18:00:00+05:30,33.8,15,980.5,4,13.4,20.2,31.0,198.4,84.0,66.2,18,112,6,0,1,24.54,50.0,244.12
2024-04-21 19:00:00+05:30,31.7,18,980.8,8,11.7,24.0,22.3,12.2,11.0,0.0,19,112,6,0,1,0.0,50.0,219.76
2024-04-21 20:00:00+05:30,31.3,20,981.1,6,14.8,29.1,24.5,0.0,0.0,0.0,20,112,6,0,1,0.0,50.0,215.39
2024-04-21 21:00:00+05:30,30.3,21,981.3,2,8.3,20.4,23.8,0.0,0.0,0.0,21,112,6,0,1,0.0,50.0,204.9
2024-04-21 22:00:00+05:30,28.8,23,981.6,0,9.6,23.2,14.8,0.0,0.0,0.0,22,112,6,0,1,0.0,50.0,190.47
2024-04-21 23:00:00+05:30,28.7,25,981.7,14,14.1,29.3,21.6,0.0,0.0,0.0,23,112,6,0,1,0.0,50.0,189.57
2024-04-22 00:00:00+05:30,28.2,26,981.4,2,13.1,26.5,23.0,0.0,0.0,0.0,0,113,0,0,0,0.0,50.0,90.19
2024-04-22 01:00:00+05:30,27.2,28,981.0,0,11.8,24.5,20.9,0.0,0.0,0.0,1,113,0,0,0,0.0,50.0,82.18
2024-04-22 02:00:00+05:30,26.4,29,980.6,4,9.7,20.3,18.7,0.0,0.0,0.0,2,113,0,0,0,0.0,50.0,76.61
2024-04-22 03:00:00+05:30,25.8,30,980.7,100,7.6,15.5,15.5,0.0,0.0,0.0,3,113,0,0,0,0.0,45.35,73.11
2024-04-22 04:00:00+05:30,26.0,30,981.0,99,9.3,17.4,14.8,0.0,0.0,0.0,4,113,0,0,0,0.0,50.0,74.2
2024-04-22 05:00:00+05:30,26.0,29,981.4,97,7.8,16.9,15.5,0.0,0.0,0.0,5,113,0,0,0,0.0,50.0,74.2
2024-04-22 06:00:00+05:30,26.1,33,982.4,35,5.0,7.2,9.0,0.0,3.0,19.7,6,113,0,0,0,0.0,6.43,74.78
2024-04-22 07:00:00+05:30,26.7,32,983.1,0,2.5,4.0,6.8,125.0,65.0,142.2,7,113,0,0,0,17.31,0.24,118.6
2024-04-22 08:00:00+05:30,29.2,27,983.9,6,3.3,4.4,12.6,325.1,141.0,343.6,8,113,0,0,0,55.39,0.98,139.15
2024-04-22 09:00:00+05:30,31.9,23,984.4,17,1.1,1.5,12.6,482.9,192.0,556.7,9,113,0,1,0,98.7,0.0,246.98
2024-04-22 10:00:00+05:30,33.9,20,984.3,0,2.4,2.6,15.1,583.8,225.0,735.7,10,113,0,1,0,136.13,0.0,270.34
2024-04-22 11:00:00+05:30,35.5,18,983.9,1,0.8,1.1,15.5,655.7,240.0,864.0,11,113,0,1,0,163.69,0.0,290.43
2024-04-22 12:00:00+05:30,36.8,16,983.4,0,6.3,7.2,20.5,642.4,260.0,887.0,12,113,0,1,0,172.15,8.67,307.57
2024-04-22 13:00:00+05:30,37.7,15,982.5,1,10.0,12.2,25.9,684.8,251.0,895.2,13,113,0,1,0,177.8,41.41,283.83
2024-04-22 14:00:00+05:30,37.9,14,981.5,3,13.2,15.9,29.9,653.1,247.0,800.0,14,113,0,1,0,164.9,50.0,322.6
2024-04-22 15:00:00+05:30,37.6,14,980.5,4,14.7,18.1,31.7,594.3,229.0,643.5,15,113,0,1,0,139.44,50.0,318.45
2024-04-22 16:00:00+05:30,37.1,15,980.0,12,14.4,17.6,31.7,496.9,197.0,444.3,16,113,0,1,0,102.88,50.0,311.62
2024-04-22 17:00:00+05:30,36.4,15,979.8,7,12.8,15.9,29.2,371.8,149.0,242.4,17,113,0,1,0,62.26,50.0,302.22
2024-04-22 18:00:00+05:30,34.6,15,981.0,16,13.6,18.9,27.0,179.9,82.0,63.7,18,113,0,0,1,23.38,50.0,253.98
2024-04-22 19:00:00+05:30,33.0,16,981.3,27,7.7,16.3,22.7,12.1,10.0,0.0,19,113,0,0,1,0.0,50.0,234.57
2024-04-22 20:00:00+05:30,33.6,15,981.7,22,4.5,6.3,11.5,0.0,0.0,0.0,20,113,0,0,1,0.0,4.1,241.7
2024-04-22 21:00:00+05:30,30.0,19,982.1,11,6.4,13.7,9.0,0.0,0.0,0.0,21,113,0,0,1,0.0,28.75,201.89
2024-04-22 22:00:00+05:30,28.7,22,982.6,19,9.3,15.6,10.4,0.0,0.0,0.0,22,113,0,0,1,0.0,50.0,189.57
2024-04-22 23:00:00+05:30,29.1,22,982.5,21,6.7,10.5,11.5,0.0,0.0,0.0,23,113,0,0,1,0.0,19.18,193.22
2024-04-23 00:00:00+05:30,28.6,23,982.1,23,5.4,7.0,7.6,0.0,0.0,0.0,0,114,1,0,0,0.0,6.76,93.67
2024-04-23 01:00:00+05:30,29.8,21,981.6,19,4.0,5.6,6.1,0.0,0.0,0.0,1,114,1,0,0,0.0,2.67,104.91
2024-04-23 02:00:00+05:30,27.0,26,980.9,14,7.3,12.7,10.8,0.0,0.0,0.0,2,114,1,0,0,0.0,30.26,80.71
2024-04-23 03:00:00+05:30,26.5,29,980.6,17,7.3,15.3,11.5,0.0,0.0,0.0,3,114,1,0,0,0.0,41.94,77.26
2024-04-23 04:00:00+05:30,25.1,34,980.4,21,6.7,17.1,11.5,0.0,0.0,0.0,4,114,1,0,0,0.0,45.63,70.19
2024-04-23 05:00:00+05:30,23.9,37,980.8,17,9.3,14.5,11.2,0.0,0.0,0.0,5,114,1,0,0,0.0,50.0,70.0
2024-04-23 06:00:00+05:30,23.9,31,982.1,16,7.7,12.6,11.5,0.0,4.0,25.1,6,114,1,0,0,0.0,32.41,70.0
2024-04-23 07:00:00+05:30,26.2,27,982.8,1,10.8,16.2,18.7,133.7,66.0,146.0,7,114,1,0,0,17.79,50.0,115.37
2024-04-23 08:00:00+05:30,29.7,22,983.4,0,10.2,16.5,21.2,352.4,139.0,355.6,8,114,1,0,0,56.96,50.0,143.93
2024-04-23 09:00:00+05:30,32.6,19,984.0,0,11.2,13.7,24.8,510.6,187.0,571.2,9,114,1,1,0,100.65,50.0,254.92
2024-04-23 10:00:00+05:30,34.9,16,984.0,0,10.8,13.1,26.3,605.5,221.0,750.7,10,114,1,1,0,137.87,50.0,282.76
2024-04-23 11:00:00+05:30,36.4,15,983.7,0,7.1,8.4,25.9,661.2,242.0,872.1,11,114,1,1,0,164.16,13.6,302.22
2024-04-23 12:00:00+05:30,37.6,13,983.0,9,4.4,5.1,22.0,688.3,254.0,926.4,12,114,1,1,0,178.06,2.49,318.45
2024-04-23 13:00:00+05:30,38.3,12,982.1,17,10.5,12.9,25.9,655.9,261.0,878.5,13,114,1,1,0,173.99,50.0,292.18
2024-04-23 14:00:00+05:30,38.4,12,981.1,1,15.9,19.4,33.5,609.5,259.0,774.4,14,114,1,1,0,159.4,50.0,329.59
2024-04-23 15:00:00+05:30,38.1,12,980.2,1,15.7,19.4,34.6,553.6,235.0,619.9,15,114,1,1,0,134.12,50.0,325.38
2024-04-23 16:00:00+05:30,38.0,12,979.8,1,13.6,16.9,32.0,537.6,195.0,466.0,16,114,1,1,0,106.83,50.0,323.99
2024-04-23 17:00:00+05:30,37.5,12,979.4,0,11.6,14.5,27.7,397.1,150.0,252.6,17,114,1,1,0,64.15,50.0,317.08
2024-04-23 18:00:00+05:30,36.3,12,979.6,27,9.4,16.3,22.0,170.1,85.0,64.7,18,114,1,0,1,23.47,50.0,275.89
2024-04-23 19:00:00+05:30,33.0,15,979.6,6,7.6,19.3,16.2,12.0,11.0,0.0,19,114,1,0,1,0.0,50.0,234.57
2024-04-23 20:00:00+05:30,32.4,16,980.1,1,12.4,26.7,18.7,0.0,0.0,0.0,20,114,1,0,1,0.0,50.0,227.62
2024-04-23 21:00:00+05:30,31.6,17,980.5,0,10.6,27.1,23.0,0.0,0.0,0.0,21,114,1,0,1,0.0,50.0,218.66
2024-04-23 22:00:00+05:30,30.0,19,981.6,0,9.4,15.5,16.9,0.0,0.0,0.0,22,114,1,0,1,0.0,50.0,201.89
2024-04-23 23:00:00+05:30,29.3,15,981.4,0,9.8,21.8,20.9,0.0,0.0,0.0,23,114,1,0,1,0.0,50.0,195.09
2024-04-24 00:00:00+05:30,29.4,16,980.9,0,12.9,25.0,20.9,0.0,0.0,0.0,0,115,2,0,0,0.0,50.0,101.04
2024-04-24 01:00:00+05:30,28.7,16,980.2,0,11.5,24.2,20.5,0.0,0.0,0.0,1,115,2,0,0,0.0,50.0,94.57
2024-04-24 02:00:00+05:30,28.0,17,979.8,0,9.7,22.7,21.2,0.0,0.0,0.0,2,115,2,0,0,0.0,50.0,88.51
2024-04-24 03:00:00+05:30,26.4,19,979.7,0,8.4,18.9,15.1,0.0,0.0,0.0,3,115,2,0,0,0.0,50.0,76.61
2024-04-24 04:00:00+05:30,25.7,20,979.6,0,9.9,19.5,15.8,0.0,0.0,0.0,4,115,2,0,0,0.0,50.0,72.59
2024-04-24 05:00:00+05:30,24.9,22,980.2,0,11.5,21.1,18.4,0.0,0.0,0.0,5,115,2,0,0,0.0,50.0,70.0
2024-04-24 06:00:00+05:30,25.1,25,981.3,0,11.2,21.9,18.4,0.0,4.0,24.1,6,115,2,0,0,0.0,50.0,70.19
2024-04-24 07:00:00+05:30,27.1,23,982.2,0,10.6,18.9,18.7,147.4,68.0,153.1,7,115,2,0,0,18.52,50.0,121.44
2024-04-24 08:00:00+05:30,30.6,19,983.1,0,8.7,16.1,18.7,352.5,140.0,357.6,8,115,2,0,0,56.99,50.0,152.98
2024-04-24 09:00:00+05:30,32.8,16,983.7,0,12.3,15.6,26.3,505.4,188.0,569.7,9,115,2,1,0,100.15,50.0,257.23
2024-04-24 10:00:00+05:30,35.8,14,983.6,0,12.0,15.0,27.7,600.1,223.0,749.3,10,115,2,1,0,136.88,50.0,294.32
2024-04-24 11:00:00+05:30,37.4,14,983.3,0,9.0,10.5,27.7,655.5,244.0,869.9,11,115,2,1,0,162.78,27.76,315.71
2024-04-24 12:00:00+05:30,38.4,13,982.7,1,7.4,8.8,24.1,683.2,256.0,924.3,12,115,2,1,0,176.78,15.54,329.59
2024-04-24 13:00:00+05:30,39.1,12,981.8,8,10.2,11.8,25.6,673.7,260.0,895.1,13,115,2,1,0,176.0,39.91,303.52
2024-04-24 14:00:00+05:30,39.2,12,981.0,1,13.3,16.4,29.5,589.0,263.0,761.1,14,115,2,1,0,156.06,50.0,340.95
2024-04-24 15:00:00+05:30,39.1,12,980.1,2,15.3,18.6,32.0,611.2,227.0,655.6,15,115,2,1,0,140.3,50.0,339.52
2024-04-24 16:00:00+05:30,38.5,13,979.5,5,16.5,20.0,32.0,518.1,197.0,457.6,16,115,2,1,0,104.52,50.0,330.99
2024-04-24 17:00:00+05:30,37.5,13,979.3,5,16.6,21.1,32.4,376.1,153.0,248.4,17,115,2,1,0,62.93,50.0,317.08
2024-04-24 18:00:00+05:30,36.2,14,980.0,3,4.4,9.7,17.3,190.0,86.0,68.3,18,115,2,0,1,24.31,9.07,274.57
2024-04-24 19:00:00+05:30,33.4,17,980.1,5,7.1,13.9,10.8,11.8,12.0,0.0,19,115,2,0,1,0.0,33.41,239.31
2024-04-24 20:00:00+05:30,33.2,17,980.4,5,11.1,20.7,17.6,0.0,0.0,0.0,20,115,2,0,1,0.0,50.0,236.93
2024-04-24 21:00:00+05:30,30.9,20,980.8,1,10.2,12.5,17.3,0.0,0.0,0.0,21,115,2,0,1,0.0,45.25,211.12
2024-04-24 22:00:00+05:30,29.4,22,981.3,0,6.5,5.4,11.5,0.0,0.0,0.0,22,115,2,0,1,0.0,9.48,196.04
2024-04-24 23:00:00+05:30,28.6,22,981.2,8,8.0,9.2,10.4,0.0,0.0,0.0,23,115,2,0,1,0.0,19.27,188.67
2024-04-25 00:00:00+05:30,29.0,22,981.0,74,9.6,14.6,10.4,0.0,0.0,0.0,0,116,3,0,0,0.0,50.0,97.29
2024-04-25 01:00:00+05:30,27.4,25,980.9,98,9.4,12.8,12.2,0.0,0.0,0.0,1,116,3,0,0,0.0,42.83,83.69
2024-04-25 02:00:00+05:30,29.3,23,981.1,99,6.6,12.6,10.4,0.0,0.0,0.0,2,116,3,0,0,0.0,25.89,100.09
2024-04-25 03:00:00+05:30,27.4,26,980.8,100,8.4,14.0,8.6,0.0,0.0,0.0,3,116,3,0,0,0.0,43.14,83.69
2024-04-25 04:00:00+05:30,27.5,26,981.3,95,3.2,5.2,11.9,0.0,0.0,0.0,4,116,3,0,0,0.0,1.49,84.47
2024-04-25 05:00:00+05:30,25.4,29,981.7,77,10.1,16.0,16.9,0.0,0.0,0.0,5,116,3,0,0,0.0,50.0,71.22
2024-04-25 06:00:00+05:30,24.7,29,982.4,0,7.6,9.0,13.0,0.0,5.0,28.9,6,116,3,0,0,0.0,17.54,70.0
2024-04-25 07:00:00+05:30,27.3,24,983.2,4,8.6,10.9,15.1,145.1,70.0,155.3,7,116,3,0,0,18.9,28.83,122.93
2024-04-25 08:00:00+05:30,30.7,19,983.9,10,6.8,11.3,16.2,347.9,141.0,357.0,8,116,3,0,0,56.84,22.2,154.02
2024-04-25 09:00:00+05:30,34.0,16,984.4,1,5.4,6.6,17.3,495.4,191.0,567.0,9,116,3,1,0,99.07,5.94,271.56
2024-04-25 10:00:00+05:30,35.9,16,984.1,1,2.5,3.0,17.3,593.5,225.0,746.8,10,116,3,1,0,136.18,0.0,295.63
2024-04-25 11:00:00+05:30,37.5,14,983.6,8,3.9,4.7,17.3,650.9,246.0,868.6,11,116,3,1,0,162.22,1.64,317.08
2024-04-25 12:00:00+05:30,38.7,13,982.8,39,8.6,10.1,23.8,677.0,259.0,922.2,12,116,3,1,0,175.88,24.28,333.82
2024-04-25 13:00:00+05:30,39.5,12,981.9,32,11.6,14.0,28.1,665.6,270.0,898.0,13,116,3,1,0,175.81,50.0,309.27
2024-04-25 14:00:00+05:30,39.8,11,980.9,3,13.5,16.1,30.2,651.7,256.0,809.6,14,116,3,1,0,164.29,50.0,349.63
2024-04-25 15:00:00+05:30,39.7,11,980.1,2,14.1,16.9,30.6,614.1,230.0,661.1,15,116,3,1,0,140.7,50.0,348.17
2024-04-25 16:00:00+05:30,39.3,12,979.6,3,13.2,16.3,29.9,527.9,199.0,465.5,16,116,3,1,0,105.55,50.0,342.39
2024-04-25 17:00:00+05:30,38.6,12,979.2,13,13.6,17.1,27.4,385.9,153.0,252.5,17,116,3,1,0,63.35,50.0,332.41
2024-04-25 18:00:00+05:30,37.2,14,979.8,10,12.2,20.0,23.0,188.7,87.0,69.3,18,116,3,0,1,24.34,50.0,287.98
2024-04-25 19:00:00+05:30,34.8,17,980.0,23,11.9,23.9,20.9,11.7,12.0,0.0,19,116,3,0,1,0.0,50.0,256.5
2024-04-25 20:00:00+05:30,33.7,19,980.4,4,7.1,17.1,19.1,0.0,0.0,0.0,20,116,3,0,1,0.0,50.0,242.91
2024-04-25 21:00:00+05:30,33.3,19,980.8,0,9.7,12.9,11.9,0.0,0.0,0.0,21,116,3,0,1,0.0,44.38,238.11
2024-04-25 22:00:00+05:30,32.0,21,981.1,0,8.7,22.4,13.7,0.0,0.0,0.0,22,116,3,0,1,0.0,50.0,223.09
2024-04-25 23:00:00+05:30,31.9,22,981.0,1,12.0,26.8,20.5,0.0,0.0,0.0,23,116,3,0,1,0.0,50.0,221.98
2024-04-26 00:00:00+05:30,31.1,23,980.7,4,11.9,27.1,19.1,0.0,0.0,0.0,0,117,4,0,0,0.0,50.0,118.24
2024-04-26 01:00:00+05:30,30.7,24,980.4,10,13.5,28.2,22.3,0.0,0.0,0.0,1,117,4,0,0,0.0,50.0,114.02
2024-04-26 02:00:00+05:30,30.0,25,980.1,21,11.8,26.2,21.6,0.0,0.0,0.0,2,117,4,0,0,0.0,50.0,106.89
2024-04-26 03:00:00+05:30,29.2,24,979.9,14,11.2,23.4,19.1,0.0,0.0,0.0,3,117,4,0,0,0.0,50.0,99.15
2024-04-26 04:00:00+05:30,28.3,24,980.1,9,11.5,23.8,18.4,0.0,0.0,0.0,4,117,4,0,0,0.0,50.0,91.05
2024-04-26 05:00:00+05:30,27.6,22,980.3,7,9.7,21.6,18.4,0.0,0.0,0.0,5,117,4,0,0,0.0,50.0,85.26
2024-04-26 06:00:00+05:30,26.8,28,981.5,0,5.9,14.8,9.4,0.0,5.0,27.8,6,117,4,0,0,0.0,29.83,79.29
2024-04-26 07:00:00+05:30,28.5,27,982.1,0,8.1,14.3,14.8,143.0,70.0,154.4,7,117,4,0,0,18.78,42.56,132.79
2024-04-26 08:00:00+05:30,30.4,30,983.1,3,11.4,14.4,22.7,338.5,141.0,352.7,8,117,4,0,0,56.22,50.0,150.92
2024-04-26 09:00:00+05:30,32.2,31,983.4,0,11.3,14.2,26.6,453.0,190.0,536.8,9,117,4,1,0,94.69,50.0,250.35
2024-04-26 10:00:00+05:30,34.5,26,983.1,0,13.8,16.9,29.5,576.7,224.0,732.4,10,117,4,1,0,134.38,50.0,277.74
2024-04-26 11:00:00+05:30,36.2,21,982.7,0,17.4,21.5,35.6,632.0,246.0,851.7,11,117,4,1,0,160.06,50.0,299.57
2024-04-26 12:00:00+05:30,37.4,17,982.1,0,21.1,26.8,42.1,664.6,258.0,909.9,12,117,4,1,0,174.56,50.0,315.71
2024-04-26 13:00:00+05:30,38.0,13,981.3,2,24.0,30.4,45.7,675.1,259.0,897.0,13,117,4,1,0,176.64,0.0,287.99
2024-04-26 14:00:00+05:30,38.2,12,980.5,5,25.2,32.4,47.9,659.7,253.0,814.4,14,117,4,1,0,166.08,0.0,326.78
2024-04-26 15:00:00+05:30,37.8,15,979.7,79,26.9,34.6,49.0,600.8,229.0,651.2,15,117,4,1,0,139.63,0.0,321.21
2024-04-26 16:00:00+05:30,37.3,18,979.0,55,24.5,32.2,49.3,450.1,223.0,443.4,16,117,4,1,0,101.51,0.0,314.34
2024-04-26 17:00:00+05:30,37.1,18,978.6,23,25.0,33.6,45.4,330.0,150.0,231.3,17,117,4,1,0,58.51,0.0,311.62
2024-04-26 18:00:00+05:30,35.7,19,979.0,18,20.0,29.5,37.4,183.3,87.0,69.3,18,117,4,0,1,24.28,50.0,268.02
2024-04-26 19:00:00+05:30,34.4,21,979.4,81,15.6,26.7,33.5,11.6,12.0,0.0,19,117,4,0,1,0.0,50.0,251.49
2024-04-26 20:00:00+05:30,32.9,23,980.0,98,9.0,20.1,25.6,0.0,0.0,0.0,20,117,4,0,1,0.0,50.0,233.4
2024-04-26 21:00:00+05:30,32.4,24,980.4,99,9.5,21.7,15.1,0.0,0.0,0.0,21,117,4,0,1,0.0,50.0,227.62
2024-04-26 22:00:00+05:30,31.5,25,981.1,100,12.0,25.0,18.7,0.0,0.0,0.0,22,117,4,0,1,0.0,50.0,217.56
2024-04-26 23:00:00+05:30,30.6,25,981.2,99,11.2,24.1,20.2,0.0,0.0,0.0,23,117,4,0,1,0.0,50.0,207.98
2024-04-27 00:00:00+05:30,29.7,24,980.9,100,8.9,21.5,18.0,0.0,0.0,0.0,0,118,5,0,0,0.0,50.0,103.93
2024-04-27 01:00:00+05:30,29.7,23,980.6,98,16.1,32.2,23.8,0.0,0.0,0.0,1,118,5,0,0,0.0,50.0,103.93
2024-04-27 02:00:00+05:30,30.4,21,980.6,84,20.5,35.0,36.0,0.0,0.0,0.0,2,118,5,0,0,0.0,0.0,110.92
2024-04-27 03:00:00+05:30,29.1,22,980.5,59,17.6,31.7,33.1,0.0,0.0,0.0,3,118,5,0,0,0.0,50.0,98.22
2024-04-27 04:00:00+05:30,28.2,22,980.6,2,15.5,30.2,28.4,0.0,0.0,0.0,4,118,5,0,0,0.0,50.0,90.19
2024-04-27 05:00:00+05:30,26.9,22,981.1,4,11.8,25.1,25.2,0.0,0.0,0.0,5,118,5,0,0,0.0,50.0,79.99
2024-04-27 06:00:00+05:30,24.4,35,982.6,0,5.4,7.8,8.3,0.0,6.0,32.1,6,118,5,0,0,0.0,8.41,70.0
2024-04-27 07:00:00+05:30,26.5,31,983.8,0,2.1,3.4,7.2,146.0,74.0,161.3,7,118,5,0,0,19.88,0.0,117.26
2024-04-27 08:00:00+05:30,29.9,24,984.6,0,4.2,5.8,12.6,350.8,146.0,365.9,8,118,5,0,0,58.3,3.14,145.89
2024-04-27 09:00:00+05:30,32.1,21,984.8,0,6.5,8.2,18.7,501.6,196.0,578.8,9,118,5,0,0,101.49,11.7,189.22
2024-04-27 10:00:00+05:30,33.6,18,984.6,0,11.3,13.7,26.3,597.1,231.0,758.2,10,118,5,0,0,139.0,50.0,206.7
2024-04-27 11:00:00+05:30,35.0,16,984.2,0,15.1,18.8,32.4,653.1,253.0,879.8,11,118,5,0,0,165.36,50.0,224.03
2024-04-27 12:00:00+05:30,36.3,14,983.7,0,19.8,25.1,39.6,681.3,266.0,935.1,12,118,5,0,0,179.38,50.0,240.89
2024-04-27 13:00:00+05:30,36.9,14,982.9,2,22.7,28.5,43.9,684.6,267.0,914.7,13,118,5,0,0,180.25,0.0,230.92
2024-04-27 14:00:00+05:30,37.2,16,982.0,4,22.9,28.8,44.3,648.0,256.0,807.8,14,118,5,0,0,165.29,0.0,252.98
2024-04-27 15:00:00+05:30,37.1,17,981.1,2,21.7,27.9,43.9,586.4,236.0,647.7,15,118,5,0,0,139.05,0.0,251.62
2024-04-27 16:00:00+05:30,37.1,17,980.3,1,20.3,26.1,42.1,512.2,199.0,458.2,16,118,5,0,0,104.42,50.0,251.62
2024-04-27 17:00:00+05:30,36.5,17,980.0,2,21.3,28.1,38.2,374.8,154.0,250.8,17,118,5,0,0,63.02,50.0,243.55
2024-04-27 18:00:00+05:30,35.8,16,980.8,11,17.1,25.3,32.4,165.5,86.0,67.1,18,118,5,0,1,23.45,50.0,269.32
2024-04-27 19:00:00+05:30,34.3,18,981.1,3,18.1,30.9,30.2,11.5,12.0,0.0,19,118,5,0,1,0.0,50.0,250.25
2024-04-27 20:00:00+05:30,33.4,19,981.8,1,13.6,27.2,29.5,0.0,0.0,0.0,20,118,5,0,1,0.0,50.0,239.31
2024-04-27 21:00:00+05:30,32.1,21,982.4,1,10.0,21.4,22.3,0.0,0.0,0.0,21,118,5,0,1,0.0,50.0,224.22
2024-04-27 22:00:00+05:30,30.9,24,982.6,5,8.9,20.7,16.2,0.0,0.0,0.0,22,118,5,0,1,0.0,50.0,211.12
2024-04-27 23:00:00+05:30,29.0,28,982.5,9,9.8,15.5,14.0,0.0,0.0,0.0,23,118,5,0,1,0.0,50.0,192.29
2024-04-28 00:00:00+05:30,29.6,27,982.4,58,4.6,7.5,11.2,0.0,0.0,0.0,0,119,6,0,0,0.0,6.08,102.96
2024-04-28 01:00:00+05:30,27.6,30,982.0,80,7.0,7.6,7.9,0.0,0.0,0.0,1,119,6,0,0,0.0,12.13,85.26
2024-04-28 02:00:00+05:30,28.8,28,981.6,83,3.7,6.3,7.9,0.0,0.0,0.0,2,119,6,0,0,0.0,3.05,95.47
2024-04-28 03:00:00+05:30,26.7,32,981.4,36,6.6,11.7,8.6,0.0,0.0,0.0,3,119,6,0,0,0.0,22.93,78.6
2024-04-28 04:00:00+05:30,26.2,34,981.4,34,6.0,15.1,9.7,0.0,0.0,0.0,4,119,6,0,0,0.0,31.66,75.37
2024-04-28 05:00:00+05:30,24.8,37,981.8,14,8.5,12.8,11.2,0.0,0.0,0.0,5,119,6,0,0,0.0,37.86,70.0
2024-04-28 06:00:00+05:30,26.0,34,983.0,1,6.4,11.7,11.9,0.0,6.0,31.0,6,119,6,0,0,0.0,22.08,74.2
2024-04-28 07:00:00+05:30,27.9,30,983.4,0,8.0,11.0,15.1,144.0,73.0,158.8,7,119,6,0,0,19.53,26.56,127.68
2024-04-28 08:00:00+05:30,30.9,24,984.1,0,5.8,7.9,15.1,341.7,146.0,361.6,8,119,6,0,0,57.39,9.35,156.12
2024-04-28 09:00:00+05:30,33.2,21,984.5,0,7.6,9.2,19.4,491.8,195.0,571.5,9,119,6,0,0,99.69,17.77,141.93
2024-04-28 10:00:00+05:30,35.0,19,984.5,3,9.1,10.8,23.4,584.2,231.0,748.2,10,119,6,0,0,136.27,29.86,164.03
2024-04-28 11:00:00+05:30,36.7,15,984.2,22,10.5,12.5,26.3,638.8,255.0,869.1,11,119,6,0,0,162.1,50.0,186.23
2024-04-28 12:00:00+05:30,37.8,14,983.6,12,12.3,14.8,29.2,652.5,274.0,915.8,12,119,6,0,0,174.6,50.0,201.21
2024-04-28 13:00:00+05:30,38.4,13,982.9,14,14.1,16.9,31.3,664.3,270.0,898.9,13,119,6,0,0,176.02,50.0,209.59
2024-04-28 14:00:00+05:30,38.6,12,981.9,100,16.1,19.4,33.8,649.5,257.0,810.7,14,119,6,0,0,164.51,50.0,212.41
2024-04-28 15:00:00+05:30,38.1,11,981.2,100,16.8,20.9,33.8,295.3,345.0,532.9,15,119,6,0,0,115.05,50.0,205.38
2024-04-28 16:00:00+05:30,37.6,11,980.7,54,16.3,20.4,33.8,215.8,278.0,360.4,16,119,6,0,0,83.33,50.0,198.45
2024-04-28 17:00:00+05:30,37.2,10,980.4,37,15.0,18.8,31.3,299.8,166.0,234.2,17,119,6,0,0,59.03,50.0,192.98
2024-04-28 18:00:00+05:30,35.8,12,980.7,1,13.7,20.9,24.1,168.5,87.0,68.7,18,119,6,0,1,23.72,50.0,269.32
2024-04-28 19:00:00+05:30,33.8,13,980.6,1,15.8,27.7,25.2,11.4,13.0,0.0,19,119,6,0,1,0.0,50.0,244.12
2024-04-28 20:00:00+05:30,32.6,13,981.2,1,13.7,28.6,25.6,0.0,0.0,0.0,20,119,6,0,1,0.0,50.0,229.92
2024-04-28 21:00:00+05:30,31.7,13,982.0,0,14.2,30.2,22.7,0.0,0.0,0.0,21,119,6,0,1,0.0,50.0,219.76
2024-04-28 22:00:00+05:30,31.0,14,982.4,0,13.5,29.2,23.0,0.0,0.0,0.0,22,119,6,0,1,0.0,50.0,212.18
2024-04-28 23:00:00+05:30,30.0,18,982.3,0,11.7,25.7,21.6,0.0,0.0,0.0,23,119,6,0,1,0.0,50.0,201.89
2024-04-29 00:00:00+05:30,29.5,22,982.0,0,12.9,27.0,20.2,0.0,0.0,0.0,0,120,0,0,0,0.0,50.0,102.0
2024-04-29 01:00:00+05:30,28.6,24,981.6,0,8.9,20.6,20.5,0.0,0.0,0.0,1,120,0,0,0,0.0,50.0,93.67
2024-04-29 02:00:00+05:30,27.7,26,981.5,0,6.6,18.6,14.0,0.0,0.0,0.0,2,120,0,0,0,0.0,50.0,86.05
2024-04-29 03:00:00+05:30,26.4,30,981.4,0,7.2,10.6,10.1,0.0,0.0,0.0,3,120,0,0,0,0.0,21.66,76.61
2024-04-29 04:00:00+05:30,28.1,28,981.4,0,3.4,7.2,9.4,0.0,0.0,0.0,4,120,0,0,0,0.0,3.54,89.35
2024-04-29 05:00:00+05:30,25.3,32,981.2,0,9.2,12.2,10.8,0.0,0.0,0.0,5,120,0,0,0,0.0,38.58,70.83
2024-04-29 06:00:00+05:30,26.1,33,982.0,0,8.8,17.8,13.0,0.0,6.0,29.9,6,120,0,0,0,0.0,50.0,74.78
2024-04-29 07:00:00+05:30,28.0,30,982.9,0,10.5,19.8,18.0,137.1,73.0,156.5,7,120,0,0,0,19.36,50.0,128.51
2024-04-29 08:00:00+05:30,30.3,27,983.7,0,11.6,16.3,23.4,332.7,145.0,356.1,8,120,0,0,0,56.65,50.0,149.9
2024-04-29 09:00:00+05:30,32.9,20,984.3,0,16.1,20.4,32.0,479.0,195.0,563.2,9,120,0,1,0,98.31,50.0,258.4
2024-04-29 10:00:00+05:30,34.8,16,984.4,0,12.6,15.5,32.4,565.1,233.0,734.9,10,120,0,1,0,133.97,50.0,281.5
2024-04-29 11:00:00+05:30,36.2,15,984.2,0,11.2,13.6,28.4,622.2,256.0,855.4,11,120,0,1,0,159.9,50.0,299.57
2024-04-29 12:00:00+05:30,37.2,14,983.7,0,19.0,23.6,37.8,647.5,269.0,906.6,12,120,0,1,0,173.28,50.0,312.98
2024-04-29 13:00:00+05:30,37.7,13,983.2,0,20.7,25.9,41.8,651.2,269.0,886.1,13,120,0,1,0,174.09,50.0,283.83
2024-04-29 14:00:00+05:30,38.1,12,982.2,0,23.2,29.3,43.9,636.8,258.0,801.2,14,120,0,1,0,162.87,0.0,325.38
2024-04-29 15:00:00+05:30,37.5,11,981.7,0,26.8,34.4,49.7,594.8,237.0,656.2,15,120,0,1,0,139.89,0.0,317.08
2024-04-29 16:00:00+05:30,36.8,11,981.4,0,26.3,34.2,49.7,514.9,206.0,467.2,16,120,0,1,0,105.91,0.0,307.57
2024-04-29 17:00:00+05:30,36.4,10,981.1,0,23.9,31.8,47.2,381.3,159.0,258.4,17,120,0,1,0,64.39,0.0,302.22
2024-04-29 18:00:00+05:30,35.3,10,982.0,0,21.5,31.5,42.5,183.7,92.0,74.0,18,120,0,0,1,25.27,0.0,262.85
2024-04-29 19:00:00+05:30,33.7,10,982.7,0,15.9,28.8,35.6,22.5,13.0,0.0,19,120,0,0,1,0.0,50.0,242.91
2024-04-29 20:00:00+05:30,32.3,9,983.3,0,14.2,27.9,25.9,0.0,0.0,0.0,20,120,0,0,1,0.0,50.0,226.48
2024-04-29 21:00:00+05:30,30.7,9,983.7,0,12.6,26.1,23.4,0.0,0.0,0.0,21,120,0,0,1,0.0,50.0,209.02
2024-04-29 22:00:00+05:30,29.4,9,983.9,0,11.8,25.8,20.2,0.0,0.0,0.0,22,120,0,0,1,0.0,50.0,196.04
2024-04-29 23:00:00+05:30,28.4,9,983.7,0,12.2,26.8,19.4,0.0,0.0,0.0,23,120,0,0,1,0.0,50.0,186.92
2024-04-30 00:00:00+05:30,27.5,10,983.2,0,11.0,24.3,19.4,0.0,0.0,0.0,0,121,1,0,0,0.0,50.0,84.47
2024-04-30 01:00:00+05:30,26.5,11,982.6,0,9.3,21.7,17.3,0.0,0.0,0.0,1,121,1,0,0,0.0,50.0,77.26
2024-04-30 02:00:00+05:30,25.7,12,982.5,0,14.2,29.0,22.7,0.0,0.0,0.0,2,121,1,0,0,0.0,50.0,72.59
2024-04-30 03:00:00+05:30,25.4,12,982.2,0,14.8,29.2,23.8,0.0,0.0,0.0,3,121,1,0,0,0.0,50.0,71.22
2024-04-30 04:00:00+05:30,24.7,12,982.3,0,13.8,28.5,23.8,0.0,0.0,0.0,4,121,1,0,0,0.0,50.0,70.0
2024-04-30 05:00:00+05:30,24.0,13,982.7,0,13.2,26.4,22.7,0.0,0.0,0.0,5,121,1,0,0,0.0,50.0,70.0
2024-04-30 06:00:00+05:30,23.3,17,984.1,0,13.0,24.2,20.9,0.0,7.0,33.8,6,121,1,0,0,0.0,50.0,70.0
2024-04-30 07:00:00+05:30,25.0,15,984.9,0,11.6,21.1,20.9,145.0,78.0,166.4,7,121,1,0,0,20.89,50.0,110.0
2024-04-30 08:00:00+05:30,27.5,13,985.2,0,10.5,14.5,22.3,347.3,153.0,374.2,8,121,1,0,0,60.05,50.0,124.47
2024-04-30 09:00:00+05:30,30.6,11,985.4,0,9.5,12.1,23.0,499.9,206.0,591.3,9,121,1,1,0,103.75,39.15,232.98
2024-04-30 10:00:00+05:30,33.1,9,984.9,0,7.8,9.3,23.0,595.7,242.0,771.5,10,121,1,1,0,140.85,18.78,260.75
2024-04-30 11:00:00+05:30,34.7,8,984.0,0,1.4,1.5,21.6,652.2,266.0,894.9,11,121,1,1,0,167.31,0.0,280.24
2024-04-30 12:00:00+05:30,36.0,7,983.0,0,4.3,5.4,18.4,679.8,278.0,948.0,12,121,1,1,0,180.92,2.73,296.94
2024-04-30 13:00:00+05:30,37.1,6,981.8,0,10.0,12.1,25.2,682.4,279.0,926.4,13,121,1,1,0,181.2,40.87,275.62
2024-04-30 14:00:00+05:30,37.5,6,980.5,0,14.8,18.1,31.7,663.3,267.0,833.6,14,121,1,1,0,168.83,50.0,317.08
2024-04-30 15:00:00+05:30,37.5,7,979.8,0,15.5,19.3,33.1,616.2,244.0,679.1,15,121,1,1,0,144.01,50.0,317.08
2024-04-30 16:00:00+05:30,37.2,7,979.0,0,16.1,20.2,32.0,529.3,211.0,480.4,16,121,1,1,0,108.22,50.0,312.98
2024-04-30 17:00:00+05:30,36.4,7,978.4,0,17.9,23.4,32.8,388.8,162.0,264.1,17,121,1,1,0,65.5,50.0,302.22
2024-04-30 18:00:00+05:30,35.3,6,978.9,0,15.5,24.9,34.2,190.6,94.0,76.7,18,121,1,0,1,25.88,50.0,262.85
2024-04-30 19:00:00+05:30,32.5,8,978.9,0,9.7,21.9,25.9,22.3,14.0,0.0,19,121,1,0,1,0.0,50.0,228.76
2024-04-30 20:00:00+05:30,30.2,9,978.9,0,7.7,19.4,15.1,0.0,0.0,0.0,20,121,1,0,1,0.0,50.0,203.89
2024-04-30 21:00:00+05:30,28.7,10,979.3,0,8.2,19.6,11.9,0.0,0.0,0.0,21,121,1,0,1,0.0,50.0,189.57
2024-04-30 22:00:00+05:30,30.0,10,980.1,0,18.2,34.6,28.8,0.0,0.0,0.0,22,121,1,0,1,0.0,0.0,201.89
2024-04-30 23:00:00+05:30,29.1,10,979.9,0,17.1,31.9,30.2,0.0,0.0,0.0,23,121,1,0,1,0.0,50.0,193.22
2024-05-01 00:00:00+05:30,28.1,12,979.6,0,18.0,33.3,30.6,0.0,0.0,0.0,0,122,2,0,0,0.0,0.0,89.35
2024-05-01 01:00:00+05:30,27.0,14,979.3,0,18.5,33.7,30.2,0.0,0.0,0.0,1,122,2,0,0,0.0,0.0,80.71
2024-05-01 02:00:00+05:30,25.9,15,978.9,0,17.7,32.1,31.0,0.0,0.0,0.0,2,122,2,0,0,0.0,50.0,73.64
2024-05-01 03:00:00+05:30,24.8,18,978.8,1,15.5,29.4,28.8,0.0,0.0,0.0,3,122,2,0,0,0.0,50.0,70.0
2024-05-01 04:00:00+05:30,23.7,21,978.8,0,13.4,26.1,24.8,0.0,0.0,0.0,4,122,2,0,0,0.0,50.0,70.0
2024-05-01 05:00:00+05:30,22.8,24,979.2,0,12.2,24.2,21.2,0.0,0.0,0.0,5,122,2,0,0,0.0,50.0,70.0
2024-05-01 06:00:00+05:30,22.8,30,980.3,0,10.3,20.5,17.3,14.1,7.0,37.5,6,122,2,0,0,0.0,50.0,70.0
2024-05-01 07:00:00+05:30,24.4,28,981.3,0,10.1,18.9,19.1,148.0,80.0,170.2,7,122,2,0,0,21.46,50.0,110.0
2024-05-01 08:00:00+05:30,26.8,26,981.6,0,10.2,13.8,22.0,350.1,153.0,376.2,8,122,2,0,0,60.43,50.0,119.29
2024-05-01 09:00:00+05:30,29.4,22,981.8,0,10.1,12.6,24.1,500.0,204.0,589.8,9,122,2,1,0,103.86,45.56,221.04
2024-05-01 10:00:00+05:30,31.4,16,981.6,0,5.8,6.9,24.1,593.2,241.0,769.1,10,122,2,1,0,141.26,7.22,241.47
2024-05-01 11:00:00+05:30,32.9,13,981.4,0,3.2,4.0,19.8,649.1,265.0,891.6,11,122,2,1,0,167.85,0.64,258.4
2024-05-01 12:00:00+05:30,34.3,11,981.0,0,7.7,8.9,22.7,677.0,278.0,945.9,12,122,2,1,0,181.68,16.93,275.25
2024-05-01 13:00:00+05:30,35.2,9,980.3,0,13.4,16.0,29.9,680.7,278.0,924.4,13,122,2,1,0,182.14,50.0,250.57
2024-05-01 14:00:00+05:30,35.4,9,979.6,0,16.0,19.4,33.8,660.4,268.0,832.7,14,122,2,1,0,169.96,50.0,289.14
2024-05-01 15:00:00+05:30,35.4,9,979.0,0,14.8,18.3,33.8,614.2,246.0,680.1,15,122,2,1,0,145.24,50.0,289.14
2024-05-01 16:00:00+05:30,35.2,9,978.6,0,12.9,15.6,31.0,526.8,212.0,480.6,16,122,2,1,0,108.91,50.0,286.57
2024-05-01 17:00:00+05:30,34.8,9,978.3,0,10.5,13.4,26.6,387.6,163.0,265.2,17,122,2,1,0,65.96,50.0,281.5
2024-05-01 18:00:00+05:30,33.9,8,978.4,0,14.1,21.9,27.4,189.3,94.0,77.2,18,122,2,0,1,25.95,50.0,245.34
2024-05-01 19:00:00+05:30,31.7,9,978.9,0,12.4,24.6,23.4,22.1,14.0,0.0,19,122,2,0,1,0.0,50.0,219.76
2024-05-01 20:00:00+05:30,30.0,11,979.6,0,8.1,19.0,20.2,0.0,0.0,0.0,20,122,2,0,1,0.0,50.0,201.89
2024-05-01 21:00:00+05:30,27.6,15,980.3,0,7.9,16.9,13.0,0.0,0.0,0.0,21,122,2,0,1,0.0,50.0,180.26
2024-05-01 22:00:00+05:30,27.5,16,980.7,0,10.1,23.3,14.8,0.0,0.0,0.0,22,122,2,0,1,0.0,50.0,179.47
2024-05-01 23:00:00+05:30,27.1,16,980.8,0,15.7,30.7,24.5,0.0,0.0,0.0,23,122,2,0,1,0.0,50.0,176.44
2024-05-02 00:00:00+05:30,26.3,18,980.6,0,15.3,29.5,26.6,0.0,0.0,0.0,0,123,3,0,0,0.0,50.0,75.99
2024-05-02 01:00:00+05:30,25.2,20,980.3,0,14.0,27.9,24.8,0.0,0.0,0.0,1,123,3,0,0,0.0,50.0,70.48
2024-05-02 02:00:00+05:30,24.4,21,980.1,0,12.5,25.6,22.7,0.0,0.0,0.0,2,123,3,0,0,0.0,50.0,70.0
2024-05-02 03:00:00+05:30,23.4,23,980.0,0,9.7,21.6,20.2,0.0,0.0,0.0,3,123,3,0,0,0.0,50.0,70.0
2024-05-02 04:00:00+05:30,22.4,25,980.0,0,7.8,17.9,15.5,0.0,0.0,0.0,4,123,3,0,0,0.0,50.0,70.0
2024-05-02 05:00:00+05:30,21.8,26,980.5,0,7.4,17.2,12.2,0.0,0.0,0.0,5,123,3,0,0,0.0,50.0,70.0
2024-05-02 06:00:00+05:30,22.2,27,981.7,58,10.5,20.0,16.6,13.9,7.0,36.4,6,123,3,0,0,0.0,50.0,70.0
2024-05-02 07:00:00+05:30,24.1,25,982.6,100,11.5,19.4,19.8,132.1,83.0,169.4,7,123,3,0,0,21.75,50.0,110.0
2024-05-02 08:00:00+05:30,26.8,21,983.0,49,9.4,14.5,20.5,246.2,176.0,349.7,8,123,3,0,0,57.22,50.0,119.29
2024-05-02 09:00:00+05:30,29.8,17,983.5,12,9.7,12.6,23.0,441.1,227.0,574.7,9,123,3,1,0,101.24,43.21,224.91
2024-05-02 10:00:00+05:30,31.9,14,983.6,85,10.2,12.5,24.8,590.8,246.0,773.2,10,123,3,1,0,141.44,45.23,246.98
2024-05-02 11:00:00+05:30,33.3,11,982.9,47,10.5,12.6,26.6,593.1,300.0,875.8,11,123,3,1,0,164.51,50.0,263.11
2024-05-02 12:00:00+05:30,34.5,10,982.3,97,9.5,11.1,26.6,655.6,294.0,941.8,12,123,3,1,0,180.47,33.15,277.74
2024-05-02 13:00:00+05:30,35.4,9,981.5,100,9.5,11.1,25.6,533.3,363.0,867.4,13,123,3,1,0,171.25,33.03,253.14
2024-05-02 14:00:00+05:30,35.9,7,980.5,100,9.8,11.8,25.2,456.8,372.0,753.9,14,123,3,1,0,154.4,38.19,295.63
2024-05-02 15:00:00+05:30,35.8,7,979.6,99,10.3,12.2,24.8,211.5,383.0,506.8,15,123,3,1,0,110.26,43.19,294.32
2024-05-02 16:00:00+05:30,35.6,7,979.2,79,9.0,11.3,23.8,193.0,279.0,349.8,16,123,3,1,0,81.23,31.62,291.72
2024-05-02 17:00:00+05:30,35.4,7,979.3,63,7.0,8.6,20.5,279.2,185.0,243.8,17,123,3,1,0,61.31,13.9,289.14
2024-05-02 18:00:00+05:30,34.7,7,979.9,21,12.2,20.3,20.9,184.1,95.0,77.7,18,123,3,0,1,25.89,50.0,255.24
2024-05-02 19:00:00+05:30,32.0,9,980.5,97,10.6,23.0,20.5,21.9,14.0,0.0,19,123,3,0,1,0.0,50.0,223.09
2024-05-02 20:00:00+05:30,30.3,10,981.1,33,8.5,20.2,17.3,0.0,0.0,0.0,20,123,3,0,1,0.0,50.0,204.9
2024-05-02 21:00:00+05:30,28.9,11,981.6,8,7.8,19.9,14.0,0.0,0.0,0.0,21,123,3,0,1,0.0,50.0,191.37
2024-05-02 22:00:00+05:30,27.3,12,981.6,0,7.9,17.3,12.2,0.0,0.0,0.0,22,123,3,0,1,0.0,50.0,177.93
2024-05-02 23:00:00+05:30,26.7,13,981.4,16,7.5,17.6,11.5,0.0,0.0,0.0,23,123,3,0,1,0.0,50.0,173.6
2024-05-03 00:00:00+05:30,25.9,14,980.8,5,7.1,15.1,11.9,0.0,0.0,0.0,0,124,4,0,0,0.0,39.6,73.64
2024-05-03 01:00:00+05:30,25.1,15,980.3,18,7.5,12.8,11.5,0.0,0.0,0.0,1,124,4,0,0,0.0,31.98,70.19
2024-05-03 02:00:00+05:30,24.7,16,980.2,100,7.0,12.2,13.0,0.0,0.0,0.0,2,124,4,0,0,0.0,26.85,70.0
2024-05-03 03:00:00+05:30,26.0,15,980.4,92,2.9,5.9,10.8,0.0,0.0,0.0,3,124,4,0,0,0.0,1.71,74.2
2024-05-03 04:00:00+05:30,25.2,16,980.7,100,5.4,6.2,5.8,0.0,0.0,0.0,4,124,4,0,0,0.0,5.39,70.48
2024-05-03 05:00:00+05:30,23.4,18,981.2,100,6.9,6.9,7.9,0.0,0.0,0.0,5,124,4,0,0,0.0,11.74,70.0
2024-05-03 06:00:00+05:30,21.9,23,981.5,37,6.5,13.0,10.8,0.0,8.0,35.4,6,124,4,0,0,0.0,27.49,70.0
2024-05-03 07:00:00+05:30,25.2,19,982.5,7,9.1,14.6,15.1,139.9,80.0,167.1,7,124,4,0,0,21.21,50.0,110.48
2024-05-03 08:00:00+05:30,29.4,15,983.1,98,7.9,15.5,17.3,332.8,154.0,369.0,8,124,4,0,0,58.7,50.0,141.04
2024-05-03 09:00:00+05:30,33.2,12,983.4,100,10.0,13.5,22.0,403.4,230.0,551.5,9,124,4,1,0,96.04,50.0,261.93
2024-05-03 10:00:00+05:30,36.2,9,983.1,36,13.8,16.8,29.2,516.5,268.0,733.9,10,124,4,1,0,132.23,50.0,299.57
2024-05-03 11:00:00+05:30,37.8,8,982.5,97,11.6,14.0,30.2,626.4,267.0,873.5,11,124,4,1,0,160.83,50.0,321.21
2024-05-03 12:00:00+05:30,38.7,7,981.8,99,9.4,11.2,27.4,526.2,345.0,866.8,12,124,4,1,0,164.06,32.74,333.82
2024-05-03 13:00:00+05:30,39.6,7,981.2,99,11.1,13.2,26.6,568.7,333.0,872.3,13,124,4,1,0,168.87,50.0,310.72
2024-05-03 14:00:00+05:30,39.4,7,980.3,97,12.5,15.1,27.7,302.5,405.0,650.3,14,124,4,1,0,132.57,50.0,343.83
2024-05-03 15:00:00+05:30,39.7,7,979.8,99,13.2,16.3,28.4,470.3,297.0,621.0,15,124,4,1,0,130.71,50.0,348.17
2024-05-03 16:00:00+05:30,39.2,7,979.5,100,13.3,16.4,28.4,298.9,277.0,408.6,16,124,4,1,0,92.19,50.0,340.95
2024-05-03 17:00:00+05:30,38.5,7,979.5,100,11.4,14.5,26.6,134.9,202.0,205.4,17,124,4,1,0,52.25,50.0,330.99
2024-05-03 18:00:00+05:30,36.1,8,980.2,92,6.2,9.2,16.2,71.6,103.0,67.1,18,124,4,0,1,23.76,13.27,273.25
2024-05-03 19:00:00+05:30,36.5,8,980.8,97,5.2,5.0,9.0,10.8,14.0,0.0,19,124,4,0,1,0.0,4.34,278.55
2024-05-03 20:00:00+05:30,33.7,9,980.8,100,5.8,3.6,6.1,0.0,0.0,0.0,20,124,4,0,1,0.0,6.4,242.91
2024-05-03 21:00:00+05:30,32.4,10,981.1,90,7.6,10.0,10.1,0.0,0.0,0.0,21,124,4,0,1,0.0,20.59,227.62
2024-05-03 22:00:00+05:30,30.1,11,980.8,100,11.0,13.0,12.6,0.0,0.0,0.0,22,124,4,0,1,0.0,50.0,202.89
2024-05-03 23:00:00+05:30,30.0,11,981.0,100,10.9,15.7,12.6,0.0,0.0,0.0,23,124,4,0,1,0.0,50.0,201.89
2024-05-04 00:00:00+05:30,30.0,13,980.5,99,7.7,17.7,12.6,0.0,0.0,0.0,0,125,5,0,0,0.0,50.0,106.89
2024-05-04 01:00:00+05:30,29.6,15,980.5,100,6.4,15.0,10.4,0.0,0.0,0.0,1,125,5,0,0,0.0,33.68,102.96
2024-05-04 02:00:00+05:30,29.3,15,980.3,100,6.8,16.5,9.4,0.0,0.0,0.0,2,125,5,0,0,0.0,43.12,100.09
2024-05-04 03:00:00+05:30,29.2,18,980.8,100,8.7,20.3,15.1,0.0,0.0,0.0,3,125,5,0,0,0.0,50.0,99.15
2024-05-04 04:00:00+05:30,29.2,22,981.0,100,9.4,21.8,14.8,0.0,0.0,0.0,4,125,5,0,0,0.0,50.0,99.15
2024-05-04 05:00:00+05:30,29.0,27,981.4,100,9.1,21.2,15.5,0.0,0.0,0.0,5,125,5,0,0,0.0,50.0,97.29
2024-05-04 06:00:00+05:30,29.2,36,982.8,100,9.8,21.0,16.9,0.0,7.0,30.2,6,125,5,0,0,1.59,50.0,99.15
2024-05-04 07:00:00+05:30,30.2,38,983.3,100,7.2,14.4,15.5,0.0,55.0,83.2,7,125,5,0,0,11.95,36.7,148.89
2024-05-04 08:00:00+05:30,31.9,35,983.9,100,10.9,15.0,20.5,55.2,168.0,237.5,8,125,5,0,0,39.9,50.0,166.98
2024-05-04 09:00:00+05:30,33.1,34,984.4,76,15.3,19.9,28.4,104.5,250.0,359.9,9,125,5,0,0,64.84,50.0,200.75
2024-05-04 10:00:00+05:30,34.2,31,984.3,49,18.2,23.2,34.9,272.3,273.0,530.0,10,125,5,0,0,98.55,50.0,214.02
2024-05-04 11:00:00+05:30,36.2,27,983.6,54,20.1,25.6,40.0,562.9,284.0,831.6,11,125,5,0,0,154.71,50.0,239.57
2024-05-04 12:00:00+05:30,37.2,24,982.8,94,21.7,27.8,41.8,410.4,358.0,766.4,12,125,5,0,0,147.56,50.0,252.98
2024-05-04 13:00:00+05:30,38.8,21,982.0,89,22.7,29.0,43.6,530.3,325.0,828.1,13,125,5,0,0,161.63,0.0,257.24
2024-05-04 14:00:00+05:30,39.2,16,981.0,100,25.2,32.5,46.8,368.2,363.0,668.4,14,125,5,0,0,136.08,0.0,280.95
2024-05-04 15:00:00+05:30,39.3,13,980.3,100,27.0,35.0,49.3,413.4,308.0,589.2,15,125,5,0,0,124.6,0.0,282.39
2024-05-04 16:00:00+05:30,38.3,15,979.6,100,24.5,32.4,49.3,190.9,286.0,355.3,16,125,5,0,0,81.31,0.0,268.18
2024-05-04 17:00:00+05:30,38.7,10,979.2,100,21.9,29.8,43.6,123.8,198.0,198.7,17,125,5,0,0,50.51,0.0,273.82
2024-05-04 18:00:00+05:30,36.3,16,980.3,100,18.2,27.4,35.3,23.7,91.0,54.1,18,125,5,0,1,19.74,50.0,275.89
2024-05-04 19:00:00+05:30,34.7,19,980.5,100,13.7,24.7,30.2,0.0,13.0,0.0,19,125,5,0,1,0.0,50.0,255.24
2024-05-04 20:00:00+05:30,32.9,20,980.7,100,6.6,16.1,22.0,0.0,0.0,0.0,20,125,5,0,1,0.0,39.27,233.4
2024-05-04 21:00:00+05:30,32.1,24,981.2,100,10.0,21.8,15.5,0.0,0.0,0.0,21,125,5,0,1,0.0,50.0,224.22
2024-05-04 22:00:00+05:30,31.2,28,981.5,100,12.2,24.4,19.4,0.0,0.0,0.0,22,125,5,0,1,0.0,50.0,214.31
2024-05-04 23:00:00+05:30,30.8,33,981.1,61,13.9,28.3,22.3,0.0,0.0,0.0,23,125,5,0,1,0.0,50.0,210.07
2024-05-05 00:00:00+05:30,30.1,34,980.2,7,13.6,27.3,22.7,0.0,0.0,0.0,0,126,6,0,0,0.0,50.0,107.89
2024-05-05 01:00:00+05:30,29.1,35,979.6,0,10.8,23.7,22.0,0.0,0.0,0.0,1,126,6,0,0,0.0,50.0,98.22
2024-05-05 02:00:00+05:30,28.2,36,978.9,0,9.8,21.9,17.3,0.0,0.0,0.0,2,126,6,0,0,0.0,50.0,90.19
2024-05-05 03:00:00+05:30,27.6,36,978.6,0,8.5,20.7,15.5,0.0,0.0,0.0,3,126,6,0,0,0.0,50.0,85.26
2024-05-05 04:00:00+05:30,27.1,35,978.8,8,8.7,19.8,13.7,0.0,0.0,0.0,4,126,6,0,0,0.0,50.0,81.44
2024-05-05 05:00:00+05:30,26.6,35,979.1,0,7.6,18.7,13.3,0.0,0.0,0.0,5,126,6,0,0,0.0,50.0,77.92
2024-05-05 06:00:00+05:30,27.5,36,979.9,20,17.5,31.1,30.2,13.2,8.0,37.8,6,126,6,0,0,1.84,50.0,84.47
2024-05-05 07:00:00+05:30,29.1,34,980.6,79,15.1,30.8,28.4,123.2,81.0,162.7,7,126,6,0,0,20.7,50.0,138.22
2024-05-05 08:00:00+05:30,31.4,30,981.1,98,14.5,19.8,27.7,290.7,159.0,353.3,8,126,6,0,0,56.06,50.0,161.47
2024-05-05 09:00:00+05:30,33.8,26,981.7,95,14.8,18.7,30.2,398.0,225.0,543.0,9,126,6,0,0,94.15,50.0,149.12
2024-05-05 10:00:00+05:30,35.6,23,981.5,64,15.9,20.2,32.4,414.0,294.0,675.0,10,126,6,0,0,122.51,50.0,171.72
2024-05-05 11:00:00+05:30,37.3,20,981.0,76,18.0,22.3,36.7,556.7,289.0,831.5,11,126,6,0,0,153.73,50.0,194.34
2024-05-05 12:00:00+05:30,38.5,18,980.3,82,16.2,19.9,36.7,577.6,307.0,879.8,12,126,6,0,0,166.19,50.0,210.99
2024-05-05 13:00:00+05:30,39.2,17,979.5,6,13.8,16.8,34.2,506.3,347.0,827.1,13,126,6,0,0,160.86,50.0,220.95
2024-05-05 14:00:00+05:30,39.8,16,978.5,84,12.6,15.2,31.0,611.4,266.0,790.2,14,126,6,0,0,158.06,50.0,229.63
2024-05-05 15:00:00+05:30,39.9,16,977.7,0,13.2,16.0,28.8,537.9,256.0,635.0,15,126,6,0,0,132.83,50.0,231.08
2024-05-05 16:00:00+05:30,39.6,15,977.1,67,15.5,18.8,30.6,484.0,208.0,455.6,16,126,6,0,0,100.77,50.0,226.72
2024-05-05 17:00:00+05:30,38.9,16,976.9,19,16.3,20.3,30.6,332.1,165.0,249.4,17,126,6,0,0,60.58,50.0,216.66
2024-05-05 18:00:00+05:30,38.2,15,977.5,14,10.3,17.5,25.2,164.9,94.0,76.4,18,126,6,0,1,24.65,50.0,301.78
2024-05-05 19:00:00+05:30,35.3,19,977.7,0,8.7,20.8,18.0,21.3,15.0,0.0,19,126,6,0,1,0.0,50.0,262.85
2024-05-05 20:00:00+05:30,33.9,23,978.3,4,10.4,24.0,16.6,0.0,0.0,0.0,20,126,6,0,1,0.0,50.0,245.34
2024-05-05 21:00:00+05:30,32.6,25,978.9,8,7.1,21.1,16.6,0.0,0.0,0.0,21,126,6,0,1,0.0,50.0,229.92
2024-05-05 22:00:00+05:30,31.6,27,979.4,0,8.8,14.4,12.2,0.0,0.0,0.0,22,126,6,0,1,0.0,50.0,218.66
2024-05-05 23:00:00+05:30,30.7,29,979.5,0,9.0,13.5,10.1,0.0,0.0,0.0,23,126,6,0,1,0.0,43.82,209.02
2024-05-06 00:00:00+05:30,29.9,31,979.2,0,8.6,18.5,11.9,0.0,0.0,0.0,0,127,0,0,0,0.0,50.0,105.89
2024-05-06 01:00:00+05:30,29.9,30,978.7,0,8.0,21.6,11.9,0.0,0.0,0.0,1,127,0,0,0,0.0,50.0,105.89
2024-05-06 02:00:00+05:30,29.3,31,978.3,0,7.2,19.4,12.2,0.0,0.0,0.0,2,127,0,0,0,0.0,50.0,100.09
2024-05-06 03:00:00+05:30,28.1,33,978.5,0,7.4,16.5,10.8,0.0,0.0,0.0,3,127,0,0,0,0.0,50.0,89.35
2024-05-06 04:00:00+05:30,27.5,34,978.6,0,7.1,16.4,10.4,0.0,0.0,0.0,4,127,0,0,0,0.0,45.36,84.47
2024-05-06 05:00:00+05:30,26.8,38,979.1,0,8.7,18.6,13.0,0.0,0.0,0.0,5,127,0,0,0,0.0,50.0,79.29
2024-05-06 06:00:00+05:30,27.7,39,980.3,0,10.2,21.3,23.0,13.0,8.0,36.9,6,127,0,0,0,1.84,50.0,86.05
2024-05-06 07:00:00+05:30,29.1,36,981.2,0,10.9,20.4,19.1,130.9,81.0,165.1,7,127,0,0,0,20.9,50.0,138.22
2024-05-06 08:00:00+05:30,31.3,31,981.7,0,11.7,15.1,23.8,314.6,154.0,360.3,8,127,0,0,0,56.85,50.0,160.39
2024-05-06 09:00:00+05:30,33.6,27,982.1,0,9.8,11.9,24.1,456.9,205.0,563.2,9,127,0,1,0,97.11,39.11,266.7
2024-05-06 10:00:00+05:30,36.1,24,982.1,0,8.7,10.3,23.0,546.5,243.0,734.4,10,127,0,1,0,131.82,25.73,298.25
2024-05-06 11:00:00+05:30,38.3,20,982.0,5,7.3,8.4,23.0,600.0,268.0,851.2,11,127,0,1,0,156.17,14.02,328.18
2024-05-06 12:00:00+05:30,40.0,15,981.2,10,6.5,7.2,22.0,605.8,281.0,881.7,12,127,0,1,0,165.3,9.16,352.54
2024-05-06 13:00:00+05:30,40.9,13,980.5,1,7.7,8.8,22.3,582.5,282.0,837.0,13,127,0,1,0,161.41,16.23,329.85
2024-05-06 14:00:00+05:30,41.3,12,979.6,1,10.6,12.4,25.9,602.2,273.0,789.3,14,127,0,1,0,156.58,50.0,371.85
2024-05-06 15:00:00+05:30,41.2,12,978.9,2,13.7,16.6,29.5,550.7,249.0,638.8,15,127,0,1,0,132.53,50.0,370.34
2024-05-06 16:00:00+05:30,40.8,12,978.3,6,15.9,19.1,31.3,453.0,215.0,444.5,16,127,0,1,0,97.86,50.0,364.36
2024-05-06 17:00:00+05:30,39.9,12,978.4,10,14.7,18.5,31.0,314.2,165.0,243.5,17,127,0,1,0,58.87,50.0,351.08
2024-05-06 18:00:00+05:30,39.7,11,978.1,55,14.1,22.2,23.4,124.8,85.0,66.1,18,127,0,0,1,21.42,50.0,323.17
2024-05-06 19:00:00+05:30,37.7,12,978.6,0,12.2,23.9,24.8,21.1,13.0,0.0,19,127,0,0,1,0.0,50.0,294.83
2024-05-06 20:00:00+05:30,35.5,13,979.0,8,7.9,18.4,19.4,0.0,0.0,0.0,20,127,0,0,1,0.0,50.0,265.43
2024-05-06 21:00:00+05:30,34.0,13,979.4,1,7.2,12.6,12.6,0.0,0.0,0.0,21,127,0,0,1,0.0,28.59,246.56
2024-05-06 22:00:00+05:30,33.3,14,979.8,3,7.4,13.7,11.5,0.0,0.0,0.0,22,127,0,0,1,0.0,34.41,238.11
2024-05-06 23:00:00+05:30,32.5,14,980.0,0,7.0,12.9,12.2,0.0,0.0,0.0,23,127,0,0,1,0.0,28.85,228.76
2024-05-07 00:00:00+05:30,32.2,15,979.8,0,7.5,14.8,11.5,0.0,0.0,0.0,0,128,1,0,0,0.0,40.22,130.35
2024-05-07 01:00:00+05:30,31.2,19,979.4,0,7.2,14.9,11.9,0.0,0.0,0.0,1,128,1,0,0,0.0,38.67,119.31
2024-05-07 02:00:00+05:30,30.8,21,978.9,0,8.7,16.6,14.0,0.0,0.0,0.0,2,128,1,0,0,0.0,50.0,115.07
2024-05-07 03:00:00+05:30,30.0,24,978.9,0,8.6,18.9,14.0,0.0,0.0,0.0,3,128,1,0,0,0.0,50.0,106.89
2024-05-07 04:00:00+05:30,29.8,24,979.3,0,11.2,22.8,16.9,0.0,0.0,0.0,4,128,1,0,0,0.0,50.0,104.91
2024-05-07 05:00:00+05:30,29.6,25,979.7,0,12.5,24.9,19.8,0.0,0.0,0.0,5,128,1,0,0,0.0,50.0,102.96
2024-05-07 06:00:00+05:30,29.5,31,980.5,0,9.0,18.7,16.6,12.8,9.0,40.1,6,128,1,0,0,2.05,50.0,102.0
2024-05-07 07:00:00+05:30,31.5,28,981.2,0,8.5,14.0,15.8,134.1,82.0,167.5,7,128,1,0,0,21.0,43.24,162.56
2024-05-07 08:00:00+05:30,34.3,24,982.2,0,4.8,6.9,14.8,313.2,155.0,361.2,8,128,1,0,0,56.25,5.42,195.25
2024-05-07 09:00:00+05:30,36.8,21,982.7,0,6.6,7.7,18.0,446.4,208.0,559.5,9,128,1,1,0,95.15,10.47,307.57
2024-05-07 10:00:00+05:30,39.0,18,982.9,0,9.0,10.8,23.0,531.8,247.0,726.6,10,128,1,1,0,128.74,29.0,338.09
2024-05-07 11:00:00+05:30,40.5,16,982.7,12,9.2,10.7,24.8,591.6,269.0,844.8,11,128,1,1,0,153.39,29.24,359.9
2024-05-07 12:00:00+05:30,41.6,13,982.1,20,5.1,5.6,24.5,529.3,290.0,815.9,12,128,1,1,0,152.9,3.99,376.38
2024-05-07 13:00:00+05:30,42.3,11,981.4,4,3.2,3.5,18.7,541.2,297.0,812.4,13,128,1,1,0,155.92,0.38,351.07
2024-05-07 14:00:00+05:30,42.7,11,980.4,2,7.4,8.6,21.2,567.1,275.0,760.8,14,128,1,1,0,150.34,14.67,393.24
2024-05-07 15:00:00+05:30,42.6,11,979.7,2,12.8,15.0,27.7,544.0,250.0,635.3,15,128,1,1,0,130.83,50.0,391.69
2024-05-07 16:00:00+05:30,42.0,11,979.4,6,13.0,15.3,29.2,470.4,214.0,454.2,16,128,1,1,0,99.07,50.0,382.47
2024-05-07 17:00:00+05:30,41.7,11,979.3,53,7.7,9.3,26.3,271.0,167.0,229.7,17,128,1,1,0,55.39,17.85,377.9
2024-05-07 18:00:00+05:30,40.8,11,979.2,8,11.2,17.9,24.5,147.3,93.0,74.4,18,128,1,0,1,23.62,50.0,339.36
2024-05-07 19:00:00+05:30,38.4,14,979.5,15,13.4,26.5,22.7,20.9,14.0,0.0,19,128,1,0,1,0.0,50.0,304.59
2024-05-07 20:00:00+05:30,36.9,16,980.3,13,11.3,24.4,21.6,0.0,0.0,0.0,20,128,1,0,1,0.0,50.0,283.92
2024-05-07 21:00:00+05:30,36.0,17,980.9,4,12.0,25.5,18.7,0.0,0.0,0.0,21,128,1,0,1,0.0,50.0,271.94
2024-05-07 22:00:00+05:30,35.9,17,981.0,3,12.9,28.3,20.5,0.0,0.0,0.0,22,128,1,0,1,0.0,50.0,270.63
2024-05-07 23:00:00+05:30,35.6,17,981.1,1,12.7,27.2,21.6,0.0,0.0,0.0,23,128,1,0,1,0.0,50.0,266.72
2024-05-08 00:00:00+05:30,33.9,19,980.8,10,7.6,20.3,20.2,0.0,0.0,0.0,0,129,2,0,0,0.0,50.0,150.34
2024-05-08 01:00:00+05:30,32.5,21,980.2,14,6.6,16.3,11.5,0.0,0.0,0.0,1,129,2,0,0,0.0,40.16,133.76
2024-05-08 02:00:00+05:30,32.7,21,979.8,24,10.1,22.0,15.5,0.0,0.0,0.0,2,129,2,0,0,0.0,50.0,136.07
2024-05-08 03:00:00+05:30,32.6,21,979.5,31,9.9,22.3,16.2,0.0,0.0,0.0,3,129,2,0,0,0.0,50.0,134.92
2024-05-08 04:00:00+05:30,32.1,22,979.6,34,11.5,23.8,18.4,0.0,0.0,0.0,4,129,2,0,0,0.0,50.0,129.22
2024-05-08 05:00:00+05:30,31.8,23,979.9,1,13.3,26.3,20.9,0.0,0.0,0.0,5,129,2,0,0,0.0,50.0,125.86
2024-05-08 06:00:00+05:30,31.8,25,980.7,1,14.7,28.0,27.7,12.6,9.0,39.3,6,129,2,0,0,2.03,50.0,125.86
2024-05-08 07:00:00+05:30,33.5,23,981.7,3,12.7,21.3,23.4,124.0,82.0,163.9,7,129,2,0,0,20.59,50.0,185.5
2024-05-08 08:00:00+05:30,35.8,20,982.3,8,10.9,16.2,22.3,282.6,159.0,349.7,8,129,2,0,0,54.43,50.0,214.32
2024-05-08 09:00:00+05:30,38.5,17,982.4,2,8.5,10.5,22.0,412.5,218.0,546.7,9,129,2,1,0,92.49,25.61,330.99
2024-05-08 10:00:00+05:30,40.6,14,982.0,8,7.5,8.8,20.9,464.7,272.0,696.1,10,129,2,1,0,122.86,15.7,361.38
2024-05-08 11:00:00+05:30,42.0,12,981.6,16,8.0,9.4,22.7,546.1,293.0,826.9,11,129,2,1,0,149.24,19.18,382.47
2024-05-08 12:00:00+05:30,43.0,11,980.9,5,8.1,9.0,23.0,586.3,287.0,869.5,12,129,2,1,0,160.62,18.3,397.91
2024-05-08 13:00:00+05:30,43.7,10,979.8,2,9.3,10.7,24.5,625.5,285.0,882.2,13,129,2,1,0,166.5,29.27,372.89
2024-05-08 14:00:00+05:30,43.8,10,978.7,1,13.0,15.2,28.8,601.2,275.0,791.3,14,129,2,1,0,154.71,50.0,410.48
2024-05-08 15:00:00+05:30,43.6,9,978.2,3,15.0,17.8,31.0,552.0,251.0,642.7,15,129,2,1,0,131.41,50.0,407.32
2024-05-08 16:00:00+05:30,42.9,10,977.5,24,17.5,21.2,33.1,383.8,230.0,419.0,16,129,2,1,0,91.61,50.0,396.35
2024-05-08 17:00:00+05:30,42.2,9,977.4,75,16.9,21.3,33.1,234.4,156.0,208.2,17,129,2,1,0,50.24,50.0,385.53
2024-05-08 18:00:00+05:30,42.4,4,977.4,0,12.6,22.4,24.8,173.4,99.0,82.3,18,129,2,0,1,25.45,50.0,363.61
2024-05-08 19:00:00+05:30,38.2,6,977.7,0,8.4,15.6,21.2,20.8,17.0,0.0,19,129,2,0,1,0.0,50.0,301.78
2024-05-08 20:00:00+05:30,39.2,6,978.4,2,5.2,9.5,11.9,0.0,0.0,0.0,20,129,2,0,1,0.0,10.91,315.95
2024-05-08 21:00:00+05:30,36.3,7,979.0,0,3.9,3.1,5.8,0.0,0.0,0.0,21,129,2,0,1,0.0,1.36,275.89
2024-05-08 22:00:00+05:30,35.3,7,979.0,0,6.4,5.9,7.9,0.0,0.0,0.0,22,129,2,0,1,0.0,8.82,262.85
2024-05-08 23:00:00+05:30,38.1,6,978.7,0,1.8,3.9,7.6,0.0,0.0,0.0,23,129,2,0,1,0.0,0.0,300.38
2024-05-09 00:00:00+05:30,32.6,8,978.2,0,6.6,5.9,7.2,0.0,0.0,0.0,0,130,3,0,0,0.0,9.83,134.92
2024-05-09 01:00:00+05:30,31.6,9,977.3,0,7.7,13.7,11.2,0.0,0.0,0.0,1,130,3,0,0,0.0,36.38,123.66
2024-05-09 02:00:00+05:30,30.5,9,977.0,0,12.6,22.8,20.2,0.0,0.0,0.0,2,130,3,0,0,0.0,50.0,111.95
2024-05-09 03:00:00+05:30,29.4,11,977.1,0,8.9,22.6,20.2,0.0,0.0,0.0,3,130,3,0,0,0.0,50.0,101.04
2024-05-09 04:00:00+05:30,28.5,14,977.2,0,8.1,19.3,13.3,0.0,0.0,0.0,4,130,3,0,0,0.0,50.0,92.79
2024-05-09 05:00:00+05:30,27.8,15,977.9,0,11.2,19.3,19.4,0.0,0.0,0.0,5,130,3,0,0,0.0,50.0,86.86
2024-05-09 06:00:00+05:30,31.2,31,979.7,0,17.3,31.9,31.3,12.5,10.0,42.3,6,130,3,0,0,2.25,50.0,119.31
2024-05-09 07:00:00+05:30,32.2,28,980.5,0,10.4,18.6,27.7,131.7,84.0,169.3,7,130,3,0,0,21.31,50.0,170.35
2024-05-09 08:00:00+05:30,34.4,28,981.2,0,6.1,8.1,17.6,313.0,158.0,365.3,8,130,3,0,0,56.78,10.36,196.49
2024-05-09 09:00:00+05:30,36.4,27,981.3,0,13.5,16.9,28.4,450.7,210.0,565.8,9,130,3,1,0,96.06,50.0,302.22
2024-05-09 10:00:00+05:30,38.7,23,980.6,0,14.5,17.6,30.2,539.1,248.0,734.9,10,130,3,1,0,129.92,50.0,333.82
2024-05-09 11:00:00+05:30,40.8,19,980.3,0,15.5,19.3,33.1,593.7,273.0,851.9,11,130,3,1,0,153.94,50.0,364.36
2024-05-09 12:00:00+05:30,42.7,15,979.9,25,15.3,18.6,33.5,622.7,285.0,903.9,12,130,3,1,0,166.24,50.0,393.24
2024-05-09 13:00:00+05:30,43.7,10,979.1,55,12.9,15.5,33.1,521.1,303.0,799.7,13,130,3,1,0,152.38,50.0,372.89
2024-05-09 14:00:00+05:30,43.5,9,978.3,3,10.9,13.0,29.2,361.3,314.0,617.3,14,130,3,1,0,123.56,50.0,405.74
2024-05-09 15:00:00+05:30,43.7,9,977.7,13,9.5,11.1,25.2,484.3,268.0,608.1,15,130,3,1,0,124.75,32.04,408.89
2024-05-09 16:00:00+05:30,43.4,9,977.0,15,10.1,12.0,23.0,455.4,221.0,452.9,16,130,3,1,0,97.86,39.81,404.17
2024-05-09 17:00:00+05:30,43.2,8,976.8,11,5.5,7.3,22.0,246.4,165.0,220.1,17,130,3,1,0,52.67,7.13,401.03
2024-05-09 18:00:00+05:30,41.8,7,977.2,1,14.1,22.6,29.2,160.8,97.0,79.9,18,130,3,0,1,24.72,50.0,354.42
2024-05-09 19:00:00+05:30,38.3,8,977.0,0,10.4,23.4,22.3,20.6,17.0,0.0,19,130,3,0,1,0.0,50.0,303.18
2024-05-09 20:00:00+05:30,39.3,8,977.7,0,17.7,33.3,28.8,0.0,0.0,0.0,20,130,3,0,1,0.0,0.0,317.39
2024-05-09 21:00:00+05:30,37.0,9,978.5,0,10.9,24.0,28.4,0.0,0.0,0.0,21,130,3,0,1,0.0,50.0,285.27
2024-05-09 22:00:00+05:30,35.4,11,978.7,0,12.9,29.3,20.5,0.0,0.0,0.0,22,130,3,0,1,0.0,50.0,264.14
2024-05-09 23:00:00+05:30,36.4,17,978.8,0,24.8,41.9,40.0,0.0,0.0,0.0,23,130,3,0,1,0.0,0.0,277.22
2024-05-10 00:00:00+05:30,35.6,19,978.8,0,21.1,37.4,40.3,0.0,0.0,0.0,0,131,4,0,0,0.0,0.0,171.72
2024-05-10 01:00:00+05:30,34.5,20,978.4,0,15.5,30.3,34.6,0.0,0.0,0.0,1,131,4,0,0,0.0,50.0,157.74
2024-05-10 02:00:00+05:30,33.3,22,978.3,0,15.8,30.4,25.2,0.0,0.0,0.0,2,131,4,0,0,0.0,50.0,143.11
2024-05-10 03:00:00+05:30,32.3,23,978.7,0,9.4,23.4,25.9,0.0,0.0,0.0,3,131,4,0,0,0.0,50.0,131.48
2024-05-10 04:00:00+05:30,30.3,27,979.0,0,9.3,14.5,14.4,0.0,0.0,0.0,4,131,4,0,0,0.0,50.0,109.9
2024-05-10 05:00:00+05:30,29.5,30,979.9,0,8.4,13.0,10.8,0.0,0.0,0.0,5,131,4,0,0,0.0,37.62,102.0
2024-05-10 06:00:00+05:30,32.1,21,981.2,0,16.4,30.2,25.9,12.3,10.0,41.5,6,131,4,0,0,2.24,50.0,129.22
2024-05-10 07:00:00+05:30,33.5,23,982.1,0,16.2,30.1,27.0,126.2,83.0,165.8,7,131,4,0,0,20.85,50.0,185.5
2024-05-10 08:00:00+05:30,35.2,28,982.7,0,17.5,23.9,31.7,296.2,156.0,353.9,8,131,4,0,0,54.93,50.0,206.57
2024-05-10 09:00:00+05:30,36.7,30,982.9,0,19.7,25.6,37.4,431.0,209.0,550.8,9,131,4,1,0,93.48,50.0,306.23
2024-05-10 10:00:00+05:30,38.9,26,982.5,0,20.3,25.7,39.2,522.1,245.0,717.4,10,131,4,1,0,126.82,50.0,336.66
2024-05-10 11:00:00+05:30,40.7,22,982.1,0,20.2,25.6,40.3,574.6,271.0,832.0,11,131,4,1,0,150.6,50.0,362.87
2024-05-10 12:00:00+05:30,42.0,19,981.8,18,19.8,24.5,40.3,596.7,286.0,879.5,12,131,4,1,0,162.61,50.0,382.47
2024-05-10 13:00:00+05:30,42.6,16,980.8,46,19.1,23.4,39.6,547.2,297.0,819.3,13,131,4,1,0,156.32,50.0,355.69
2024-05-10 14:00:00+05:30,43.1,14,979.8,30,15.1,18.4,38.5,501.1,300.0,727.7,14,131,4,1,0,143.57,50.0,399.47
2024-05-10 15:00:00+05:30,43.1,14,978.9,22,12.9,15.5,32.0,446.1,258.0,570.7,15,131,4,1,0,117.87,50.0,399.47
2024-05-10 16:00:00+05:30,42.9,13,978.5,28,12.9,15.8,27.7,417.1,219.0,429.8,16,131,4,1,0,93.27,50.0,396.35
2024-05-10 17:00:00+05:30,41.6,15,978.4,17,16.9,21.5,30.6,237.3,155.0,209.4,17,131,4,1,0,50.34,50.0,376.38
2024-05-10 18:00:00+05:30,40.6,12,979.4,0,16.1,25.1,29.5,156.1,97.0,79.7,18,131,4,0,1,24.69,50.0,336.38
2024-05-10 19:00:00+05:30,38.4,14,979.9,0,18.1,32.1,29.9,20.4,17.0,0.0,19,131,4,0,1,0.0,0.0,304.59
2024-05-10 20:00:00+05:30,37.1,16,980.7,0,18.4,33.2,31.0,0.0,0.0,0.0,20,131,4,0,1,0.0,0.0,286.62
2024-05-10 21:00:00+05:30,36.4,18,981.4,0,18.1,33.4,29.9,0.0,0.0,0.0,21,131,4,0,1,0.0,0.0,277.22
2024-05-10 22:00:00+05:30,35.8,21,981.5,0,18.0,33.4,29.9,0.0,0.0,0.0,22,131,4,0,1,0.0,0.0,269.32
2024-05-10 23:00:00+05:30,35.4,23,981.6,0,16.4,31.5,29.2,0.0,0.0,0.0,23,131,4,0,1,0.0,50.0,264.14
2024-05-11 00:00:00+05:30,34.6,25,981.9,7,19.1,33.3,31.3,0.0,0.0,0.0,0,132,5,0,0,0.0,0.0,158.98
2024-05-11 01:00:00+05:30,34.0,27,981.9,14,18.1,31.8,31.7,0.0,0.0,0.0,1,132,5,0,0,0.0,50.0,151.56
2024-05-11 02:00:00+05:30,33.5,27,981.7,0,17.2,30.3,29.9,0.0,0.0,0.0,2,132,5,0,0,0.0,50.0,145.5
2024-05-11 03:00:00+05:30,32.7,29,981.8,0,16.6,29.5,28.4,0.0,0.0,0.0,3,132,5,0,0,0.0,50.0,136.07
2024-05-11 04:00:00+05:30,31.9,30,982.2,0,13.5,26.1,26.6,0.0,0.0,0.0,4,132,5,0,0,0.0,50.0,126.98
2024-05-11 05:00:00+05:30,31.5,32,982.3,0,15.9,29.6,25.2,0.0,0.0,0.0,5,132,5,0,0,0.0,50.0,122.56
2024-05-11 06:00:00+05:30,29.5,39,985.3,66,22.4,35.3,40.3,12.2,10.0,40.7,6,132,5,0,0,2.26,0.0,102.0
2024-05-11 07:00:00+05:30,28.3,49,985.7,52,18.1,26.4,43.2,51.8,69.0,119.5,7,132,5,0,0,16.38,50.0,131.05
2024-05-11 08:00:00+05:30,27.2,61,986.8,82,15.8,17.9,38.5,216.9,145.0,297.1,8,132,5,0,0,48.32,50.0,122.18
2024-05-11 09:00:00+05:30,31.0,40,986.5,6,11.7,17.7,32.4,141.8,198.0,328.1,9,132,5,0,0,59.3,50.0,177.18
2024-05-11 10:00:00+05:30,35.7,28,985.8,1,17.7,22.5,34.6,492.8,254.0,702.1,10,132,5,0,0,125.97,50.0,233.02
2024-05-11 11:00:00+05:30,38.0,21,984.7,2,16.0,19.9,37.8,559.9,277.0,824.6,11,132,5,0,0,151.02,50.0,263.99
2024-05-11 12:00:00+05:30,39.7,19,984.3,22,13.9,17.3,33.8,576.8,290.0,864.3,12,132,5,0,0,161.58,50.0,288.17
2024-05-11 13:00:00+05:30,40.4,19,983.4,5,11.7,13.9,31.7,493.9,313.0,784.0,13,132,5,0,0,151.55,50.0,280.42
2024-05-11 14:00:00+05:30,40.9,18,982.3,23,11.1,13.4,27.7,509.4,283.0,719.2,14,132,5,0,0,143.31,50.0,305.85
2024-05-11 15:00:00+05:30,40.5,18,981.5,52,15.8,19.0,32.4,446.8,257.0,570.8,15,132,5,0,0,119.06,50.0,299.9
2024-05-11 16:00:00+05:30,40.0,18,980.8,43,13.6,16.0,32.4,370.1,217.0,401.4,16,132,5,0,0,88.55,50.0,292.54
2024-05-11 17:00:00+05:30,39.7,19,980.9,54,13.2,15.9,27.4,234.6,164.0,215.9,17,132,5,0,0,52.26,50.0,288.17
2024-05-11 18:00:00+05:30,40.0,12,981.0,1,5.2,12.9,33.5,151.4,97.0,79.6,18,132,5,0,1,24.59,18.92,327.54
2024-05-11 19:00:00+05:30,37.5,14,981.2,4,8.0,10.0,9.0,20.2,17.0,0.0,19,132,5,0,1,0.0,21.7,292.08
2024-05-11 20:00:00+05:30,36.6,16,981.7,4,8.4,20.2,12.2,0.0,0.0,0.0,20,132,5,0,1,0.0,50.0,279.89
2024-05-11 21:00:00+05:30,36.6,19,982.5,1,17.0,31.6,26.3,0.0,0.0,0.0,21,132,5,0,1,0.0,50.0,279.89
2024-05-11 22:00:00+05:30,36.3,20,982.6,0,20.4,34.9,33.5,0.0,0.0,0.0,22,132,5,0,1,0.0,0.0,275.89
2024-05-11 23:00:00+05:30,35.3,21,982.8,0,19.9,34.3,33.1,0.0,0.0,0.0,23,132,5,0,1,0.0,0.0,262.85
2024-05-12 00:00:00+05:30,34.8,22,982.6,0,21.6,36.7,36.0,0.0,0.0,0.0,0,133,6,0,0,0.0,0.0,161.5
2024-05-12 01:00:00+05:30,33.8,23,982.3,4,16.9,30.2,35.3,0.0,0.0,0.0,1,133,6,0,0,0.0,50.0,149.12
2024-05-12 02:00:00+05:30,33.1,24,981.7,7,15.8,28.8,27.7,0.0,0.0,0.0,2,133,6,0,0,0.0,50.0,140.75
2024-05-12 03:00:00+05:30,32.5,25,981.7,4,16.4,30.3,27.0,0.0,0.0,0.0,3,133,6,0,0,0.0,50.0,133.76
2024-05-12 04:00:00+05:30,31.7,27,981.9,0,11.8,24.2,26.3,0.0,0.0,0.0,4,133,6,0,0,0.0,50.0,124.76
2024-05-12 05:00:00+05:30,31.0,29,982.7,12,9.6,21.6,18.7,0.0,0.0,0.0,5,133,6,0,0,0.0,50.0,117.18
2024-05-12 06:00:00+05:30,28.1,30,984.5,0,12.2,23.5,19.4,12.0,11.0,43.7,6,133,6,0,0,2.5,50.0,89.35
2024-05-12 07:00:00+05:30,29.8,27,985.1,0,10.9,22.3,21.2,120.0,84.0,164.8,7,133,6,0,0,21.21,50.0,144.91
2024-05-12 08:00:00+05:30,32.4,23,985.7,0,5.4,9.6,19.1,285.3,160.0,353.3,8,133,6,0,0,55.5,12.06,172.62
2024-05-12 09:00:00+05:30,35.6,19,986.0,0,7.5,9.6,19.8,424.7,215.0,553.7,9,133,6,0,0,94.21,18.71,171.72
2024-05-12 10:00:00+05:30,37.8,17,985.3,0,7.8,9.4,21.2,517.1,255.0,724.7,10,133,6,0,0,128.32,18.86,201.21
2024-05-12 11:00:00+05:30,39.2,16,984.7,13,7.8,9.4,22.7,571.5,281.0,840.1,11,133,6,0,0,152.58,18.76,220.95
2024-05-12 12:00:00+05:30,40.3,16,984.1,94,10.1,12.3,25.9,595.9,294.0,887.6,12,133,6,0,0,164.78,42.27,236.95
2024-05-12 13:00:00+05:30,41.0,16,983.3,25,13.4,16.0,30.2,581.1,303.0,858.7,13,133,6,0,0,163.73,50.0,247.34
2024-05-12 14:00:00+05:30,41.3,15,982.4,42,16.9,20.7,34.6,535.9,288.0,747.8,14,133,6,0,0,147.95,50.0,251.85
2024-05-12 15:00:00+05:30,40.7,14,981.6,64,19.0,23.8,36.4,323.5,280.0,499.6,15,133,6,0,0,105.19,50.0,242.87
2024-05-12 16:00:00+05:30,40.5,13,981.2,48,17.7,22.5,36.4,224.4,252.0,347.9,16,133,6,0,0,77.81,50.0,239.9
2024-05-12 17:00:00+05:30,40.0,14,980.8,65,15.1,19.2,33.1,261.1,170.0,231.0,17,133,6,0,0,55.42,50.0,232.54
2024-05-12 18:00:00+05:30,39.7,12,981.5,12,14.2,21.3,28.1,139.2,99.0,79.4,18,133,6,0,1,24.65,50.0,323.17
2024-05-12 19:00:00+05:30,37.8,13,981.5,76,14.3,26.6,23.8,20.1,18.0,0.0,19,133,6,0,1,0.0,50.0,296.21
2024-05-12 20:00:00+05:30,36.9,15,982.2,3,13.8,26.7,24.5,0.0,0.0,0.0,20,133,6,0,1,0.0,50.0,283.92
2024-05-12 21:00:00+05:30,35.7,16,982.6,75,9.7,22.3,22.0,0.0,0.0,0.0,21,133,6,0,1,0.0,50.0,268.02
2024-05-12 22:00:00+05:30,34.8,17,982.6,41,11.5,24.3,18.0,0.0,0.0,0.0,22,133,6,0,1,0.0,50.0,256.5
2024-05-12 23:00:00+05:30,33.9,19,982.6,0,10.4,23.4,18.4,0.0,0.0,0.0,23,133,6,0,1,0.0,50.0,245.34
2024-05-13 00:00:00+05:30,33.5,20,982.6,0,13.0,27.2,20.2,0.0,0.0,0.0,0,134,0,0,0,0.0,50.0,145.5
2024-05-13 01:00:00+05:30,33.4,20,982.1,0,15.5,30.3,24.5,0.0,0.0,0.0,1,134,0,0,0,0.0,50.0,144.31
2024-05-13 02:00:00+05:30,32.5,21,981.6,0,15.5,30.4,25.2,0.0,0.0,0.0,2,134,0,0,0,0.0,50.0,133.76
2024-05-13 03:00:00+05:30,32.0,22,981.8,0,16.1,31.5,25.9,0.0,0.0,0.0,3,134,0,0,0,0.0,50.0,128.09
2024-05-13 04:00:00+05:30,31.7,24,981.9,0,15.9,31.2,26.3,0.0,0.0,0.0,4,134,0,0,0,0.0,50.0,124.76
2024-05-13 05:00:00+05:30,31.2,25,982.5,0,15.8,29.9,25.9,0.0,0.0,0.0,5,134,0,0,0,0.0,50.0,119.31
2024-05-13 06:00:00+05:30,31.8,30,983.6,0,15.1,28.7,23.4,11.9,11.0,43.0,6,134,0,0,0,2.46,50.0,125.86
2024-05-13 07:00:00+05:30,33.6,27,984.3,0,16.1,30.9,26.6,119.1,85.0,165.8,7,134,0,0,0,21.08,50.0,186.7
2024-05-13 08:00:00+05:30,35.9,23,984.7,0,13.8,22.0,28.8,286.7,161.0,355.5,8,134,0,0,0,55.0,50.0,215.63
2024-05-13 09:00:00+05:30,38.8,18,984.9,14,14.1,18.0,29.2,422.5,216.0,553.5,9,134,0,1,0,92.83,50.0,335.24
2024-05-13 10:00:00+05:30,40.3,14,984.2,33,9.7,11.2,29.2,505.4,254.0,713.8,10,134,0,1,0,125.05,34.04,356.95
2024-05-13 11:00:00+05:30,40.7,12,983.8,95,11.0,12.8,25.2,346.5,295.0,639.7,11,134,0,1,0,118.25,50.0,362.87
2024-05-13 12:00:00+05:30,41.0,11,983.4,23,13.7,16.2,28.4,224.7,337.0,563.7,12,134,0,1,0,108.5,50.0,367.34
2024-05-13 13:00:00+05:30,42.2,9,982.9,38,14.5,17.8,32.0,581.8,311.0,867.5,13,134,0,1,0,164.12,50.0,349.53
2024-05-13 14:00:00+05:30,42.2,9,982.2,43,13.7,16.6,32.0,535.5,307.0,766.0,14,134,0,1,0,150.35,50.0,385.53
2024-05-13 15:00:00+05:30,42.0,11,981.2,50,8.4,10.5,29.9,433.8,281.0,583.9,15,134,0,1,0,120.48,24.89,382.47
2024-05-13 16:00:00+05:30,42.4,11,980.8,47,6.1,7.6,22.3,379.4,244.0,431.2,16,134,0,1,0,93.54,8.97,388.61
2024-05-13 17:00:00+05:30,41.6,11,980.9,79,13.4,17.1,24.5,275.0,172.0,238.4,17,134,0,1,0,56.48,50.0,376.38
2024-05-13 18:00:00+05:30,40.5,11,981.3,51,14.7,22.8,24.5,74.8,93.0,66.3,18,134,0,0,1,21.38,50.0,334.9
2024-05-13 19:00:00+05:30,37.6,14,982.0,36,6.5,16.1,24.5,19.9,17.0,0.0,19,134,0,0,1,0.0,37.95,293.45
2024-05-13 20:00:00+05:30,35.9,16,982.8,50,5.8,6.6,10.4,0.0,0.0,0.0,20,134,0,0,1,0.0,6.54,270.63
2024-05-13 21:00:00+05:30,34.5,18,983.0,75,7.7,16.9,10.8,0.0,0.0,0.0,21,134,0,0,1,0.0,50.0,252.74
2024-05-13 22:00:00+05:30,35.3,18,983.4,97,12.4,21.3,20.9,0.0,0.0,0.0,22,134,0,0,1,0.0,50.0,262.85
2024-05-13 23:00:00+05:30,32.7,21,983.6,24,8.7,12.3,20.2,0.0,0.0,0.0,23,134,0,0,1,0.0,35.55,231.07
2024-05-14 00:00:00+05:30,31.8,22,983.4,0,10.2,12.2,11.9,0.0,0.0,0.0,0,135,1,0,0,0.0,43.37,125.86
2024-05-14 01:00:00+05:30,31.4,25,983.1,0,9.5,12.6,12.2,0.0,0.0,0.0,1,135,1,0,0,0.0,41.8,121.47
2024-05-14 02:00:00+05:30,30.6,28,982.8,0,8.2,15.6,11.2,0.0,0.0,0.0,2,135,1,0,0,0.0,50.0,112.98
2024-05-14 03:00:00+05:30,29.7,30,982.8,0,7.7,16.5,10.8,0.0,0.0,0.0,3,135,1,0,0,0.0,50.0,103.93
2024-05-14 04:00:00+05:30,29.7,30,982.7,0,10.1,21.0,15.1,0.0,0.0,0.0,4,135,1,0,0,0.0,50.0,103.93
2024-05-14 05:00:00+05:30,29.0,32,983.0,0,8.2,20.1,15.8,0.0,0.0,0.0,5,135,1,0,0,0.0,50.0,97.29
2024-05-14 06:00:00+05:30,29.6,39,985.2,99,14.4,26.3,25.6,0.0,12.0,42.3,6,135,1,0,0,2.7,50.0,102.96
2024-05-14 07:00:00+05:30,30.8,38,985.9,97,12.3,23.4,23.0,84.5,88.0,158.0,7,135,1,0,0,21.09,50.0,155.07
2024-05-14 08:00:00+05:30,32.7,35,986.8,27,9.1,12.3,21.2,263.7,163.0,345.4,8,135,1,0,0,54.38,37.85,176.07
2024-05-14 09:00:00+05:30,34.8,31,987.0,0,9.7,11.8,22.3,407.8,216.0,543.1,9,135,1,1,0,92.68,38.06,281.5
2024-05-14 10:00:00+05:30,37.0,25,986.2,0,10.9,13.4,25.9,497.4,256.0,709.3,10,135,1,1,0,126.0,50.0,310.27
2024-05-14 11:00:00+05:30,38.9,20,985.6,0,8.7,10.2,25.9,552.1,282.0,823.3,11,135,1,1,0,149.7,25.15,336.66
2024-05-14 12:00:00+05:30,40.4,17,985.0,9,7.1,8.4,23.4,574.8,296.0,869.3,12,135,1,1,0,161.34,13.45,358.42
2024-05-14 13:00:00+05:30,41.5,15,983.9,27,6.0,7.1,22.0,551.0,306.0,833.2,13,135,1,1,0,158.7,7.76,338.86
2024-05-14 14:00:00+05:30,41.7,14,982.9,44,4.9,6.0,20.5,446.0,296.0,676.6,14,135,1,1,0,134.64,4.13,377.9
2024-05-14 15:00:00+05:30,41.6,14,981.9,100,2.3,2.6,18.4,360.6,277.0,525.4,15,135,1,1,0,109.47,0.0,376.38
2024-05-14 16:00:00+05:30,41.3,14,981.5,100,10.9,12.3,22.3,235.7,222.0,329.2,16,135,1,1,0,73.15,50.0,371.85
2024-05-14 17:00:00+05:30,36.4,23,982.4,95,32.1,44.0,53.3,97.7,131.0,139.7,17,135,1,1,0,35.26,0.0,302.22
2024-05-14 18:00:00+05:30,36.6,20,982.4,19,15.7,23.3,37.8,48.3,76.0,52.5,18,135,1,0,1,17.39,50.0,279.89
2024-05-14 19:00:00+05:30,34.3,21,982.5,4,7.6,18.6,25.2,19.7,18.0,0.0,19,135,1,0,1,0.0,50.0,250.25
2024-05-14 20:00:00+05:30,33.4,21,983.3,1,9.5,20.1,13.0,0.0,0.0,0.0,20,135,1,0,1,0.0,50.0,239.31
2024-05-14 21:00:00+05:30,33.1,22,983.5,1,9.7,22.2,19.1,0.0,0.0,0.0,21,135,1,0,1,0.0,50.0,235.75
2024-05-14 22:00:00+05:30,32.5,24,983.4,0,10.3,23.3,16.2,0.0,0.0,0.0,22,135,1,0,1,0.0,50.0,228.76
2024-05-14 23:00:00+05:30,31.7,27,983.3,0,7.6,19.5,16.6,0.0,0.0,0.0,23,135,1,0,1,0.0,50.0,219.76
2024-05-15 00:00:00+05:30,30.0,30,983.1,0,8.9,15.5,11.2,0.0,0.0,0.0,0,136,2,0,0,0.0,50.0,106.89
2024-05-15 01:00:00+05:30,29.4,31,982.6,0,10.5,15.2,12.2,0.0,0.0,0.0,1,136,2,0,0,0.0,50.0,101.04
2024-05-15 02:00:00+05:30,30.1,30,982.1,0,7.7,18.0,12.2,0.0,0.0,0.0,2,136,2,0,0,0.0,50.0,107.89
2024-05-15 03:00:00+05:30,29.9,30,982.3,0,10.5,21.6,16.6,0.0,0.0,0.0,3,136,2,0,0,0.0,50.0,105.89
2024-05-15 04:00:00+05:30,28.0,34,982.3,0,7.4,13.1,16.2,0.0,0.0,0.0,4,136,2,0,0,0.0,32.47,88.51
2024-05-15 05:00:00+05:30,26.9,37,983.0,0,5.6,2.7,9.4,0.0,0.0,0.0,5,136,2,0,0,0.0,5.82,79.99
2024-05-15 06:00:00+05:30,27.7,32,984.6,0,8.6,18.0,13.0,11.7,12.0,45.1,6,136,2,0,0,2.72,50.0,86.05
2024-05-15 07:00:00+05:30,30.7,25,985.1,0,11.2,17.5,16.9,121.8,90.0,173.7,7,136,2,0,0,22.45,50.0,154.02
2024-05-15 08:00:00+05:30,34.0,20,986.5,0,8.7,16.2,20.2,291.7,167.0,365.9,8,136,2,0,0,56.94,50.0,191.56
2024-05-15 09:00:00+05:30,36.6,18,986.8,0,7.6,9.2,18.7,421.2,222.0,559.9,9,136,2,1,0,94.55,17.62,304.89
2024-05-15 10:00:00+05:30,38.5,20,986.3,0,12.6,15.5,27.4,506.9,262.0,724.3,10,136,2,1,0,127.46,50.0,330.99
2024-05-15 11:00:00+05:30,40.2,18,985.4,6,14.6,17.9,31.7,560.5,288.0,837.8,11,136,2,1,0,151.03,50.0,355.48
2024-05-15 12:00:00+05:30,42.0,10,984.9,1,7.6,8.9,31.7,561.2,303.0,863.2,12,136,2,1,0,159.0,16.29,382.47
2024-05-15 13:00:00+05:30,42.7,9,983.7,44,6.3,7.2,22.3,572.0,302.0,849.9,13,136,2,1,0,160.46,8.51,357.24
2024-05-15 14:00:00+05:30,43.1,8,982.6,96,8.2,9.2,22.3,567.0,294.0,782.4,14,136,2,1,0,152.2,19.04,399.47
2024-05-15 15:00:00+05:30,43.1,8,981.7,95,11.1,12.9,25.6,514.2,270.0,635.4,15,136,2,1,0,129.0,50.0,399.47
2024-05-15 16:00:00+05:30,42.7,8,981.4,91,12.4,14.7,26.3,422.9,233.0,448.1,16,136,2,1,0,96.23,50.0,393.24
2024-05-15 17:00:00+05:30,42.1,8,981.5,49,12.6,15.5,25.9,254.9,177.0,235.7,17,136,2,1,0,55.73,50.0,384.0
2024-05-15 18:00:00+05:30,39.8,10,982.7,15,10.3,17.2,20.9,140.4,102.0,83.0,18,136,2,0,1,25.27,50.0,324.63
2024-05-15 19:00:00+05:30,37.3,12,983.0,1,12.2,25.3,19.8,19.6,19.0,0.0,19,136,2,0,1,0.0,50.0,289.34
2024-05-15 20:00:00+05:30,36.5,13,983.1,88,14.5,28.2,23.4,0.0,0.0,0.0,20,136,2,0,1,0.0,50.0,278.55
2024-05-15 21:00:00+05:30,35.8,14,983.3,96,13.7,27.8,23.0,0.0,0.0,0.0,21,136,2,0,1,0.0,50.0,269.32
2024-05-15 22:00:00+05:30,34.7,17,983.6,95,10.9,24.5,22.0,0.0,0.0,0.0,22,136,2,0,1,0.0,50.0,255.24
2024-05-15 23:00:00+05:30,33.6,19,983.8,3,9.8,22.5,17.6,0.0,0.0,0.0,23,136,2,0,1,0.0,50.0,241.7
2024-05-16 00:00:00+05:30,32.9,20,983.7,0,10.5,24.5,17.3,0.0,0.0,0.0,0,137,3,0,0,0.0,50.0,138.4
2024-05-16 01:00:00+05:30,32.4,21,983.4,0,11.9,25.6,18.0,0.0,0.0,0.0,1,137,3,0,0,0.0,50.0,132.62
2024-05-16 02:00:00+05:30,31.9,21,983.1,0,10.5,24.1,19.1,0.0,0.0,0.0,2,137,3,0,0,0.0,50.0,126.98
2024-05-16 03:00:00+05:30,31.2,22,983.3,0,11.0,25.1,18.0,0.0,0.0,0.0,3,137,3,0,0,0.0,50.0,119.31
2024-05-16 04:00:00+05:30,29.4,25,983.4,0,11.2,17.9,17.6,0.0,0.0,0.0,4,137,3,0,0,0.0,50.0,101.04
2024-05-16 05:00:00+05:30,28.2,27,984.0,0,8.7,13.7,12.6,0.0,0.0,0.0,5,137,3,0,0,0.0,43.54,90.19
2024-05-16 06:00:00+05:30,30.4,29,984.9,10,7.4,14.7,21.6,11.6,12.0,44.5,6,137,3,0,0,2.69,39.49,110.92
2024-05-16 07:00:00+05:30,32.2,26,986.0,47,4.1,5.2,9.0,104.3,85.0,160.2,7,137,3,0,0,20.82,2.35,170.35
2024-05-16 08:00:00+05:30,34.2,25,986.4,48,4.4,5.4,13.3,229.2,170.0,335.1,8,137,3,0,0,52.86,2.86,194.02
2024-05-16 09:00:00+05:30,36.4,23,986.4,0,4.6,5.7,15.8,394.3,224.0,542.8,9,137,3,1,0,91.93,3.44,302.22
2024-05-16 10:00:00+05:30,38.5,20,986.1,0,2.1,2.9,16.2,495.3,261.0,713.4,10,137,3,1,0,125.58,0.0,330.99
2024-05-16 11:00:00+05:30,40.4,17,985.4,4,2.6,3.4,15.8,552.5,288.0,830.5,11,137,3,1,0,149.54,0.02,358.42
2024-05-16 12:00:00+05:30,42.0,14,984.4,9,6.3,7.6,21.6,580.3,302.0,881.4,12,137,3,1,0,161.79,9.43,382.47
2024-05-16 13:00:00+05:30,43.0,10,983.3,3,9.2,10.9,24.5,525.0,304.0,806.7,13,137,3,1,0,152.83,29.98,361.91
2024-05-16 14:00:00+05:30,43.4,9,982.2,2,9.4,11.5,24.5,540.9,292.0,757.7,14,137,3,1,0,147.55,33.79,404.17
2024-05-16 15:00:00+05:30,43.3,9,981.4,2,12.4,15.0,27.7,515.0,266.0,632.8,15,137,3,1,0,128.22,50.0,402.6
2024-05-16 16:00:00+05:30,42.8,9,981.0,4,14.5,17.6,29.5,434.2,227.0,450.0,16,137,3,1,0,96.32,50.0,394.79
2024-05-16 17:00:00+05:30,42.1,9,980.7,3,12.7,15.8,29.2,305.9,172.0,251.7,17,137,3,1,0,58.67,50.0,384.0
2024-05-16 18:00:00+05:30,41.4,9,980.3,0,11.9,19.1,24.1,136.0,101.0,82.2,18,137,3,0,1,24.77,50.0,348.35
2024-05-16 19:00:00+05:30,39.5,11,980.5,0,19.1,33.6,31.0,19.4,20.0,0.0,19,137,3,0,1,0.0,0.0,320.27
2024-05-16 20:00:00+05:30,38.9,12,980.9,0,17.1,31.5,33.8,0.0,0.0,0.0,20,137,3,0,1,0.0,50.0,311.66
2024-05-16 21:00:00+05:30,37.4,14,981.6,0,12.1,25.3,28.1,0.0,0.0,0.0,21,137,3,0,1,0.0,50.0,290.71
2024-05-16 22:00:00+05:30,35.9,16,981.9,2,9.5,23.1,19.4,0.0,0.0,0.0,22,137,3,0,1,0.0,50.0,270.63
2024-05-16 23:00:00+05:30,35.2,17,981.5,0,9.7,23.2,15.8,0.0,0.0,0.0,23,137,3,0,1,0.0,50.0,261.57
2024-05-17 00:00:00+05:30,34.5,17,981.1,4,9.7,23.2,15.8,0.0,0.0,0.0,0,138,4,0,0,0.0,50.0,157.74
2024-05-17 01:00:00+05:30,33.9,18,980.6,18,8.6,21.2,16.6,0.0,0.0,0.0,1,138,4,0,0,0.0,50.0,150.34
2024-05-17 02:00:00+05:30,34.2,17,980.1,11,14.9,30.9,22.0,0.0,0.0,0.0,2,138,4,0,0,0.0,50.0,154.02
2024-05-17 03:00:00+05:30,34.7,17,980.2,1,10.2,24.4,26.3,0.0,0.0,0.0,3,138,4,0,0,0.0,50.0,160.24
2024-05-17 04:00:00+05:30,31.1,21,980.6,1,7.2,13.2,16.9,0.0,0.0,0.0,4,138,4,0,0,0.0,31.35,118.24
2024-05-17 05:00:00+05:30,32.6,19,981.0,4,4.9,10.7,7.9,0.0,0.0,0.0,5,138,4,0,0,0.0,12.78,134.92
2024-05-17 06:00:00+05:30,32.0,22,982.2,6,14.5,28.6,23.4,11.5,12.0,43.9,6,138,4,0,0,2.68,50.0,128.09
2024-05-17 07:00:00+05:30,33.7,20,982.6,1,15.3,28.4,25.2,112.0,88.0,167.1,7,138,4,0,0,21.51,50.0,187.91
2024-05-17 08:00:00+05:30,36.2,18,983.3,0,11.8,18.0,23.8,266.0,164.0,348.3,8,138,4,0,0,53.89,50.0,219.57
2024-05-17 09:00:00+05:30,38.7,15,983.3,0,11.5,14.8,25.2,412.3,220.0,551.7,9,138,4,1,0,92.22,50.0,333.82
2024-05-17 10:00:00+05:30,41.3,12,983.1,0,13.0,16.2,28.4,501.1,261.0,718.7,10,138,4,1,0,124.75,50.0,371.85
2024-05-17 11:00:00+05:30,43.0,11,982.4,1,11.2,13.7,28.8,555.4,287.0,832.5,11,138,4,1,0,147.96,50.0,397.91
2024-05-17 12:00:00+05:30,44.0,9,981.6,2,7.4,8.5,26.6,555.5,306.0,861.2,12,138,4,1,0,156.89,14.32,413.65
2024-05-17 13:00:00+05:30,44.6,9,980.7,47,5.1,6.0,22.0,559.2,302.0,838.2,13,138,4,1,0,156.78,4.35,387.24
2024-05-17 14:00:00+05:30,44.6,9,979.6,41,5.9,6.6,19.1,445.1,326.0,705.4,14,138,4,1,0,137.54,6.54,423.24
2024-05-17 15:00:00+05:30,44.5,9,978.7,46,7.1,8.5,20.2,438.2,271.0,579.8,15,138,4,1,0,117.72,13.47,421.63
2024-05-17 16:00:00+05:30,44.1,9,978.3,39,10.2,12.2,22.7,380.1,233.0,424.2,16,138,4,1,0,90.72,41.47,415.24
2024-05-17 17:00:00+05:30,43.2,9,978.0,37,12.8,15.3,24.1,247.4,172.0,230.0,17,138,4,1,0,53.89,50.0,401.03
2024-05-17 18:00:00+05:30,41.3,10,978.9,58,14.9,22.6,32.8,124.2,103.0,82.0,18,138,4,0,1,24.82,50.0,346.85
2024-05-17 19:00:00+05:30,39.8,11,979.7,33,3.3,5.1,25.9,19.3,18.0,0.0,19,138,4,0,1,0.0,1.44,324.63
2024-05-17 20:00:00+05:30,37.5,14,979.9,29,11.5,22.7,16.6,0.0,0.0,0.0,20,138,4,0,1,0.0,50.0,292.08
2024-05-17 21:00:00+05:30,37.0,15,980.2,28,14.1,23.4,25.2,0.0,0.0,0.0,21,138,4,0,1,0.0,50.0,285.27
2024-05-17 22:00:00+05:30,35.4,16,980.3,2,7.2,17.4,22.7,0.0,0.0,0.0,22,138,4,0,1,0.0,50.0,264.14
2024-05-17 23:00:00+05:30,36.1,15,980.2,1,1.6,6.0,11.5,0.0,0.0,0.0,23,138,4,0,1,0.0,0.0,273.25
2024-05-18 00:00:00+05:30,32.6,19,979.6,1,7.4,4.7,7.9,0.0,0.0,0.0,0,139,5,0,0,0.0,14.21,134.92
2024-05-18 01:00:00+05:30,36.4,15,979.1,29,4.1,5.1,8.6,0.0,0.0,0.0,1,139,5,0,0,0.0,2.2,182.22
2024-05-18 02:00:00+05:30,34.0,17,978.7,56,6.9,7.7,6.8,0.0,0.0,0.0,2,139,5,0,0,0.0,11.3,151.56
2024-05-18 03:00:00+05:30,32.8,19,978.6,23,6.6,13.2,10.8,0.0,0.0,0.0,3,139,5,0,0,0.0,27.71,137.23
2024-05-18 04:00:00+05:30,32.2,20,978.7,26,7.2,14.1,10.4,0.0,0.0,0.0,4,139,5,0,0,0.0,34.98,130.35
2024-05-18 05:00:00+05:30,32.4,19,979.0,91,12.7,23.1,18.4,0.0,0.0,0.0,5,139,5,0,0,0.0,50.0,132.62
2024-05-18 06:00:00+05:30,32.2,21,980.3,1,13.0,24.5,22.3,11.4,12.0,43.4,6,139,5,0,0,2.67,50.0,130.35
2024-05-18 07:00:00+05:30,33.6,21,981.1,3,8.3,15.3,20.9,115.5,88.0,168.2,7,139,5,0,0,21.6,50.0,186.7
2024-05-18 08:00:00+05:30,36.1,19,981.6,2,1.6,3.1,14.0,272.0,165.0,353.0,8,139,5,0,0,54.52,0.0,218.25
2024-05-18 09:00:00+05:30,38.3,17,981.7,0,5.9,6.7,16.6,402.5,222.0,547.0,9,139,5,0,0,91.6,6.84,268.18
2024-05-18 10:00:00+05:30,40.4,15,981.5,0,9.0,10.9,22.7,504.4,259.0,719.7,10,139,5,0,0,125.25,29.3,298.42
2024-05-18 11:00:00+05:30,42.3,13,981.0,1,10.3,12.8,29.5,553.0,287.0,830.4,11,139,5,0,0,147.95,50.0,327.07
2024-05-18 12:00:00+05:30,43.9,11,979.8,25,11.8,14.6,28.8,566.5,303.0,869.3,12,139,5,0,0,158.11,50.0,352.06
2024-05-18 13:00:00+05:30,44.7,9,978.9,9,13.8,16.4,30.6,572.1,303.0,852.0,13,139,5,0,0,158.81,50.0,346.84
2024-05-18 14:00:00+05:30,44.9,9,977.9,20,12.5,15.0,31.0,538.0,291.0,755.0,14,139,5,0,0,145.73,50.0,368.07
2024-05-18 15:00:00+05:30,44.5,9,977.1,18,9.4,11.7,28.1,406.4,273.0,558.0,15,139,5,0,0,113.56,34.52,361.63
2024-05-18 16:00:00+05:30,44.1,9,976.4,3,8.3,10.1,23.0,372.1,240.0,426.1,16,139,5,0,0,91.05,22.61,355.24
2024-05-18 17:00:00+05:30,43.7,10,976.1,4,10.5,12.9,20.9,300.2,172.0,250.7,17,139,5,0,0,57.8,50.0,348.89
2024-05-18 18:00:00+05:30,42.4,8,976.0,1,19.2,28.7,33.8,141.6,101.0,84.2,18,139,5,0,1,24.84,50.0,363.61
2024-05-18 19:00:00+05:30,40.7,10,976.5,0,22.0,36.5,35.6,28.7,20.0,0.0,19,139,5,0,1,0.0,0.0,337.87
2024-05-18 20:00:00+05:30,40.4,10,977.0,0,22.0,37.1,37.1,0.0,0.0,0.0,20,139,5,0,1,0.0,0.0,333.42
2024-05-18 21:00:00+05:30,39.5,11,977.3,0,15.5,29.2,36.0,0.0,0.0,0.0,21,139,5,0,1,0.0,50.0,320.27
2024-05-18 22:00:00+05:30,37.7,12,977.5,0,13.0,26.7,25.2,0.0,0.0,0.0,22,139,5,0,1,0.0,50.0,294.83
2024-05-18 23:00:00+05:30,37.0,13,977.4,0,14.0,28.2,22.0,0.0,0.0,0.0,23,139,5,0,1,0.0,50.0,285.27
2024-05-19 00:00:00+05:30,36.5,14,976.9,0,16.8,33.0,26.6,0.0,0.0,0.0,0,140,6,0,0,0.0,50.0,183.55
2024-05-19 01:00:00+05:30,35.7,14,976.5,0,15.5,31.0,27.7,0.0,0.0,0.0,1,140,6,0,0,0.0,50.0,173.02
2024-05-19 02:00:00+05:30,34.9,16,976.3,0,15.2,31.0,24.8,0.0,0.0,0.0,2,140,6,0,0,0.0,50.0,162.76
2024-05-19 03:00:00+05:30,34.4,17,976.6,0,18.6,33.6,31.7,0.0,0.0,0.0,3,140,6,0,0,0.0,0.0,156.49
2024-05-19 04:00:00+05:30,33.3,18,976.6,0,14.6,28.6,30.2,0.0,0.0,0.0,4,140,6,0,0,0.0,50.0,143.11
2024-05-19 05:00:00+05:30,32.5,19,976.8,0,12.7,26.6,23.4,0.0,0.0,0.0,5,140,6,0,0,0.0,50.0,133.76
2024-05-19 06:00:00+05:30,33.0,19,977.8,12,9.9,20.5,15.5,11.3,12.0,42.9,6,140,6,0,0,2.66,50.0,139.57
2024-05-19 07:00:00+05:30,35.2,17,978.3,7,11.4,20.2,18.7,106.7,87.0,163.5,7,140,6,0,0,21.03,50.0,206.57
2024-05-19 08:00:00+05:30,38.6,15,978.8,0,8.9,17.4,19.4,273.6,165.0,354.0,8,140,6,0,0,54.04,50.0,252.41
2024-05-19 09:00:00+05:30,41.8,12,979.0,2,5.6,6.9,19.1,419.0,218.0,554.8,9,140,6,0,0,91.23,6.62,259.42
2024-05-19 10:00:00+05:30,43.6,9,978.8,28,5.6,6.7,20.2,507.8,259.0,722.8,10,140,6,0,0,123.85,6.22,287.32
2024-05-19 11:00:00+05:30,44.4,8,978.3,56,6.1,6.9,19.1,461.5,284.0,739.6,11,140,6,0,0,131.99,7.42,300.03
2024-05-19 12:00:00+05:30,44.7,8,977.8,71,9.4,11.4,23.0,402.3,342.0,745.8,12,140,6,0,0,137.31,33.0,304.84
2024-05-19 13:00:00+05:30,44.2,8,977.1,73,16.2,19.8,32.4,277.8,327.0,590.6,13,140,6,0,0,114.29,50.0,296.83
2024-05-19 14:00:00+05:30,44.3,8,976.5,60,16.9,20.9,34.9,322.4,346.0,616.1,14,140,6,0,0,121.66,50.0,298.43
2024-05-19 15:00:00+05:30,44.4,8,975.8,75,14.7,18.3,33.8,322.6,312.0,530.6,15,140,6,0,0,108.64,50.0,300.03
2024-05-19 16:00:00+05:30,43.1,9,975.4,30,18.2,22.2,34.6,310.9,241.0,391.6,16,140,6,0,0,84.63,50.0,279.47
2024-05-19 17:00:00+05:30,42.4,10,975.0,8,13.2,16.1,34.9,280.9,175.0,246.3,17,140,6,0,0,57.2,50.0,268.61
2024-05-19 18:00:00+05:30,41.1,11,975.8,54,8.8,12.8,20.5,93.9,95.0,73.1,18,140,6,0,1,22.31,37.35,343.84
2024-05-19 19:00:00+05:30,38.8,13,976.0,35,7.7,9.4,14.8,19.0,19.0,0.0,19,140,6,0,1,0.0,18.3,310.24
2024-05-19 20:00:00+05:30,37.4,14,976.0,34,6.2,6.1,8.6,0.0,0.0,0.0,20,140,6,0,1,0.0,7.87,290.71
2024-05-19 21:00:00+05:30,37.4,13,976.5,26,7.9,13.1,13.0,0.0,0.0,0.0,21,140,6,0,1,0.0,34.14,290.71
2024-05-19 22:00:00+05:30,35.9,15,976.8,30,6.7,12.8,12.6,0.0,0.0,0.0,22,140,6,0,1,0.0,26.46,270.63
2024-05-19 23:00:00+05:30,35.0,17,976.6,86,8.4,12.6,10.1,0.0,0.0,0.0,23,140,6,0,1,0.0,34.87,259.03
2024-05-20 00:00:00+05:30,34.7,17,976.4,85,5.2,8.7,9.7,0.0,0.0,0.0,0,141,0,0,0,0.0,9.39,160.24
2024-05-20 01:00:00+05:30,34.0,17,975.8,12,6.5,8.9,10.1,0.0,0.0,0.0,1,141,0,0,0,0.0,13.37,151.56
2024-05-20 02:00:00+05:30,33.4,18,975.5,0,6.2,9.6,8.6,0.0,0.0,0.0,2,141,0,0,0,0.0,14.39,144.31
2024-05-20 03:00:00+05:30,33.9,18,976.0,0,11.6,22.4,19.4,0.0,0.0,0.0,3,141,0,0,0,0.0,50.0,150.34
2024-05-20 04:00:00+05:30,32.5,20,976.3,0,15.0,27.8,23.8,0.0,0.0,0.0,4,141,0,0,0,0.0,50.0,133.76
2024-05-20 05:00:00+05:30,32.0,20,977.2,0,13.8,27.8,24.5,0.0,0.0,0.0,5,141,0,0,0,0.0,50.0,128.09
2024-05-20 06:00:00+05:30,31.3,23,978.5,47,8.2,16.3,13.7,11.2,13.0,45.6,6,141,0,0,0,2.9,50.0,120.39
2024-05-20 07:00:00+05:30,33.2,21,979.2,18,9.3,16.2,16.2,81.7,78.0,141.5,7,141,0,0,0,18.68,50.0,181.93
2024-05-20 08:00:00+05:30,35.5,20,979.8,27,11.3,15.4,22.7,251.2,160.0,335.5,8,141,0,0,0,52.06,50.0,210.43
2024-05-20 09:00:00+05:30,37.6,18,979.8,11,10.2,12.9,23.4,354.0,222.0,511.6,9,141,0,1,0,86.33,50.0,318.45
2024-05-20 10:00:00+05:30,39.9,15,980.0,3,11.2,13.7,26.3,472.8,266.0,700.1,10,141,0,1,0,122.23,50.0,351.08
2024-05-20 11:00:00+05:30,41.5,12,980.0,2,12.9,15.9,29.2,522.1,290.0,804.2,11,141,0,1,0,144.03,50.0,374.86
2024-05-20 12:00:00+05:30,42.6,11,979.4,4,15.1,18.1,32.4,547.7,308.0,856.1,12,141,0,1,0,156.61,50.0,391.69
2024-05-20 13:00:00+05:30,43.3,11,978.6,0,14.8,17.7,33.1,588.9,300.0,865.9,13,141,0,1,0,161.8,50.0,366.6
2024-05-20 14:00:00+05:30,43.6,11,977.5,7,15.5,19.1,32.8,513.8,279.0,722.8,14,141,0,1,0,140.67,50.0,407.32
2024-05-20 15:00:00+05:30,43.7,11,976.5,7,16.4,20.1,33.1,459.9,269.0,595.8,15,141,0,1,0,120.59,50.0,408.89
2024-05-20 16:00:00+05:30,43.5,11,976.0,0,16.6,20.8,33.1,427.2,228.0,449.1,16,141,0,1,0,95.22,50.0,405.74
2024-05-20 17:00:00+05:30,43.0,11,975.7,0,16.3,21.3,32.0,310.8,171.0,255.2,17,141,0,1,0,58.56,50.0,397.91
2024-05-20 18:00:00+05:30,42.0,10,976.4,0,13.2,21.3,24.5,143.6,102.0,86.2,18,141,0,0,1,25.14,50.0,357.47
2024-05-20 19:00:00+05:30,39.7,12,976.9,0,17.4,30.9,27.7,28.2,20.0,0.0,19,141,0,0,1,0.0,50.0,323.17
2024-05-20 20:00:00+05:30,38.8,14,977.5,0,17.8,31.8,31.3,0.0,0.0,0.0,20,141,0,0,1,0.0,50.0,310.24
2024-05-20 21:00:00+05:30,37.5,16,978.2,0,13.4,26.7,28.8,0.0,0.0,0.0,21,141,0,0,1,0.0,50.0,292.08
2024-05-20 22:00:00+05:30,36.2,20,978.5,0,9.3,22.7,21.6,0.0,0.0,0.0,22,141,0,0,1,0.0,50.0,274.57
2024-05-20 23:00:00+05:30,35.1,22,978.2,0,7.9,20.4,14.0,0.0,0.0,0.0,23,141,0,0,1,0.0,50.0,260.3
2024-05-21 00:00:00+05:30,34.5,24,977.9,0,9.0,22.4,13.3,0.0,0.0,0.0,0,142,1,0,0,0.0,50.0,157.74
2024-05-21 01:00:00+05:30,34.0,25,977.3,0,11.5,26.0,18.0,0.0,0.0,0.0,1,142,1,0,0,0.0,50.0,151.56
2024-05-21 02:00:00+05:30,33.2,27,977.1,0,10.5,23.8,18.4,0.0,0.0,0.0,2,142,1,0,0,0.0,50.0,141.93
2024-05-21 03:00:00+05:30,32.2,28,977.0,0,11.2,24.0,17.3,0.0,0.0,0.0,3,142,1,0,0,0.0,50.0,130.35
2024-05-21 04:00:00+05:30,31.6,28,977.3,0,11.5,24.8,18.4,0.0,0.0,0.0,4,142,1,0,0,0.0,50.0,123.66
2024-05-21 05:00:00+05:30,30.9,27,977.7,0,12.6,25.6,20.5,0.0,0.0,0.0,5,142,1,0,0,0.0,50.0,116.12
2024-05-21 06:00:00+05:30,31.1,34,978.7,0,11.8,21.8,20.2,11.1,14.0,48.4,6,142,1,0,0,3.12,50.0,118.24
2024-05-21 07:00:00+05:30,32.4,32,979.3,0,7.6,15.8,18.7,117.9,90.0,171.6,7,142,1,0,0,22.15,50.0,172.62
2024-05-21 08:00:00+05:30,34.4,31,979.6,0,6.1,8.3,16.6,283.5,163.0,357.2,8,142,1,0,0,55.23,10.81,196.49
2024-05-21 09:00:00+05:30,36.8,29,979.7,0,4.9,5.9,16.6,415.1,218.0,552.2,9,142,1,1,0,92.61,4.05,307.57
2024-05-21 10:00:00+05:30,39.1,23,979.5,0,5.6,6.7,18.7,503.5,257.0,717.3,10,142,1,1,0,125.18,6.31,339.52
2024-05-21 11:00:00+05:30,40.9,19,978.8,0,6.3,7.3,20.5,556.6,284.0,831.3,11,142,1,1,0,148.57,8.73,365.85
2024-05-21 12:00:00+05:30,42.4,16,978.2,0,7.6,9.2,22.3,583.1,298.0,881.4,12,142,1,1,0,160.67,17.14,388.61
2024-05-21 13:00:00+05:30,43.6,13,977.3,1,11.2,13.5,27.4,587.6,298.0,863.0,13,142,1,1,0,160.93,50.0,371.32
2024-05-21 14:00:00+05:30,44.0,12,976.4,0,14.3,17.6,31.0,524.2,280.0,733.4,14,142,1,1,0,142.09,50.0,413.65
2024-05-21 15:00:00+05:30,44.2,12,975.8,3,15.3,18.9,32.0,510.2,263.0,629.0,15,142,1,1,0,126.14,50.0,416.83
2024-05-21 16:00:00+05:30,43.8,12,975.3,0,15.8,19.6,31.7,426.5,226.0,447.6,16,142,1,1,0,94.61,50.0,410.48
2024-05-21 17:00:00+05:30,43.2,12,975.1,0,14.3,18.3,30.6,316.2,173.0,259.5,17,142,1,1,0,59.29,50.0,401.03
2024-05-21 18:00:00+05:30,41.8,12,976.1,0,6.4,12.0,26.6,150.0,104.0,89.1,18,142,1,0,1,25.76,21.78,354.42
2024-05-21 19:00:00+05:30,41.0,13,976.3,0,3.6,6.6,10.1,28.0,21.0,0.0,19,142,1,0,1,0.0,3.08,342.34
2024-05-21 20:00:00+05:30,36.8,16,976.7,0,8.8,18.4,12.6,0.0,0.0,0.0,20,142,1,0,1,0.0,50.0,282.57
2024-05-21 21:00:00+05:30,35.8,17,977.1,0,9.9,19.7,12.2,0.0,0.0,0.0,21,142,1,0,1,0.0,50.0,269.32
2024-05-21 22:00:00+05:30,34.8,19,977.2,0,9.7,18.6,12.6,0.0,0.0,0.0,22,142,1,0,1,0.0,50.0,256.5
2024-05-21 23:00:00+05:30,34.7,21,977.0,0,8.2,22.2,12.2,0.0,0.0,0.0,23,142,1,0,1,0.0,50.0,255.24
2024-05-22 00:00:00+05:30,34.8,23,976.5,0,10.2,23.8,15.5,0.0,0.0,0.0,0,143,2,0,0,0.0,50.0,161.5
2024-05-22 01:00:00+05:30,33.7,25,976.1,0,9.5,22.8,15.8,0.0,0.0,0.0,1,143,2,0,0,0.0,50.0,147.91
2024-05-22 02:00:00+05:30,32.2,28,976.0,0,7.2,19.6,14.8,0.0,0.0,0.0,2,143,2,0,0,0.0,50.0,130.35
2024-05-22 03:00:00+05:30,30.9,31,975.9,0,8.8,13.8,11.5,0.0,0.0,0.0,3,143,2,0,0,0.0,44.0,116.12
2024-05-22 04:00:00+05:30,30.0,33,976.3,0,7.6,12.3,10.1,0.0,0.0,0.0,4,143,2,0,0,0.0,29.75,106.89
2024-05-22 05:00:00+05:30,29.6,34,976.6,0,5.9,13.1,9.4,0.0,0.0,0.0,5,143,2,0,0,0.0,23.73,102.96
2024-05-22 06:00:00+05:30,31.8,40,977.6,0,9.8,16.8,15.1,11.1,14.0,47.9,6,143,2,0,0,3.11,50.0,125.86
2024-05-22 07:00:00+05:30,33.3,36,978.5,0,8.5,17.3,17.6,121.5,90.0,172.7,7,143,2,0,0,22.15,50.0,183.11
2024-05-22 08:00:00+05:30,35.7,31,978.7,0,7.4,10.0,18.0,287.4,163.0,359.5,8,143,2,0,0,55.18,19.61,213.02
2024-05-22 09:00:00+05:30,38.1,26,979.0,0,10.8,13.6,23.8,419.4,218.0,555.5,9,143,2,1,0,92.5,50.0,325.38
2024-05-22 10:00:00+05:30,40.5,20,978.8,0,14.2,18.1,30.2,506.9,258.0,721.5,10,143,2,1,0,124.95,50.0,359.9
2024-05-22 11:00:00+05:30,42.7,15,978.2,0,15.8,19.9,33.8,560.7,285.0,836.5,11,143,2,1,0,148.05,50.0,393.24
2024-05-22 12:00:00+05:30,44.2,12,977.3,0,14.5,17.9,33.8,589.0,298.0,887.5,12,143,2,1,0,160.17,50.0,416.83
2024-05-22 13:00:00+05:30,45.3,10,976.4,0,11.9,14.4,31.7,599.5,299.0,875.8,13,143,2,1,0,161.6,50.0,398.55
2024-05-22 14:00:00+05:30,45.7,9,975.5,0,12.2,14.8,28.1,575.2,287.0,785.9,14,143,2,1,0,149.77,50.0,441.08
2024-05-22 15:00:00+05:30,45.6,9,974.8,1,15.7,19.2,32.0,523.0,263.0,639.2,15,143,2,1,0,127.01,50.0,439.44
2024-05-22 16:00:00+05:30,44.9,9,974.4,1,19.4,23.9,36.0,440.7,225.0,455.6,16,143,2,1,0,95.52,50.0,428.07
2024-05-22 17:00:00+05:30,44.0,8,974.0,1,20.0,26.0,37.4,321.4,172.0,261.3,17,143,2,1,0,59.28,50.0,413.65
2024-05-22 18:00:00+05:30,44.1,9,974.0,76,15.4,24.2,29.5,103.0,92.0,74.1,18,143,2,0,1,21.72,50.0,390.24
2024-05-22 19:00:00+05:30,41.5,10,973.9,100,7.0,17.6,26.3,18.5,18.0,0.0,19,143,2,0,1,0.0,50.0,349.86
2024-05-22 20:00:00+05:30,41.8,11,974.7,85,19.5,34.4,29.2,0.0,0.0,0.0,20,143,2,0,1,0.0,0.0,354.42
2024-05-22 21:00:00+05:30,41.7,11,975.5,100,19.0,32.4,40.7,0.0,0.0,0.0,21,143,2,0,1,0.0,0.0,352.9
2024-05-22 22:00:00+05:30,39.4,13,975.4,56,7.2,19.0,30.6,0.0,0.0,0.0,22,143,2,0,1,0.0,50.0,318.83
2024-05-22 23:00:00+05:30,36.7,15,975.2,40,8.3,14.2,11.2,0.0,0.0,0.0,23,143,2,0,1,0.0,41.97,281.23
2024-05-23 00:00:00+05:30,36.1,15,974.8,100,5.9,14.8,11.2,0.0,0.0,0.0,0,144,3,0,0,0.0,28.74,178.25
2024-05-23 01:00:00+05:30,34.9,16,974.3,94,7.6,8.0,8.6,0.0,0.0,0.0,1,144,3,0,0,0.0,15.27,162.76
2024-05-23 02:00:00+05:30,34.8,17,974.0,71,9.2,9.6,10.8,0.0,0.0,0.0,2,144,3,0,0,0.0,27.71,161.5
2024-05-23 03:00:00+05:30,34.4,17,973.9,50,4.8,3.1,10.4,0.0,0.0,0.0,3,144,3,0,0,0.0,3.24,156.49
2024-05-23 04:00:00+05:30,34.7,16,974.2,16,6.6,11.4,10.4,0.0,0.0,0.0,4,144,3,0,0,0.0,21.17,160.24
2024-05-23 05:00:00+05:30,33.8,16,974.8,5,9.0,18.4,18.0,0.0,0.0,0.0,5,144,3,0,0,0.0,50.0,149.12
2024-05-23 06:00:00+05:30,32.2,21,975.8,0,8.7,18.4,14.0,11.0,14.0,47.4,6,144,3,0,0,3.11,50.0,130.35
2024-05-23 07:00:00+05:30,34.0,19,976.3,0,8.3,15.5,15.5,125.1,91.0,175.3,7,144,3,0,0,22.37,50.0,191.56
2024-05-23 08:00:00+05:30,37.0,18,976.7,0,4.3,8.9,15.1,293.4,165.0,365.4,8,144,3,0,0,55.67,7.43,230.27
2024-05-23 09:00:00+05:30,40.1,17,977.0,0,5.6,7.2,16.9,425.2,219.0,561.0,9,144,3,1,0,92.46,7.2,354.01
2024-05-23 10:00:00+05:30,42.7,15,976.9,0,5.2,6.3,18.4,510.4,259.0,725.8,10,144,3,1,0,124.29,4.95,393.24
2024-05-23 11:00:00+05:30,44.6,11,976.6,0,1.8,1.9,18.0,562.7,285.0,838.6,11,144,3,1,0,146.96,0.0,423.24
2024-05-23 12:00:00+05:30,46.1,8,975.8,0,3.3,4.1,16.6,587.8,298.0,886.5,12,144,3,1,0,158.47,0.73,447.65
2024-05-23 13:00:00+05:30,47.1,7,975.0,25,8.6,10.0,22.7,544.6,318.0,841.5,13,144,3,1,0,154.6,23.05,428.27
2024-05-23 14:00:00+05:30,46.8,7,974.0,49,16.0,18.9,32.4,386.8,342.0,670.7,14,144,3,1,0,129.42,50.0,459.26
2024-05-23 15:00:00+05:30,45.9,8,973.2,41,15.2,18.7,34.9,323.9,310.0,531.1,15,144,3,1,0,107.57,50.0,444.36
2024-05-23 16:00:00+05:30,46.7,7,972.5,31,12.6,14.8,31.7,419.4,234.0,451.5,16,144,3,1,0,93.99,50.0,457.59
2024-05-23 17:00:00+05:30,46.3,7,971.7,62,13.6,17.1,27.4,186.7,171.0,208.5,17,144,3,1,0,48.34,50.0,450.95
2024-05-23 18:00:00+05:30,44.4,7,972.9,0,14.3,22.7,30.2,166.0,106.0,94.1,18,144,3,0,1,26.38,50.0,395.03
2024-05-23 19:00:00+05:30,42.1,8,973.2,0,16.6,30.2,26.6,27.6,23.0,0.0,19,144,3,0,1,0.0,50.0,359.0
2024-05-23 20:00:00+05:30,41.1,9,973.4,0,17.9,32.2,30.6,0.0,0.0,0.0,20,144,3,0,1,0.0,50.0,343.84
2024-05-23 21:00:00+05:30,39.6,10,974.2,0,15.3,29.5,29.2,0.0,0.0,0.0,21,144,3,0,1,0.0,50.0,321.72
2024-05-23 22:00:00+05:30,38.7,10,974.5,0,15.1,31.1,24.8,0.0,0.0,0.0,22,144,3,0,1,0.0,50.0,308.82
2024-05-23 23:00:00+05:30,38.2,10,974.5,0,13.4,27.4,24.5,0.0,0.0,0.0,23,144,3,0,1,0.0,50.0,301.78
2024-05-24 00:00:00+05:30,36.9,11,974.2,0,13.6,25.1,21.6,0.0,0.0,0.0,0,145,4,0,0,0.0,50.0,188.92
2024-05-24 01:00:00+05:30,36.5,11,973.5,0,13.0,25.7,22.0,0.0,0.0,0.0,1,145,4,0,0,0.0,50.0,183.55
2024-05-24 02:00:00+05:30,34.6,13,973.2,0,9.6,21.1,20.5,0.0,0.0,0.0,2,145,4,0,0,0.0,50.0,158.98
2024-05-24 03:00:00+05:30,33.2,14,973.4,0,10.9,22.0,16.2,0.0,0.0,0.0,3,145,4,0,0,0.0,50.0,141.93
2024-05-24 04:00:00+05:30,32.7,14,973.7,0,7.6,20.0,19.8,0.0,0.0,0.0,4,145,4,0,0,0.0,50.0,136.07
2024-05-24 05:00:00+05:30,31.8,15,974.3,0,6.9,18.4,13.7,0.0,0.0,0.0,5,145,4,0,0,0.0,50.0,125.86
2024-05-24 06:00:00+05:30,32.0,17,975.4,0,7.2,10.2,9.0,10.9,15.0,50.2,6,145,4,0,0,3.33,19.74,128.09
2024-05-24 07:00:00+05:30,35.1,14,976.0,0,9.2,11.5,15.5,124.6,92.0,176.5,7,145,4,0,0,22.46,33.51,205.3
2024-05-24 08:00:00+05:30,37.9,12,976.5,0,5.8,8.4,16.6,293.0,165.0,365.2,8,145,4,0,0,55.39,10.15,242.6
2024-05-24 09:00:00+05:30,39.9,11,976.6,0,10.3,12.3,23.0,426.4,220.0,563.2,9,145,4,1,0,92.78,43.11,351.08
2024-05-24 10:00:00+05:30,41.8,11,976.7,0,8.4,10.0,23.8,513.9,261.0,731.1,10,145,4,1,0,125.5,22.75,379.42
2024-05-24 11:00:00+05:30,43.7,10,976.4,0,4.7,5.5,22.3,568.0,288.0,846.9,11,145,4,1,0,148.74,3.19,408.89
2024-05-24 12:00:00+05:30,45.3,9,975.7,0,4.7,5.1,18.7,594.8,301.0,896.7,12,145,4,1,0,160.51,2.9,434.55
2024-05-24 13:00:00+05:30,46.6,7,974.9,0,9.2,10.9,23.4,598.1,302.0,877.9,13,145,4,1,0,160.67,29.39,419.93
2024-05-24 14:00:00+05:30,46.9,7,973.9,0,12.6,15.5,28.8,577.8,290.0,791.8,14,145,4,1,0,149.64,50.0,460.92
2024-05-24 15:00:00+05:30,46.8,7,973.0,0,15.5,18.8,32.4,531.7,265.0,648.7,15,145,4,1,0,127.7,50.0,459.26
2024-05-24 16:00:00+05:30,46.2,7,972.4,0,19.5,24.0,38.2,449.7,227.0,463.8,16,145,4,1,0,96.26,50.0,449.3
2024-05-24 17:00:00+05:30,45.0,8,972.1,0,25.2,32.7,45.0,325.9,175.0,266.6,17,145,4,1,0,59.92,0.0,429.68
2024-05-24 18:00:00+05:30,44.7,6,972.5,0,20.8,31.4,42.5,161.6,107.0,94.5,18,145,4,0,1,26.42,0.0,399.84
2024-05-24 19:00:00+05:30,42.7,7,972.7,0,17.9,31.2,34.9,27.4,23.0,0.0,19,145,4,0,1,0.0,50.0,368.24
2024-05-24 20:00:00+05:30,40.5,8,973.1,0,8.9,21.4,29.5,0.0,0.0,0.0,20,145,4,0,1,0.0,50.0,334.9
2024-05-24 21:00:00+05:30,37.2,10,973.9,5,9.8,13.6,14.0,0.0,0.0,0.0,21,145,4,0,1,0.0,50.0,287.98
2024-05-24 22:00:00+05:30,36.4,12,974.4,4,10.0,10.9,11.9,0.0,0.0,0.0,22,145,4,0,1,0.0,35.65,277.22
2024-05-24 23:00:00+05:30,36.9,12,974.4,0,6.9,9.7,11.9,0.0,0.0,0.0,23,145,4,0,1,0.0,16.75,283.92
2024-05-25 00:00:00+05:30,35.6,13,974.2,0,5.2,7.4,10.8,0.0,0.0,0.0,0,146,5,0,0,0.0,6.89,171.72
2024-05-25 01:00:00+05:30,35.8,14,974.2,0,6.1,7.9,10.4,0.0,0.0,0.0,1,146,5,0,0,0.0,9.78,174.32
2024-05-25 02:00:00+05:30,34.8,17,973.9,0,4.9,6.7,11.2,0.0,0.0,0.0,2,146,5,0,0,0.0,5.22,161.5
2024-05-25 03:00:00+05:30,34.7,20,974.2,0,13.0,25.3,19.4,0.0,0.0,0.0,3,146,5,0,0,0.0,50.0,160.24
2024-05-25 04:00:00+05:30,33.4,20,974.5,0,11.3,23.7,22.3,0.0,0.0,0.0,4,146,5,0,0,0.0,50.0,144.31
2024-05-25 05:00:00+05:30,32.2,21,975.0,0,10.2,21.8,18.0,0.0,0.0,0.0,5,146,5,0,0,0.0,50.0,130.35
2024-05-25 06:00:00+05:30,33.2,27,975.4,0,12.6,22.4,19.8,10.9,15.0,49.7,6,146,5,0,0,3.31,50.0,141.93
2024-05-25 07:00:00+05:30,34.8,25,976.5,0,12.7,24.0,22.0,124.2,90.0,173.4,7,146,5,0,0,22.04,50.0,201.5
2024-05-25 08:00:00+05:30,36.9,23,976.9,0,17.1,23.0,31.3,286.1,164.0,360.2,8,146,5,0,0,54.88,50.0,228.92
2024-05-25 09:00:00+05:30,38.8,23,977.2,0,19.3,24.9,36.7,416.9,218.0,554.1,9,146,5,0,0,91.72,50.0,275.24
2024-05-25 10:00:00+05:30,40.7,24,977.3,0,19.1,24.0,37.8,501.4,256.0,714.9,10,146,5,0,0,123.44,50.0,302.87
2024-05-25 11:00:00+05:30,42.7,22,976.9,0,18.0,22.6,37.8,550.5,281.0,822.9,11,146,5,0,0,145.5,50.0,333.24
2024-05-25 12:00:00+05:30,44.1,19,976.6,22,13.6,16.7,36.7,585.5,294.0,880.5,12,146,5,0,0,158.7,50.0,355.24
2024-05-25 13:00:00+05:30,44.4,16,976.0,34,7.0,8.4,30.6,375.3,306.0,665.6,13,146,5,0,0,126.73,12.9,342.03
2024-05-25 14:00:00+05:30,44.9,14,975.0,12,4.8,5.8,20.9,382.2,277.0,605.1,14,146,5,0,0,118.57,3.67,368.07
2024-05-25 15:00:00+05:30,45.4,13,974.4,42,7.9,9.4,20.5,411.0,258.0,550.6,15,146,5,0,0,110.74,18.52,376.18
2024-05-25 16:00:00+05:30,44.8,12,973.9,22,12.1,14.8,24.8,308.2,206.0,362.2,16,146,5,0,0,77.12,50.0,366.45
2024-05-25 17:00:00+05:30,44.5,11,973.4,36,14.5,18.6,27.4,187.8,157.0,198.6,17,146,5,0,0,46.09,50.0,361.63
2024-05-25 18:00:00+05:30,44.8,8,973.2,1,16.2,24.5,29.5,153.7,103.0,91.2,18,146,5,0,1,25.39,50.0,401.45
2024-05-25 19:00:00+05:30,42.7,9,973.5,6,15.8,29.3,27.0,27.2,23.0,0.0,19,146,5,0,1,0.0,50.0,368.24
2024-05-25 20:00:00+05:30,40.9,11,974.1,2,10.7,24.2,25.9,0.0,0.0,0.0,20,146,5,0,1,0.0,50.0,340.85
2024-05-25 21:00:00+05:30,39.2,12,974.7,0,9.1,20.4,17.6,0.0,0.0,0.0,21,146,5,0,1,0.0,50.0,315.95
2024-05-25 22:00:00+05:30,38.2,13,975.0,0,9.6,19.3,15.5,0.0,0.0,0.0,22,146,5,0,1,0.0,50.0,301.78
2024-05-25 23:00:00+05:30,37.7,14,975.0,0,10.9,22.1,17.6,0.0,0.0,0.0,23,146,5,0,1,0.0,50.0,294.83
2024-05-26 00:00:00+05:30,36.2,15,974.8,4,7.8,16.9,17.6,0.0,0.0,0.0,0,147,6,0,0,0.0,50.0,179.57
2024-05-26 01:00:00+05:30,35.5,15,974.4,1,7.1,19.3,15.8,0.0,0.0,0.0,1,147,6,0,0,0.0,50.0,170.43
2024-05-26 02:00:00+05:30,33.5,17,974.8,0,5.4,9.0,12.2,0.0,0.0,0.0,2,147,6,0,0,0.0,10.56,145.5
2024-05-26 03:00:00+05:30,33.6,18,974.5,0,5.4,6.4,10.8,0.0,0.0,0.0,3,147,6,0,0,0.0,5.54,146.7
2024-05-26 04:00:00+05:30,33.9,17,974.4,0,6.2,6.1,6.5,0.0,0.0,0.0,4,147,6,0,0,0.0,7.94,150.34
2024-05-26 05:00:00+05:30,34.4,17,974.9,0,7.8,9.3,9.0,0.0,0.0,0.0,5,147,6,0,0,0.0,18.51,156.49
2024-05-26 06:00:00+05:30,32.4,42,975.8,0,11.8,21.5,18.4,10.8,15.0,49.4,6,147,6,0,0,3.32,50.0,132.62
2024-05-26 07:00:00+05:30,34.2,37,976.6,0,10.2,20.3,19.1,123.8,90.0,173.2,7,147,6,0,0,22.07,50.0,194.02
2024-05-26 08:00:00+05:30,36.6,28,977.1,0,11.8,15.5,23.0,283.6,164.0,358.9,8,147,6,0,0,54.72,50.0,224.89
2024-05-26 09:00:00+05:30,38.9,25,977.4,2,15.0,19.4,30.2,409.0,218.0,548.3,9,147,6,0,0,90.74,50.0,216.66
2024-05-26 10:00:00+05:30,41.4,21,977.2,0,15.3,18.8,31.7,493.8,259.0,711.6,10,147,6,0,0,122.46,50.0,253.35
2024-05-26 11:00:00+05:30,43.6,16,976.8,0,16.3,19.9,33.8,548.2,284.0,823.9,11,147,6,0,0,144.95,50.0,287.32
2024-05-26 12:00:00+05:30,45.0,13,976.1,0,16.8,20.4,34.9,578.2,297.0,876.5,12,147,6,0,0,157.27,50.0,309.68
2024-05-26 13:00:00+05:30,46.2,11,975.1,41,15.5,19.1,35.3,527.9,296.0,804.3,13,147,6,0,0,148.77,50.0,329.3
2024-05-26 14:00:00+05:30,46.9,10,973.7,26,11.9,14.4,32.4,346.8,288.0,584.3,14,147,6,0,0,113.76,50.0,340.92
2024-05-26 15:00:00+05:30,48.1,9,972.4,100,15.8,19.7,29.9,449.1,259.0,581.1,15,147,6,0,0,114.74,50.0,361.16
2024-05-26 16:00:00+05:30,45.8,10,971.9,73,25.7,34.2,44.6,79.1,177.0,201.2,16,147,6,0,0,44.73,0.0,322.72
2024-05-26 17:00:00+05:30,45.8,10,971.5,2,20.9,27.9,47.2,179.3,154.0,193.2,17,147,6,0,0,44.61,50.0,322.72
2024-05-26 18:00:00+05:30,43.1,13,971.3,45,26.8,40.3,51.1,159.9,107.0,95.3,18,147,6,0,1,26.56,0.0,374.47
2024-05-26 19:00:00+05:30,41.7,15,971.8,12,17.1,30.3,43.6,18.0,22.0,0.0,19,147,6,0,1,0.0,50.0,352.9
2024-05-26 20:00:00+05:30,38.7,20,972.1,2,10.2,16.3,27.4,0.0,0.0,0.0,20,147,6,0,1,0.0,50.0,308.82
2024-05-26 21:00:00+05:30,37.0,24,972.6,7,6.9,8.9,11.5,0.0,0.0,0.0,21,147,6,0,1,0.0,14.33,285.27
2024-05-26 22:00:00+05:30,37.2,25,973.2,0,7.4,12.8,8.6,0.0,0.0,0.0,22,147,6,0,1,0.0,29.97,287.98
2024-05-26 23:00:00+05:30,37.3,21,973.2,0,10.6,24.2,15.1,0.0,0.0,0.0,23,147,6,0,1,0.0,50.0,289.34
2024-05-27 00:00:00+05:30,37.1,20,972.8,5,12.0,25.5,20.5,0.0,0.0,0.0,0,148,0,0,0,0.0,50.0,191.62
2024-05-27 01:00:00+05:30,35.8,22,972.5,0,11.0,24.5,19.1,0.0,0.0,0.0,1,148,0,0,0,0.0,50.0,174.32
2024-05-27 02:00:00+05:30,34.8,23,972.3,0,15.5,31.3,23.4,0.0,0.0,0.0,2,148,0,0,0,0.0,50.0,161.5
2024-05-27 03:00:00+05:30,36.4,19,972.5,0,22.0,40.2,36.4,0.0,0.0,0.0,3,148,0,0,0,0.0,0.0,182.22
2024-05-27 04:00:00+05:30,35.2,22,973.0,0,22.8,39.0,36.7,0.0,0.0,0.0,4,148,0,0,0,0.0,0.0,166.57
2024-05-27 05:00:00+05:30,33.8,30,973.3,0,20.3,35.5,38.2,0.0,0.0,0.0,5,148,0,0,0,0.0,0.0,149.12
2024-05-27 06:00:00+05:30,33.1,45,974.4,0,20.7,33.6,35.3,10.8,15.0,49.0,6,148,0,0,0,3.31,0.0,140.75
2024-05-27 07:00:00+05:30,33.6,45,974.7,0,19.1,27.8,34.2,127.4,91.0,175.8,7,148,0,0,0,22.41,50.0,186.7
2024-05-27 08:00:00+05:30,35.1,41,974.8,0,18.7,24.6,34.6,289.8,165.0,363.6,8,148,0,0,0,55.66,50.0,205.3
2024-05-27 09:00:00+05:30,37.0,35,974.9,0,17.7,22.6,35.6,419.6,218.0,556.1,9,148,0,1,0,92.56,50.0,310.27
2024-05-27 10:00:00+05:30,39.1,29,974.6,0,17.3,21.5,34.9,507.3,257.0,721.3,10,148,0,1,0,125.08,50.0,339.52
2024-05-27 11:00:00+05:30,41.2,25,974.1,0,17.3,21.8,36.0,563.3,283.0,837.5,11,148,0,1,0,148.54,50.0,370.34
2024-05-27 12:00:00+05:30,43.0,21,973.3,0,18.2,22.4,37.1,591.3,296.0,888.7,12,148,0,1,0,160.52,50.0,397.91
2024-05-27 13:00:00+05:30,44.6,18,972.6,0,20.0,25.3,39.6,594.4,298.0,871.2,13,148,0,1,0,160.64,50.0,387.24
2024-05-27 14:00:00+05:30,46.0,12,971.7,26,28.7,37.3,52.2,582.3,287.0,794.1,14,148,0,1,0,150.2,0.0,446.0
2024-05-27 15:00:00+05:30,46.5,9,970.7,15,20.6,26.1,53.3,421.2,263.0,563.8,15,148,0,1,0,112.39,50.0,454.27
2024-05-27 16:00:00+05:30,48.3,4,969.4,3,22.0,29.0,41.0,417.1,227.0,446.1,16,148,0,1,0,91.74,0.0,484.56
2024-05-27 17:00:00+05:30,46.5,4,969.4,0,31.9,43.5,54.4,323.5,177.0,269.0,17,148,0,1,0,59.73,0.0,454.27
2024-05-27 18:00:00+05:30,45.3,5,969.4,0,16.4,27.2,44.3,169.5,109.0,98.8,18,148,0,0,1,27.02,50.0,409.55
2024-05-27 19:00:00+05:30,42.1,5,969.9,0,11.6,24.9,27.4,35.8,25.0,0.0,19,148,0,0,1,0.0,50.0,359.0
2024-05-27 20:00:00+05:30,39.2,11,970.4,0,10.0,21.3,18.7,0.0,0.0,0.0,20,148,0,0,1,0.0,50.0,315.95
2024-05-27 21:00:00+05:30,37.8,18,971.3,0,11.6,22.6,19.4,0.0,0.0,0.0,21,148,0,0,1,0.0,50.0,296.21
2024-05-27 22:00:00+05:30,37.0,20,971.6,0,13.5,26.3,21.2,0.0,0.0,0.0,22,148,0,0,1,0.0,50.0,285.27
2024-05-27 23:00:00+05:30,36.0,20,971.3,0,12.8,24.7,22.7,0.0,0.0,0.0,23,148,0,0,1,0.0,50.0,271.94
2024-05-28 00:00:00+05:30,34.3,22,971.2,0,8.5,19.7,20.5,0.0,0.0,0.0,0,149,1,0,0,0.0,50.0,155.25
2024-05-28 01:00:00+05:30,33.3,22,970.7,0,11.0,21.4,16.6,0.0,0.0,0.0,1,149,1,0,0,0.0,50.0,143.11
2024-05-28 02:00:00+05:30,32.7,19,970.5,0,12.2,23.9,17.3,0.0,0.0,0.0,2,149,1,0,0,0.0,50.0,136.07
2024-05-28 03:00:00+05:30,33.5,14,970.9,0,16.3,32.7,31.3,0.0,0.0,0.0,3,149,1,0,0,0.0,50.0,145.5
2024-05-28 04:00:00+05:30,32.3,25,971.6,0,17.1,31.7,27.0,0.0,0.0,0.0,4,149,1,0,0,0.0,50.0,131.48
2024-05-28 05:00:00+05:30,31.9,40,971.6,0,20.5,35.4,33.8,0.0,0.0,0.0,5,149,1,0,0,0.0,0.0,126.98
2024-05-28 06:00:00+05:30,31.7,46,972.5,0,27.3,42.2,45.0,10.8,15.0,48.7,6,149,1,0,0,3.33,0.0,124.76
2024-05-28 07:00:00+05:30,31.9,49,973.4,0,27.8,39.8,47.5,127.1,91.0,175.6,7,149,1,0,0,22.53,0.0,166.98
2024-05-28 08:00:00+05:30,32.8,51,973.6,0,29.0,39.5,51.5,289.5,164.0,362.3,8,149,1,0,0,55.91,0.0,177.23
2024-05-28 09:00:00+05:30,34.2,50,973.9,0,29.5,39.2,52.9,417.8,218.0,554.9,9,149,1,1,0,93.37,0.0,274.02
2024-05-28 10:00:00+05:30,36.0,46,974.0,0,30.1,39.4,55.1,501.0,256.0,714.7,10,149,1,1,0,125.61,0.0,296.94
2024-05-28 11:00:00+05:30,38.0,41,973.5,0,29.4,38.6,55.4,551.3,281.0,823.9,11,149,1,1,0,148.36,0.0,323.99
2024-05-28 12:00:00+05:30,40.2,33,972.7,0,28.0,36.2,54.4,579.0,294.0,874.5,12,149,1,1,0,160.16,0.0,355.48
2024-05-28 13:00:00+05:30,41.7,29,972.2,0,29.1,37.6,53.6,584.2,295.0,858.5,13,149,1,1,0,160.57,0.0,341.9
2024-05-28 14:00:00+05:30,42.7,27,971.4,0,29.7,38.7,54.7,566.0,282.0,775.1,14,149,1,1,0,149.1,0.0,393.24
2024-05-28 15:00:00+05:30,43.4,22,970.9,72,27.9,36.2,54.7,515.5,255.0,629.1,15,149,1,1,0,125.53,0.0,404.17
2024-05-28 16:00:00+05:30,43.5,17,970.0,33,25.9,34.5,50.8,213.4,196.0,298.1,16,149,1,1,0,64.67,0.0,405.74
2024-05-28 17:00:00+05:30,43.2,18,969.3,0,28.8,38.6,49.3,248.6,166.0,231.0,17,149,1,1,0,52.77,0.0,401.03
2024-05-28 18:00:00+05:30,39.9,24,970.2,0,30.4,43.4,51.8,161.7,106.0,96.0,18,149,1,0,1,26.79,0.0,326.08
2024-05-28 19:00:00+05:30,38.7,27,970.4,0,27.2,43.2,52.2,26.6,25.0,0.0,19,149,1,0,1,0.0,0.0,308.82
2024-05-28 20:00:00+05:30,38.0,28,970.6,0,25.8,41.8,45.4,0.0,0.0,0.0,20,149,1,0,1,0.0,0.0,298.99
2024-05-28 21:00:00+05:30,37.3,29,971.0,0,27.9,45.1,45.4,0.0,0.0,0.0,21,149,1,0,1,0.0,0.0,289.34
2024-05-28 22:00:00+05:30,36.9,29,971.3,0,24.8,41.1,45.7,0.0,0.0,0.0,22,149,1,0,1,0.0,0.0,283.92
2024-05-28 23:00:00+05:30,36.4,32,971.5,0,22.6,38.5,40.7,0.0,0.0,0.0,23,149,1,0,1,0.0,0.0,277.22
2024-05-29 00:00:00+05:30,36.1,34,971.4,0,27.6,44.7,45.0,0.0,0.0,0.0,0,150,2,0,0,0.0,0.0,178.25
2024-05-29 01:00:00+05:30,35.0,38,971.6,0,29.3,46.1,50.4,0.0,0.0,0.0,1,150,2,0,0,0.0,0.0,164.03
2024-05-29 02:00:00+05:30,33.4,46,971.4,0,28.6,44.4,49.0,0.0,0.0,0.0,2,150,2,0,0,0.0,0.0,144.31
2024-05-29 03:00:00+05:30,32.1,52,971.6,0,27.8,43.0,47.5,0.0,0.0,0.0,3,150,2,0,0,0.0,0.0,129.22
2024-05-29 04:00:00+05:30,31.0,56,972.2,0,27.5,42.3,46.8,0.0,0.0,0.0,4,150,2,0,0,0.0,0.0,117.18
2024-05-29 05:00:00+05:30,30.1,59,972.6,0,26.7,40.7,46.1,0.0,0.0,0.0,5,150,2,0,0,0.0,0.0,107.89
2024-05-29 06:00:00+05:30,30.8,59,973.5,0,22.7,33.2,40.7,10.7,16.0,51.4,6,150,2,0,0,3.56,0.0,115.07
2024-05-29 07:00:00+05:30,30.9,59,974.0,0,24.0,32.6,42.1,122.8,92.0,175.5,7,150,2,0,0,22.72,0.0,156.12
2024-05-29 08:00:00+05:30,31.5,58,974.3,0,23.8,31.7,43.2,285.0,165.0,361.0,8,150,2,0,0,56.03,0.0,162.56
2024-05-29 09:00:00+05:30,32.9,54,974.6,0,25.6,33.8,47.2,414.6,218.0,552.6,9,150,2,1,0,93.43,0.0,258.4
2024-05-29 10:00:00+05:30,34.8,47,974.5,0,28.0,36.2,51.1,499.7,257.0,714.7,10,150,2,1,0,126.16,0.0,281.5
2024-05-29 11:00:00+05:30,36.9,41,974.0,0,29.0,37.7,54.0,552.3,283.0,827.1,11,150,2,1,0,149.47,0.0,308.92
2024-05-29 12:00:00+05:30,38.7,36,973.2,0,28.8,37.4,54.4,580.0,296.0,877.6,12,150,2,1,0,161.63,0.0,333.82
2024-05-29 13:00:00+05:30,40.3,33,972.7,0,28.0,36.1,54.0,585.0,296.0,860.5,13,150,2,1,0,161.79,0.0,320.95
2024-05-29 14:00:00+05:30,41.4,30,972.0,0,27.2,35.1,52.2,564.7,284.0,776.2,14,150,2,1,0,150.04,0.0,373.35
2024-05-29 15:00:00+05:30,41.8,29,971.5,0,26.5,34.6,50.8,519.9,260.0,637.5,15,150,2,1,0,127.85,0.0,379.42
2024-05-29 16:00:00+05:30,41.8,28,971.1,0,26.0,34.1,49.0,440.8,224.0,458.7,16,150,2,1,0,96.47,0.0,379.42
2024-05-29 17:00:00+05:30,40.9,30,971.1,0,26.1,34.8,47.2,318.0,174.0,265.5,17,150,2,1,0,60.19,0.0,365.85
2024-05-29 18:00:00+05:30,38.7,37,972.3,0,22.8,31.0,39.2,154.1,106.0,95.1,18,150,2,0,1,26.7,0.0,308.82
2024-05-29 19:00:00+05:30,37.4,39,972.9,5,21.3,31.9,40.0,26.5,25.0,0.0,19,150,2,0,1,0.0,0.0,290.71
2024-05-29 20:00:00+05:30,36.6,40,973.9,4,19.1,30.0,35.6,0.0,0.0,0.0,20,150,2,0,1,0.0,50.0,279.89
2024-05-29 21:00:00+05:30,36.0,40,974.5,0,17.2,28.4,32.0,0.0,0.0,0.0,21,150,2,0,1,0.0,50.0,271.94
2024-05-29 22:00:00+05:30,35.6,41,974.6,2,18.5,30.9,30.6,0.0,0.0,0.0,22,150,2,0,1,0.0,50.0,266.72
2024-05-29 23:00:00+05:30,35.0,42,974.5,4,19.0,32.1,31.3,0.0,0.0,0.0,23,150,2,0,1,0.0,0.0,259.03
2024-05-30 00:00:00+05:30,34.3,45,974.3,3,22.4,35.9,36.4,0.0,0.0,0.0,0,151,3,0,0,0.0,0.0,155.25
2024-05-30 01:00:00+05:30,32.7,55,974.2,1,24.5,37.8,40.7,0.0,0.0,0.0,1,151,3,0,0,0.0,0.0,136.07
2024-05-30 02:00:00+05:30,32.0,57,974.1,0,23.8,37.3,40.7,0.0,0.0,0.0,2,151,3,0,0,0.0,0.0,128.09
2024-05-30 03:00:00+05:30,31.3,59,974.4,0,25.0,38.2,41.4,0.0,0.0,0.0,3,151,3,0,0,0.0,0.0,120.39
2024-05-30 04:00:00+05:30,30.3,63,975.1,0,25.1,38.0,42.8,0.0,0.0,0.0,4,151,3,0,0,0.0,0.0,109.9
2024-05-30 05:00:00+05:30,29.4,67,975.3,0,24.7,36.7,42.5,0.0,0.0,0.0,5,151,3,0,0,0.0,0.0,101.04
2024-05-30 06:00:00+05:30,30.2,66,976.3,0,22.1,31.6,37.8,10.7,15.0,48.1,6,151,3,0,0,3.35,0.0,108.89
2024-05-30 07:00:00+05:30,30.6,65,976.9,0,21.6,29.5,38.5,118.6,91.0,172.5,7,151,3,0,0,22.41,0.0,152.98
2024-05-30 08:00:00+05:30,31.9,60,977.3,0,21.5,27.9,39.6,276.2,164.0,354.8,8,151,3,0,0,55.04,50.0,166.98
2024-05-30 09:00:00+05:30,33.6,53,977.7,0,21.3,27.2,40.0,405.3,218.0,545.8,9,151,3,1,0,92.05,50.0,266.7
2024-05-30 10:00:00+05:30,35.4,46,977.6,0,21.2,26.8,41.0,492.2,258.0,709.3,10,151,3,1,0,124.88,50.0,289.14
2024-05-30 11:00:00+05:30,37.6,38,977.1,0,19.9,25.3,41.0,546.8,285.0,823.9,11,151,3,1,0,148.4,50.0,318.45
2024-05-30 12:00:00+05:30,39.7,31,976.7,0,19.6,24.5,40.0,574.8,298.0,874.6,12,151,3,1,0,160.3,50.0,348.17
2024-05-30 13:00:00+05:30,41.4,25,975.8,0,19.3,24.2,39.6,578.8,300.0,858.7,13,151,3,1,0,160.57,50.0,337.35
2024-05-30 14:00:00+05:30,42.5,21,975.0,0,19.4,24.5,39.2,562.3,287.0,777.2,14,151,3,1,0,149.37,50.0,390.15
2024-05-30 15:00:00+05:30,43.1,18,974.3,0,18.8,23.7,38.9,518.3,263.0,639.5,15,151,3,1,0,127.38,50.0,399.47
2024-05-30 16:00:00+05:30,43.2,16,974.2,8,17.9,22.5,37.1,440.2,226.0,460.6,16,151,3,1,0,96.17,50.0,401.03
2024-05-30 17:00:00+05:30,42.7,15,974.2,19,16.9,22.0,34.2,285.4,173.0,252.2,17,151,3,1,0,57.06,50.0,393.24
2024-05-30 18:00:00+05:30,41.9,9,975.0,1,15.4,24.7,29.5,163.6,111.0,100.4,18,151,3,0,1,27.66,50.0,355.94
2024-05-30 19:00:00+05:30,39.6,14,975.5,0,18.4,32.8,29.5,35.1,26.0,0.0,19,151,3,0,1,0.0,0.0,321.72
2024-05-30 20:00:00+05:30,38.4,18,976.2,0,20.6,36.1,33.8,0.0,0.0,0.0,20,151,3,0,1,0.0,0.0,304.59
2024-05-30 21:00:00+05:30,37.3,22,976.6,0,20.1,35.6,33.8,0.0,0.0,0.0,21,151,3,0,1,0.0,0.0,289.34
2024-05-30 22:00:00+05:30,36.5,25,976.8,0,21.4,37.6,34.6,0.0,0.0,0.0,22,151,3,0,1,0.0,0.0,278.55
2024-05-30 23:00:00+05:30,36.2,27,976.8,0,23.5,39.8,38.2,0.0,0.0,0.0,23,151,3,0,1,0.0,0.0,274.57
2024-05-31 00:00:00+05:30,35.5,30,976.6,0,23.4,38.7,39.2,0.0,0.0,0.0,0,152,4,0,0,0.0,0.0,170.43
2024-05-31 01:00:00+05:30,34.3,35,976.3,0,24.5,39.6,40.0,0.0,0.0,0.0,1,152,4,0,0,0.0,0.0,155.25
2024-05-31 02:00:00+05:30,33.4,46,976.2,0,26.6,42.2,44.3,0.0,0.0,0.0,2,152,4,0,0,0.0,0.0,144.31
2024-05-31 03:00:00+05:30,32.6,53,976.4,0,26.1,40.4,44.3,0.0,0.0,0.0,3,152,4,0,0,0.0,0.0,134.92
2024-05-31 04:00:00+05:30,31.4,61,976.6,0,27.6,42.1,45.7,0.0,0.0,0.0,4,152,4,0,0,0.0,0.0,121.47
2024-05-31 05:00:00+05:30,30.1,67,977.0,0,27.5,41.9,46.8,0.0,0.0,0.0,5,152,4,0,0,0.0,0.0,107.89
2024-05-31 06:00:00+05:30,30.9,65,978.3,0,22.3,31.9,37.8,10.7,15.0,47.9,6,152,4,0,0,3.34,0.0,116.12
2024-05-31 07:00:00+05:30,31.1,64,979.1,0,22.5,30.5,39.6,114.5,91.0,170.9,7,152,4,0,0,22.26,0.0,158.24
2024-05-31 08:00:00+05:30,32.2,59,979.5,0,22.5,29.9,41.4,271.7,164.0,352.3,8,152,4,0,0,54.6,0.0,170.35
2024-05-31 09:00:00+05:30,34.0,51,979.9,0,23.2,30.3,43.2,399.1,220.0,543.5,9,152,4,1,0,91.51,0.0,271.56
2024-05-31 10:00:00+05:30,35.8,44,979.8,0,24.5,31.7,46.1,486.0,259.0,705.0,10,152,4,1,0,123.89,0.0,294.32
2024-05-31 11:00:00+05:30,37.5,38,979.3,0,25.1,32.0,47.5,540.3,286.0,818.7,11,152,4,1,0,147.54,0.0,317.08
2024-05-31 12:00:00+05:30,38.9,34,978.6,0,25.2,31.9,47.9,568.6,300.0,870.6,12,152,4,1,0,160.11,0.0,336.66
2024-05-31 13:00:00+05:30,40.2,30,977.7,0,24.6,31.3,47.9,571.6,302.0,853.8,13,152,4,1,0,160.53,0.0,319.48
2024-05-31 14:00:00+05:30,41.1,26,976.4,0,24.0,30.7,46.8,554.6,289.0,772.5,14,152,4,1,0,149.41,0.0,368.84
2024-05-31 15:00:00+05:30,41.7,22,975.8,1,22.5,28.9,45.7,513.2,264.0,636.9,15,152,4,1,0,127.61,0.0,377.9
2024-05-31 16:00:00+05:30,41.8,19,975.7,1,19.4,24.7,42.5,425.1,222.0,448.6,16,152,4,1,0,94.32,50.0,379.42
2024-05-31 17:00:00+05:30,41.4,18,975.5,0,18.1,23.7,36.4,312.6,176.0,266.0,17,152,4,1,0,60.05,50.0,373.35
2024-05-31 18:00:00+05:30,39.5,25,976.3,0,17.9,24.6,34.9,149.3,106.0,95.1,18,152,4,0,1,26.5,50.0,320.27
2024-05-31 19:00:00+05:30,38.2,27,976.5,0,14.2,24.3,30.6,26.1,26.0,0.0,19,152,4,0,1,0.0,50.0,301.78
2024-05-31 20:00:00+05:30,37.2,28,976.8,0,15.0,26.4,24.8,0.0,0.0,0.0,20,152,4,0,1,0.0,50.0,287.98
2024-05-31 21:00:00+05:30,36.1,30,977.4,0,13.1,24.5,24.8,0.0,0.0,0.0,21,152,4,0,1,0.0,50.0,273.25
2024-05-31 22:00:00+05:30,35.3,32,977.6,0,13.3,25.5,21.6,0.0,0.0,0.0,22,152,4,0,1,0.0,50.0,262.85
2024-05-31 23:00:00+05:30,35.1,33,977.8,0,16.8,29.6,27.0,0.0,0.0,0.0,23,152,4,0,1,0.0,50.0,260.3
2024-06-01 00:00:00+05:30,34.7,35,977.4,0,15.0,27.2,27.4,0.0,0.0,0.0,0,153,5,0,0,0.0,50.0,160.24
2024-06-01 01:00:00+05:30,33.6,38,977.1,0,11.0,21.4,24.5,0.0,0.0,0.0,1,153,5,0,0,0.0,50.0,146.7
2024-06-01 02:00:00+05:30,33.0,43,977.0,0,18.7,32.1,29.2,0.0,0.0,0.0,2,153,5,0,0,0.0,0.0,139.57
2024-06-01 03:00:00+05:30,32.0,51,977.1,0,21.2,32.9,36.4,0.0,0.0,0.0,3,153,5,0,0,0.0,0.0,128.09
2024-06-01 04:00:00+05:30,31.0,56,977.4,0,17.4,28.2,34.6,0.0,0.0,0.0,4,153,5,0,0,0.0,50.0,117.18
2024-06-01 05:00:00+05:30,30.3,60,977.9,0,19.8,30.5,32.4,0.0,0.0,0.0,5,153,5,0,0,0.0,0.0,109.9
2024-06-01 06:00:00+05:30,31.0,60,978.5,0,21.2,30.1,35.6,10.6,15.0,47.7,6,153,5,0,0,3.34,0.0,117.18
2024-06-01 07:00:00+05:30,31.2,59,979.2,0,21.7,29.2,38.2,110.4,90.0,167.9,7,153,5,0,0,21.92,0.0,159.31
2024-06-01 08:00:00+05:30,32.3,54,979.6,0,22.3,29.5,41.0,265.1,163.0,347.3,8,153,5,0,0,53.85,0.0,171.48
2024-06-01 09:00:00+05:30,33.7,49,980.0,0,22.4,28.8,42.1,389.9,218.0,534.4,9,153,5,0,0,90.14,0.0,207.91
2024-06-01 10:00:00+05:30,35.4,43,979.7,0,22.7,29.0,43.2,474.9,258.0,694.2,10,153,5,0,0,122.29,0.0,229.14
2024-06-01 11:00:00+05:30,36.9,38,979.4,0,22.2,28.3,43.9,530.5,285.0,808.3,11,153,5,0,0,146.13,0.0,248.92
2024-06-01 12:00:00+05:30,38.3,34,978.6,0,21.9,27.6,43.6,556.4,299.0,857.5,12,153,5,0,0,158.3,50.0,268.18
2024-06-01 13:00:00+05:30,39.5,29,977.8,0,21.0,26.4,43.6,560.4,299.0,840.1,13,153,5,0,0,158.65,50.0,267.27
2024-06-01 14:00:00+05:30,40.2,27,977.2,25,20.1,25.3,41.8,520.3,283.0,736.4,14,153,5,0,0,143.63,50.0,295.48
2024-06-01 15:00:00+05:30,40.8,23,976.4,4,18.2,22.8,39.6,479.3,265.0,612.2,15,153,5,0,0,123.57,50.0,304.36
2024-06-01 16:00:00+05:30,40.6,23,975.9,4,18.1,22.7,36.4,417.3,224.0,446.1,16,153,5,0,0,94.29,50.0,301.38
2024-06-01 17:00:00+05:30,40.3,21,975.8,21,16.3,21.2,34.6,284.1,171.0,251.0,17,153,5,0,0,57.18,50.0,296.95
2024-06-01 18:00:00+05:30,39.2,21,976.4,3,13.1,17.5,27.4,145.3,107.0,95.4,18,153,5,0,1,26.62,50.0,315.95
2024-06-01 19:00:00+05:30,37.5,23,976.9,2,9.6,19.2,22.7,34.7,25.0,0.0,19,153,5,0,1,0.0,50.0,292.08
2024-06-01 20:00:00+05:30,36.2,24,977.3,9,8.4,19.0,15.8,0.0,0.0,0.0,20,153,5,0,1,0.0,50.0,274.57
2024-06-01 21:00:00+05:30,34.3,27,977.7,20,7.1,13.8,13.3,0.0,0.0,0.0,21,153,5,0,1,0.0,32.81,250.25
2024-06-01 22:00:00+05:30,33.4,30,978.0,15,8.3,12.4,9.7,0.0,0.0,0.0,22,153,5,0,1,0.0,33.6,239.31
2024-06-01 23:00:00+05:30,34.1,30,978.2,5,5.9,9.7,9.7,0.0,0.0,0.0,23,153,5,0,1,0.0,13.71,247.79
2024-06-02 00:00:00+05:30,32.4,33,977.9,2,7.6,15.3,10.4,0.0,0.0,0.0,0,154,6,0,0,0.0,43.25,132.62
2024-06-02 01:00:00+05:30,33.0,33,977.9,2,11.5,24.8,18.0,0.0,0.0,0.0,1,154,6,0,0,0.0,50.0,139.57
2024-06-02 02:00:00+05:30,32.6,43,977.9,0,12.2,23.8,19.8,0.0,0.0,0.0,2,154,6,0,0,0.0,50.0,134.92
2024-06-02 03:00:00+05:30,31.8,50,978.2,0,12.6,23.2,19.8,0.0,0.0,0.0,3,154,6,0,0,0.0,50.0,125.86
2024-06-02 04:00:00+05:30,31.5,53,978.6,0,16.5,27.9,26.6,0.0,0.0,0.0,4,154,6,0,0,0.0,50.0,122.56
2024-06-02 05:00:00+05:30,30.9,55,979.1,0,18.2,29.7,29.9,0.0,0.0,0.0,5,154,6,0,0,0.0,50.0,116.12
2024-06-02 06:00:00+05:30,31.5,56,980.3,0,13.7,21.0,24.5,10.6,15.0,47.5,6,154,6,0,0,3.33,50.0,122.56
2024-06-02 07:00:00+05:30,31.9,56,981.3,0,10.8,14.1,23.8,110.2,90.0,167.8,7,154,6,0,0,21.84,50.0,166.98
2024-06-02 08:00:00+05:30,33.0,52,981.5,0,14.6,18.4,28.1,258.5,164.0,344.9,8,154,6,0,0,53.38,50.0,179.57
2024-06-02 09:00:00+05:30,34.5,47,981.7,0,16.8,20.9,33.1,386.8,219.0,533.2,9,154,6,0,0,89.61,50.0,157.74
2024-06-02 10:00:00+05:30,36.0,43,981.5,0,18.8,23.7,37.4,471.2,258.0,690.9,10,154,6,0,0,121.37,50.0,176.94
2024-06-02 11:00:00+05:30,37.6,36,981.0,1,19.9,25.0,40.0,521.8,286.0,801.0,11,154,6,0,0,144.42,50.0,198.45
2024-06-02 12:00:00+05:30,39.1,29,980.3,9,19.7,24.9,40.3,541.1,299.0,842.4,12,154,6,0,0,155.17,50.0,219.52
2024-06-02 13:00:00+05:30,39.9,25,979.4,7,18.4,22.5,40.0,475.4,313.0,771.3,13,154,6,0,0,146.76,50.0,231.08
2024-06-02 14:00:00+05:30,40.5,23,978.6,17,15.3,19.2,37.1,458.4,285.0,683.1,14,154,6,0,0,134.05,50.0,239.9
2024-06-02 15:00:00+05:30,40.7,21,977.9,16,13.8,17.1,32.8,432.4,256.0,568.2,15,154,6,0,0,115.45,50.0,242.87
2024-06-02 16:00:00+05:30,40.5,20,977.7,7,14.0,17.3,29.5,360.2,217.0,406.1,16,154,6,0,0,86.53,50.0,239.9
2024-06-02 17:00:00+05:30,39.9,20,977.5,7,12.6,15.6,28.8,281.5,172.0,251.2,17,154,6,0,0,57.28,50.0,231.08
2024-06-02 18:00:00+05:30,39.1,18,978.2,4,18.9,25.3,35.3,148.0,108.0,96.9,18,154,6,0,1,26.94,50.0,314.52
2024-06-02 19:00:00+05:30,37.7,19,978.7,3,13.0,22.7,32.0,25.8,26.0,0.0,19,154,6,0,1,0.0,50.0,294.83
2024-06-02 20:00:00+05:30,36.3,21,979.2,2,9.0,20.2,20.9,0.0,0.0,0.0,20,154,6,0,1,0.0,50.0,275.89
2024-06-02 21:00:00+05:30,35.2,23,979.6,1,8.3,19.1,14.4,0.0,0.0,0.0,21,154,6,0,1,0.0,50.0,261.57
2024-06-02 22:00:00+05:30,34.5,25,979.8,0,8.6,20.5,16.9,0.0,0.0,0.0,22,154,6,0,1,0.0,50.0,252.74
2024-06-02 23:00:00+05:30,32.7,29,980.0,0,8.2,14.8,13.3,0.0,0.0,0.0,23,154,6,0,1,0.0,45.19,231.07
2024-06-03 00:00:00+05:30,30.9,45,979.5,0,13.5,26.1,26.3,0.0,0.0,0.0,0,155,0,0,0,0.0,50.0,116.12
2024-06-03 01:00:00+05:30,30.6,45,978.8,1,9.4,19.9,21.6,0.0,0.0,0.0,1,155,0,0,0,0.0,50.0,112.98
2024-06-03 02:00:00+05:30,30.0,48,978.7,1,8.4,18.4,15.1,0.0,0.0,0.0,2,155,0,0,0,0.0,50.0,106.89
2024-06-03 03:00:00+05:30,29.7,47,978.3,0,8.0,19.0,13.7,0.0,0.0,0.0,3,155,0,0,0,0.0,50.0,103.93
2024-06-03 04:00:00+05:30,29.7,45,978.5,5,8.6,19.5,13.7,0.0,0.0,0.0,4,155,0,0,0,0.0,50.0,103.93
2024-06-03 05:00:00+05:30,29.8,43,978.8,0,9.7,21.4,15.1,0.0,0.0,0.0,5,155,0,0,0,0.0,50.0,104.91
2024-06-03 06:00:00+05:30,30.4,48,979.1,1,8.3,17.2,11.9,10.6,15.0,47.4,6,155,0,0,0,3.34,50.0,110.92
2024-06-03 07:00:00+05:30,32.2,43,980.1,0,11.3,21.7,20.2,110.1,90.0,167.7,7,155,0,0,0,21.8,50.0,170.35
2024-06-03 08:00:00+05:30,34.2,39,980.6,0,13.6,18.0,26.3,262.8,163.0,346.0,8,155,0,0,0,53.18,50.0,194.02
2024-06-03 09:00:00+05:30,36.2,36,981.0,0,14.2,18.1,29.2,388.4,219.0,534.4,9,155,0,1,0,89.07,50.0,299.57
2024-06-03 10:00:00+05:30,38.0,32,980.9,0,17.5,22.4,35.3,473.7,258.0,693.1,10,155,0,1,0,120.58,50.0,323.99
2024-06-03 11:00:00+05:30,39.5,26,980.7,11,19.6,24.5,38.9,526.2,285.0,804.2,11,155,0,1,0,143.62,50.0,345.27
2024-06-03 12:00:00+05:30,40.6,22,980.2,21,18.1,22.4,39.2,510.6,297.0,810.0,12,155,0,1,0,148.78,50.0,361.38
2024-06-03 13:00:00+05:30,41.0,21,979.2,8,16.9,20.9,36.7,435.0,297.0,716.3,13,155,0,1,0,136.58,50.0,331.34
2024-06-03 14:00:00+05:30,41.6,20,978.3,6,16.9,20.8,34.9,496.5,287.0,719.4,14,155,0,1,0,139.64,50.0,376.38
2024-06-03 15:00:00+05:30,41.8,19,977.7,4,16.0,19.9,34.6,471.5,262.0,604.2,15,155,0,1,0,121.38,50.0,379.42
2024-06-03 16:00:00+05:30,41.7,19,976.9,2,16.9,21.1,32.8,407.6,228.0,444.7,16,155,0,1,0,93.49,50.0,377.9
2024-06-03 17:00:00+05:30,41.1,19,976.5,1,17.7,22.7,33.1,298.7,176.0,261.8,17,155,0,1,0,59.11,50.0,368.84
2024-06-03 18:00:00+05:30,39.7,22,977.1,1,16.9,22.4,31.0,140.6,107.0,95.3,18,155,0,0,1,26.45,50.0,323.17
2024-06-03 19:00:00+05:30,38.3,23,977.3,0,13.0,22.9,28.8,25.7,27.0,0.0,19,155,0,0,1,0.0,50.0,303.18
2024-06-03 20:00:00+05:30,37.1,25,978.0,0,12.5,24.0,21.6,0.0,0.0,0.0,20,155,0,0,1,0.0,50.0,286.62
2024-06-03 21:00:00+05:30,36.3,26,978.5,0,12.7,25.5,21.2,0.0,0.0,0.0,21,155,0,0,1,0.0,50.0,275.89
2024-06-03 22:00:00+05:30,35.7,26,978.9,1,12.0,25.1,20.9,0.0,0.0,0.0,22,155,0,0,1,0.0,50.0,268.02
2024-06-03 23:00:00+05:30,35.1,27,978.8,0,13.3,26.6,21.2,0.0,0.0,0.0,23,155,0,0,1,0.0,50.0,260.3
2024-06-04 00:00:00+05:30,34.6,27,978.4,0,13.8,27.9,22.0,0.0,0.0,0.0,0,156,1,0,0,0.0,50.0,158.98
2024-06-04 01:00:00+05:30,34.3,28,978.0,0,14.3,28.5,23.0,0.0,0.0,0.0,1,156,1,0,0,0.0,50.0,155.25
2024-06-04 02:00:00+05:30,33.6,30,977.8,0,15.2,29.1,24.5,0.0,0.0,0.0,2,156,1,0,0,0.0,50.0,146.7
2024-06-04 03:00:00+05:30,32.9,31,977.6,0,17.1,31.0,27.4,0.0,0.0,0.0,3,156,1,0,0,0.0,50.0,138.4
2024-06-04 04:00:00+05:30,32.1,31,977.9,0,14.5,26.5,28.1,0.0,0.0,0.0,4,156,1,0,0,0.0,50.0,129.22
2024-06-04 05:00:00+05:30,31.1,34,978.7,0,19.4,32.9,31.3,0.0,0.0,0.0,5,156,1,0,0,0.0,0.0,118.24
2024-06-04 06:00:00+05:30,31.7,36,979.8,0,16.9,27.2,27.7,10.6,16.0,50.2,6,156,1,0,0,3.55,50.0,124.76
2024-06-04 07:00:00+05:30,32.0,42,980.5,0,20.5,27.7,34.9,110.1,91.0,169.1,7,156,1,0,0,22.01,50.0,168.09
2024-06-04 08:00:00+05:30,32.8,45,981.1,0,21.4,28.0,38.9,262.8,164.0,347.2,8,156,1,0,0,53.63,50.0,177.23
2024-06-04 09:00:00+05:30,34.4,41,981.3,0,21.6,27.7,40.3,385.3,219.0,532.1,9,156,1,1,0,89.33,50.0,276.49
2024-06-04 10:00:00+05:30,36.5,33,981.2,0,21.6,27.7,41.8,471.2,259.0,692.0,10,156,1,1,0,121.11,50.0,303.55
2024-06-04 11:00:00+05:30,38.2,28,980.8,0,21.7,27.5,42.5,526.2,286.0,805.3,11,156,1,1,0,144.53,50.0,326.78
2024-06-04 12:00:00+05:30,39.6,25,979.9,0,22.1,28.0,43.2,553.2,301.0,856.7,12,156,1,1,0,156.95,0.0,346.72
2024-06-04 13:00:00+05:30,40.5,22,979.0,0,23.3,29.4,44.6,559.0,301.0,841.3,13,156,1,1,0,157.83,0.0,323.9
2024-06-04 14:00:00+05:30,40.9,22,978.1,0,23.8,30.5,45.7,543.0,290.0,764.4,14,156,1,1,0,147.73,0.0,365.85
2024-06-04 15:00:00+05:30,40.9,21,977.1,0,24.4,31.3,45.7,497.4,265.0,627.3,15,156,1,1,0,125.96,0.0,365.85
2024-06-04 16:00:00+05:30,40.4,23,976.5,0,24.3,31.5,45.7,421.6,227.0,452.8,16,156,1,1,0,95.42,0.0,358.42
2024-06-04 17:00:00+05:30,39.8,23,976.5,0,24.0,31.8,44.3,304.0,176.0,264.4,17,156,1,1,0,59.87,0.0,349.63
2024-06-04 18:00:00+05:30,38.9,22,977.3,0,21.0,29.1,39.2,146.7,108.0,97.5,18,156,1,0,1,26.96,0.0,311.66
2024-06-04 19:00:00+05:30,37.7,21,977.4,0,18.5,29.7,36.4,34.1,27.0,0.0,19,156,1,0,1,0.0,50.0,294.83
2024-06-04 20:00:00+05:30,36.7,21,978.1,0,18.1,30.7,31.0,0.0,0.0,0.0,20,156,1,0,1,0.0,50.0,281.23
2024-06-04 21:00:00+05:30,35.9,22,978.9,0,18.0,31.5,29.9,0.0,0.0,0.0,21,156,1,0,1,0.0,50.0,270.63
2024-06-04 22:00:00+05:30,35.0,24,979.6,0,16.0,29.0,29.9,0.0,0.0,0.0,22,156,1,0,1,0.0,50.0,259.03
2024-06-04 23:00:00+05:30,34.2,27,979.6,0,14.6,27.8,25.9,0.0,0.0,0.0,23,156,1,0,1,0.0,50.0,249.02
2024-06-05 00:00:00+05:30,33.4,29,979.3,0,13.0,26.5,23.4,0.0,0.0,0.0,0,157,2,0,0,0.0,50.0,144.31
2024-06-05 01:00:00+05:30,32.9,35,978.9,0,17.3,30.3,28.8,0.0,0.0,0.0,1,157,2,0,0,0.0,50.0,138.4
2024-06-05 02:00:00+05:30,31.8,45,978.7,0,19.0,31.4,30.6,0.0,0.0,0.0,2,157,2,0,0,0.0,0.0,125.86
2024-06-05 03:00:00+05:30,30.9,51,978.7,0,18.7,30.4,33.1,0.0,0.0,0.0,3,157,2,0,0,0.0,50.0,116.12
2024-06-05 04:00:00+05:30,30.1,54,979.2,0,20.1,31.9,33.1,0.0,0.0,0.0,4,157,2,0,0,0.0,0.0,107.89
2024-06-05 05:00:00+05:30,29.1,58,979.8,0,21.4,33.2,35.6,0.0,0.0,0.0,5,157,2,0,0,0.0,0.0,98.22
2024-06-05 06:00:00+05:30,29.2,59,980.6,0,19.4,28.1,33.1,10.6,16.0,50.1,6,157,2,0,0,3.58,50.0,99.15
2024-06-05 07:00:00+05:30,29.7,60,981.3,0,20.1,27.0,35.6,110.0,92.0,170.5,7,157,2,0,0,22.4,50.0,143.93
2024-06-05 08:00:00+05:30,31.1,53,981.7,0,20.6,27.2,37.8,262.8,165.0,348.4,8,157,2,0,0,54.15,50.0,158.24
2024-06-05 09:00:00+05:30,32.8,46,981.8,0,21.4,27.5,40.3,388.5,221.0,536.6,9,157,2,1,0,90.58,50.0,257.23
2024-06-05 10:00:00+05:30,34.7,38,981.6,0,22.7,29.3,43.2,480.0,262.0,702.8,10,157,2,1,0,123.71,0.0,280.24
2024-06-05 11:00:00+05:30,36.2,35,980.8,0,23.9,30.5,45.7,533.8,291.0,817.8,11,157,2,1,0,147.75,0.0,299.57
2024-06-05 12:00:00+05:30,37.6,31,980.1,0,25.5,32.4,48.2,559.3,303.0,864.8,12,157,2,1,0,159.6,0.0,318.45
2024-06-05 13:00:00+05:30,39.1,24,979.1,0,26.1,33.8,49.7,564.9,305.0,851.3,13,157,2,1,0,160.39,0.0,303.52
2024-06-05 14:00:00+05:30,39.9,21,978.0,0,25.5,32.6,49.7,551.3,293.0,775.0,14,157,2,1,0,150.14,0.0,351.08
2024-06-05 15:00:00+05:30,40.1,20,977.2,0,24.4,31.6,47.9,508.9,267.0,638.5,15,157,2,1,0,128.33,0.0,354.01
2024-06-05 16:00:00+05:30,39.9,22,976.5,0,24.2,31.6,45.4,429.7,230.0,460.8,16,157,2,1,0,97.11,0.0,351.08
2024-06-05 17:00:00+05:30,39.1,23,976.4,0,24.1,31.7,44.3,311.2,178.0,269.5,17,157,2,1,0,61.01,0.0,339.52
2024-06-05 18:00:00+05:30,37.7,24,977.0,0,24.3,34.0,43.9,152.7,110.0,100.4,18,157,2,0,1,27.71,0.0,294.83
2024-06-05 19:00:00+05:30,36.3,28,977.6,0,19.7,31.2,41.8,33.9,28.0,0.0,19,157,2,0,1,0.0,0.0,275.89
2024-06-05 20:00:00+05:30,35.5,30,978.3,0,18.8,30.9,33.1,0.0,0.0,0.0,20,157,2,0,1,0.0,50.0,265.43
2024-06-05 21:00:00+05:30,34.8,32,979.1,0,15.1,26.4,31.3,0.0,0.0,0.0,21,157,2,0,1,0.0,50.0,256.5
2024-06-05 22:00:00+05:30,34.1,34,979.6,0,11.8,23.2,24.5,0.0,0.0,0.0,22,157,2,0,1,0.0,50.0,247.79
2024-06-05 23:00:00+05:30,33.5,36,980.1,0,11.3,22.7,18.7,0.0,0.0,0.0,23,157,2,0,1,0.0,50.0,240.5
2024-06-06 00:00:00+05:30,33.0,39,980.2,0,13.2,25.2,21.2,0.0,0.0,0.0,0,158,3,0,0,0.0,50.0,139.57
2024-06-06 01:00:00+05:30,32.3,45,979.7,0,16.6,28.9,27.0,0.0,0.0,0.0,1,158,3,0,0,0.0,50.0,131.48
2024-06-06 02:00:00+05:30,31.3,50,979.6,0,17.9,30.2,29.2,0.0,0.0,0.0,2,158,3,0,0,0.0,50.0,120.39
2024-06-06 03:00:00+05:30,30.4,53,979.7,0,19.4,31.3,32.4,0.0,0.0,0.0,3,158,3,0,0,0.0,0.0,110.92
2024-06-06 04:00:00+05:30,29.5,57,980.2,0,17.2,27.9,31.7,0.0,0.0,0.0,4,158,3,0,0,0.0,50.0,102.0
2024-06-06 05:00:00+05:30,28.6,63,980.9,0,19.0,29.7,31.0,0.0,0.0,0.0,5,158,3,0,0,0.0,50.0,93.67
2024-06-06 06:00:00+05:30,29.0,64,982.4,0,16.1,23.0,27.7,10.6,15.0,47.1,6,158,3,0,0,3.36,50.0,97.29
2024-06-06 07:00:00+05:30,29.3,64,983.1,0,16.7,22.2,30.2,106.1,91.0,167.6,7,158,3,0,0,22.11,50.0,140.09
2024-06-06 08:00:00+05:30,30.5,59,983.4,0,16.9,21.6,32.4,258.6,166.0,347.2,8,158,3,0,0,54.13,50.0,151.95
2024-06-06 09:00:00+05:30,32.3,51,983.7,0,16.3,20.9,33.1,388.6,222.0,537.7,9,158,3,1,0,90.9,50.0,251.48
2024-06-06 10:00:00+05:30,34.1,43,983.4,0,16.6,20.6,33.8,476.4,264.0,701.8,10,158,3,1,0,123.81,50.0,272.79
2024-06-06 11:00:00+05:30,36.0,36,982.9,0,16.8,21.1,35.3,530.7,291.0,814.8,11,158,3,1,0,147.31,50.0,296.94
2024-06-06 12:00:00+05:30,37.6,30,982.3,0,17.3,21.4,36.4,557.3,306.0,865.9,12,158,3,1,0,159.7,50.0,318.45
2024-06-06 13:00:00+05:30,38.7,27,981.4,0,17.8,22.2,37.1,559.8,306.0,847.4,13,158,3,1,0,159.96,50.0,297.82
2024-06-06 14:00:00+05:30,39.7,25,980.5,0,17.6,21.9,37.1,540.4,293.0,765.6,14,158,3,1,0,148.56,50.0,348.17
2024-06-06 15:00:00+05:30,40.0,24,979.6,0,17.3,21.6,36.4,495.4,268.0,629.4,15,158,3,1,0,126.68,50.0,352.54
2024-06-06 16:00:00+05:30,39.9,24,978.8,0,17.6,22.3,34.9,417.6,230.0,454.0,16,158,3,1,0,95.75,50.0,351.08
2024-06-06 17:00:00+05:30,39.2,26,978.1,0,18.2,23.6,34.6,302.7,178.0,266.5,17,158,3,1,0,60.35,50.0,340.95
2024-06-06 18:00:00+05:30,38.4,26,979.0,0,13.4,17.6,24.5,145.4,110.0,99.4,18,158,3,0,1,27.42,50.0,304.59
2024-06-06 19:00:00+05:30,37.0,29,979.0,0,10.1,19.2,23.0,33.7,27.0,0.0,19,158,3,0,1,0.0,50.0,285.27
2024-06-06 20:00:00+05:30,35.8,31,979.6,0,9.3,20.5,16.9,0.0,0.0,0.0,20,158,3,0,1,0.0,50.0,269.32
2024-06-06 21:00:00+05:30,35.0,33,980.3,0,7.4,17.9,15.1,0.0,0.0,0.0,21,158,3,0,1,0.0,50.0,259.03
2024-06-06 22:00:00+05:30,34.4,35,981.0,45,8.0,18.3,11.9,0.0,0.0,0.0,22,158,3,0,1,0.0,50.0,251.49
2024-06-06 23:00:00+05:30,34.2,37,980.3,10,12.9,23.8,19.8,0.0,0.0,0.0,23,158,3,0,1,0.0,50.0,249.02
2024-06-07 00:00:00+05:30,33.6,39,979.9,1,9.6,19.7,20.9,0.0,0.0,0.0,0,159,4,0,0,0.0,50.0,146.7
2024-06-07 01:00:00+05:30,32.6,44,979.4,1,9.6,18.7,16.6,0.0,0.0,0.0,1,159,4,0,0,0.0,50.0,134.92
2024-06-07 02:00:00+05:30,32.5,45,979.0,1,10.2,22.3,15.8,0.0,0.0,0.0,2,159,4,0,0,0.0,50.0,133.76
2024-06-07 03:00:00+05:30,32.2,46,978.7,0,12.5,25.4,20.2,0.0,0.0,0.0,3,159,4,0,0,0.0,50.0,130.35
2024-06-07 04:00:00+05:30,31.9,49,979.0,0,17.2,30.3,27.4,0.0,0.0,0.0,4,159,4,0,0,0.0,50.0,126.98
2024-06-07 05:00:00+05:30,31.2,54,979.4,5,17.8,30.0,29.5,0.0,0.0,0.0,5,159,4,0,0,0.0,50.0,119.31
2024-06-07 06:00:00+05:30,30.1,56,981.0,6,11.9,18.4,20.5,10.6,15.0,47.0,6,159,4,0,0,3.35,50.0,107.89
2024-06-07 07:00:00+05:30,30.9,53,981.3,83,13.0,17.7,24.5,90.4,91.0,161.9,7,159,4,0,0,21.61,50.0,156.12
2024-06-07 08:00:00+05:30,32.1,50,981.4,83,10.9,13.8,24.5,94.8,162.0,250.1,8,159,4,0,0,41.22,50.0,169.22
2024-06-07 09:00:00+05:30,34.1,44,981.4,11,9.3,11.5,22.3,211.2,246.0,433.8,9,159,4,1,0,75.16,34.3,272.79
2024-06-07 10:00:00+05:30,36.5,38,981.1,21,11.4,13.8,26.3,451.8,263.0,679.1,10,159,4,1,0,118.92,50.0,303.55
2024-06-07 11:00:00+05:30,38.0,35,980.8,20,12.4,15.2,29.2,517.7,285.0,796.0,11,159,4,1,0,142.92,50.0,323.99
2024-06-07 12:00:00+05:30,39.1,32,980.3,0,13.4,16.4,31.0,552.2,299.0,853.8,12,159,4,1,0,156.57,50.0,339.52
2024-06-07 13:00:00+05:30,40.0,30,979.2,0,14.4,17.1,32.0,561.7,299.0,842.6,13,159,4,1,0,158.12,50.0,316.54
2024-06-07 14:00:00+05:30,40.1,29,978.4,10,9.8,12.0,32.0,537.0,284.0,754.2,14,159,4,1,0,146.21,38.71,354.01
2024-06-07 15:00:00+05:30,39.8,28,977.4,55,15.9,19.4,31.7,440.3,262.0,581.7,15,159,4,1,0,118.03,50.0,349.63
2024-06-07 16:00:00+05:30,39.9,28,976.5,10,10.8,14.0,34.2,282.9,232.0,374.5,16,159,4,1,0,80.67,50.0,351.08
2024-06-07 17:00:00+05:30,39.7,25,975.9,37,17.7,22.8,32.8,237.3,171.0,234.5,17,159,4,1,0,53.79,50.0,348.17
2024-06-07 18:00:00+05:30,39.9,22,976.1,47,19.2,26.5,35.6,144.8,108.0,98.3,18,159,4,0,1,26.85,50.0,326.08
2024-06-07 19:00:00+05:30,38.2,24,976.9,12,14.7,23.2,36.0,25.1,24.0,0.0,19,159,4,0,1,0.0,50.0,301.78
2024-06-07 20:00:00+05:30,35.7,28,977.1,4,8.4,11.7,24.1,0.0,0.0,0.0,20,159,4,0,1,0.0,30.58,268.02
2024-06-07 21:00:00+05:30,35.4,29,977.6,8,4.8,5.8,9.7,0.0,0.0,0.0,21,159,4,0,1,0.0,3.79,264.14
2024-06-07 22:00:00+05:30,34.7,30,978.1,2,10.3,19.7,16.2,0.0,0.0,0.0,22,159,4,0,1,0.0,50.0,255.24
2024-06-07 23:00:00+05:30,34.4,30,978.1,1,12.5,26.6,19.4,0.0,0.0,0.0,23,159,4,0,1,0.0,50.0,251.49
2024-06-08 00:00:00+05:30,34.1,32,977.5,0,13.0,26.5,22.0,0.0,0.0,0.0,0,160,5,0,0,0.0,50.0,152.79
2024-06-08 01:00:00+05:30,33.6,35,977.0,0,13.6,26.6,21.6,0.0,0.0,0.0,1,160,5,0,0,0.0,50.0,146.7
2024-06-08 02:00:00+05:30,33.0,38,976.8,0,14.7,27.8,24.1,0.0,0.0,0.0,2,160,5,0,0,0.0,50.0,139.57
2024-06-08 03:00:00+05:30,32.4,44,976.8,0,16.6,29.8,26.6,0.0,0.0,0.0,3,160,5,0,0,0.0,50.0,132.62
2024-06-08 04:00:00+05:30,31.9,47,977.2,0,19.8,33.2,32.4,0.0,0.0,0.0,4,160,5,0,0,0.0,0.0,126.98
2024-06-08 05:00:00+05:30,31.0,53,977.5,0,19.2,31.6,32.8,0.0,0.0,0.0,5,160,5,0,0,0.0,0.0,117.18
2024-06-08 06:00:00+05:30,27.6,59,979.2,73,7.2,16.3,14.4,10.6,15.0,47.0,6,160,5,0,0,3.38,45.73,85.26
2024-06-08 07:00:00+05:30,25.7,73,981.3,97,7.0,12.3,35.3,31.5,66.0,105.1,7,160,5,0,0,15.27,27.18,112.59
2024-06-08 08:00:00+05:30,27.0,65,980.1,4,10.5,17.3,36.0,82.0,80.0,143.2,8,160,5,0,0,23.64,50.0,120.71
2024-06-08 09:00:00+05:30,30.3,51,980.7,2,4.6,5.6,20.2,356.7,229.0,522.0,9,160,5,0,0,89.31,3.36,169.9
2024-06-08 10:00:00+05:30,33.2,42,980.4,1,7.1,8.7,20.5,455.6,260.0,679.2,10,160,5,0,0,120.49,14.59,201.93
2024-06-08 11:00:00+05:30,35.4,37,979.9,0,7.7,9.2,22.7,510.2,288.0,791.9,11,160,5,0,0,143.82,17.88,229.14
2024-06-08 12:00:00+05:30,37.0,35,979.2,0,4.0,4.7,22.7,538.0,302.0,842.7,12,160,5,0,0,156.17,1.72,250.27
2024-06-08 13:00:00+05:30,38.1,34,978.2,2,4.8,5.6,20.2,542.4,302.0,826.9,13,160,5,0,0,156.78,3.49,247.38
2024-06-08 14:00:00+05:30,38.9,32,977.2,2,7.4,8.9,21.6,519.8,290.0,744.8,14,160,5,0,0,145.32,15.74,276.66
2024-06-08 15:00:00+05:30,39.2,26,976.2,4,13.3,15.9,28.8,476.9,265.0,613.1,15,160,5,0,0,124.01,50.0,280.95
2024-06-08 16:00:00+05:30,38.9,25,975.4,0,12.9,15.7,29.2,390.7,224.0,433.3,16,160,5,0,0,92.0,50.0,276.66
2024-06-08 17:00:00+05:30,38.4,27,975.0,0,13.0,16.7,27.0,305.3,177.0,267.7,17,160,5,0,0,60.62,50.0,269.59
2024-06-08 18:00:00+05:30,37.4,27,975.0,20,15.8,20.6,28.4,131.1,105.0,94.1,18,160,5,0,1,26.09,50.0,290.71
2024-06-08 19:00:00+05:30,35.7,27,975.5,16,9.8,18.4,28.8,33.3,27.0,0.0,19,160,5,0,1,0.0,50.0,268.02
2024-06-08 20:00:00+05:30,34.5,29,976.2,5,6.2,10.3,15.5,0.0,0.0,0.0,20,160,5,0,1,0.0,16.28,252.74
2024-06-08 21:00:00+05:30,34.0,30,977.1,1,8.6,17.6,16.6,0.0,0.0,0.0,21,160,5,0,1,0.0,50.0,246.56
2024-06-08 22:00:00+05:30,33.8,33,977.5,0,7.2,18.0,13.3,0.0,0.0,0.0,22,160,5,0,1,0.0,50.0,244.12
2024-06-08 23:00:00+05:30,33.5,39,977.8,0,10.4,21.9,16.2,0.0,0.0,0.0,23,160,5,0,1,0.0,50.0,240.5
2024-06-09 00:00:00+05:30,33.2,42,977.4,0,14.1,26.0,22.7,0.0,0.0,0.0,0,161,6,0,0,0.0,50.0,141.93
2024-06-09 01:00:00+05:30,32.5,43,976.6,0,14.4,26.1,23.0,0.0,0.0,0.0,1,161,6,0,0,0.0,50.0,133.76
2024-06-09 02:00:00+05:30,31.8,44,976.3,0,14.5,26.3,23.8,0.0,0.0,0.0,2,161,6,0,0,0.0,50.0,125.86
2024-06-09 03:00:00+05:30,31.2,45,976.3,0,14.5,26.4,23.8,0.0,0.0,0.0,3,161,6,0,0,0.0,50.0,119.31
2024-06-09 04:00:00+05:30,30.7,46,976.4,0,13.0,24.5,23.4,0.0,0.0,0.0,4,161,6,0,0,0.0,50.0,114.02
2024-06-09 05:00:00+05:30,30.1,47,976.6,0,11.6,22.1,20.9,0.0,0.0,0.0,5,161,6,0,0,0.0,50.0,107.89
2024-06-09 06:00:00+05:30,29.3,43,978.5,0,9.4,16.2,13.3,10.6,16.0,50.0,6,161,6,0,0,3.58,50.0,100.09
2024-06-09 07:00:00+05:30,31.6,41,979.4,0,9.9,17.9,18.4,106.2,91.0,167.6,7,161,6,0,0,21.86,50.0,163.66
2024-06-09 08:00:00+05:30,33.6,39,979.7,0,12.0,15.9,23.8,258.9,164.0,344.8,8,161,6,0,0,52.93,50.0,186.7
2024-06-09 09:00:00+05:30,35.0,37,979.8,0,16.0,20.4,32.4,386.0,220.0,533.3,9,161,6,0,0,88.99,50.0,164.03
2024-06-09 10:00:00+05:30,36.9,32,979.6,0,14.3,17.6,32.8,473.1,260.0,694.3,10,161,6,0,0,120.91,50.0,188.92
2024-06-09 11:00:00+05:30,38.5,28,979.3,0,13.3,16.2,30.6,526.6,288.0,807.6,11,161,6,0,0,144.32,50.0,210.99
2024-06-09 12:00:00+05:30,39.8,25,978.6,3,14.0,16.9,31.3,553.2,301.0,857.0,12,161,6,0,0,156.45,50.0,229.63
2024-06-09 13:00:00+05:30,40.5,23,977.6,8,13.7,17.0,31.7,547.4,303.0,832.9,13,161,6,0,0,156.03,50.0,239.9
2024-06-09 14:00:00+05:30,40.9,20,976.9,27,12.4,15.3,31.0,430.5,286.0,660.8,14,161,6,0,0,129.38,50.0,245.85
2024-06-09 15:00:00+05:30,41.4,18,976.1,28,11.6,14.1,27.7,385.0,264.0,541.4,15,161,6,0,0,109.79,50.0,253.35
2024-06-09 16:00:00+05:30,41.4,18,975.7,34,11.5,14.4,25.9,341.2,220.0,400.2,16,161,6,0,0,84.66,50.0,253.35
2024-06-09 17:00:00+05:30,40.4,19,975.3,43,15.8,19.5,29.5,220.7,169.0,226.8,17,161,6,0,0,51.99,50.0,238.42
2024-06-09 18:00:00+05:30,40.1,17,975.5,10,12.2,17.6,27.4,133.9,106.0,95.6,18,161,6,0,1,26.11,50.0,329.01
2024-06-09 19:00:00+05:30,38.0,19,975.9,30,6.3,15.0,20.9,33.1,27.0,0.0,19,161,6,0,1,0.0,31.94,298.99
2024-06-09 20:00:00+05:30,37.2,22,976.5,35,16.7,27.8,26.3,0.0,0.0,0.0,20,161,6,0,1,0.0,50.0,287.98
2024-06-09 21:00:00+05:30,36.2,24,977.0,26,13.0,25.1,28.1,0.0,0.0,0.0,21,161,6,0,1,0.0,50.0,274.57
2024-06-09 22:00:00+05:30,35.6,24,977.4,36,11.6,23.7,22.7,0.0,0.0,0.0,22,161,6,0,1,0.0,50.0,266.72
2024-06-09 23:00:00+05:30,34.6,25,977.5,18,7.3,16.9,18.4,0.0,0.0,0.0,23,161,6,0,1,0.0,50.0,253.98
2024-06-10 00:00:00+05:30,33.4,27,977.1,16,6.2,10.8,11.2,0.0,0.0,0.0,0,162,0,0,0,0.0,17.8,144.31
2024-06-10 01:00:00+05:30,33.0,28,976.8,17,4.9,7.7,9.0,0.0,0.0,0.0,1,162,0,0,0,0.0,6.9,139.57
2024-06-10 02:00:00+05:30,31.2,32,976.5,15,7.2,10.1,8.6,0.0,0.0,0.0,2,162,0,0,0,0.0,19.47,119.31
2024-06-10 03:00:00+05:30,30.5,34,976.5,0,4.6,4.7,9.4,0.0,0.0,0.0,3,162,0,0,0,0.0,2.8,111.95
2024-06-10 04:00:00+05:30,31.3,33,976.8,0,0.8,2.1,6.1,0.0,0.0,0.0,4,162,0,0,0,0.0,0.0,120.39
2024-06-10 05:00:00+05:30,29.2,37,976.9,0,7.0,7.6,7.9,0.0,0.0,0.0,5,162,0,0,0,0.0,12.01,99.15
2024-06-10 06:00:00+05:30,30.5,39,978.6,0,3.0,5.8,6.1,10.6,16.0,50.0,6,162,0,0,0,3.56,1.72,111.95
2024-06-10 07:00:00+05:30,32.0,36,978.9,0,2.8,5.8,7.9,110.3,91.0,169.0,7,162,0,0,0,21.89,1.49,168.09
2024-06-10 08:00:00+05:30,34.4,30,979.5,0,5.1,6.5,14.0,261.3,164.0,346.0,8,162,0,0,0,52.87,5.26,196.49
2024-06-10 09:00:00+05:30,36.7,27,979.5,0,7.6,9.0,19.4,387.7,220.0,534.5,9,162,0,1,0,88.47,16.81,306.23
2024-06-10 10:00:00+05:30,38.7,23,979.6,0,8.7,10.5,22.7,474.5,260.0,695.5,10,162,0,1,0,120.08,26.32,333.82
2024-06-10 11:00:00+05:30,40.1,21,979.3,17,8.2,10.0,23.0,526.7,289.0,808.7,11,162,0,1,0,143.41,22.21,354.01
2024-06-10 12:00:00+05:30,41.1,19,978.6,9,9.0,10.8,24.1,488.3,316.0,807.4,12,162,0,1,0,147.58,28.68,368.84
2024-06-10 13:00:00+05:30,41.9,16,977.6,10,11.0,12.8,26.3,499.9,304.0,787.7,13,162,0,1,0,147.54,50.0,344.94
2024-06-10 14:00:00+05:30,42.3,15,976.9,16,12.6,15.2,28.1,448.4,298.0,688.6,14,162,0,1,0,133.43,50.0,387.07
2024-06-10 15:00:00+05:30,42.1,14,976.4,10,14.8,18.2,30.6,427.5,258.0,569.2,15,162,0,1,0,114.36,50.0,384.0
2024-06-10 16:00:00+05:30,42.0,14,976.1,8,13.5,16.8,30.6,378.2,227.0,429.2,16,162,0,1,0,89.97,50.0,382.47
2024-06-10 17:00:00+05:30,41.6,14,975.7,13,10.9,13.8,27.7,284.6,177.0,260.0,17,162,0,1,0,58.28,50.0,376.38
2024-06-10 18:00:00+05:30,41.0,13,975.8,23,13.8,20.2,27.7,113.8,105.0,91.3,18,162,0,0,1,25.18,50.0,342.34
2024-06-10 19:00:00+05:30,39.1,16,976.3,71,11.2,22.5,23.0,24.7,22.0,0.0,19,162,0,0,1,0.0,50.0,314.52
2024-06-10 20:00:00+05:30,35.1,32,977.3,65,24.4,36.4,41.4,0.0,0.0,0.0,20,162,0,0,1,0.0,0.0,260.3
2024-06-10 21:00:00+05:30,34.3,35,977.7,19,20.2,35.1,40.3,0.0,0.0,0.0,21,162,0,0,1,0.0,0.0,250.25
2024-06-10 22:00:00+05:30,34.0,35,978.2,3,21.4,35.6,37.8,0.0,0.0,0.0,22,162,0,0,1,0.0,0.0,246.56
2024-06-10 23:00:00+05:30,33.5,37,978.4,2,15.9,29.0,35.3,0.0,0.0,0.0,23,162,0,0,1,0.0,50.0,240.5
2024-06-11 00:00:00+05:30,33.1,38,978.1,1,14.8,27.6,26.3,0.0,0.0,0.0,0,163,1,0,0,0.0,50.0,140.75
2024-06-11 01:00:00+05:30,32.6,39,977.7,0,14.0,25.8,23.8,0.0,0.0,0.0,1,163,1,0,0,0.0,50.0,134.92
2024-06-11 02:00:00+05:30,32.4,39,977.3,0,14.8,27.8,23.8,0.0,0.0,0.0,2,163,1,0,0,0.0,50.0,132.62
2024-06-11 03:00:00+05:30,32.3,38,977.4,0,18.1,31.6,29.2,0.0,0.0,0.0,3,163,1,0,0,0.0,50.0,131.48
2024-06-11 04:00:00+05:30,31.9,40,977.8,0,20.7,34.4,33.8,0.0,0.0,0.0,4,163,1,0,0,0.0,0.0,126.98
2024-06-11 05:00:00+05:30,31.0,47,978.0,0,22.4,36.2,37.4,0.0,0.0,0.0,5,163,1,0,0,0.0,0.0,117.18
2024-06-11 06:00:00+05:30,30.7,55,978.9,0,14.5,23.2,25.6,10.6,15.0,47.1,6,163,1,0,0,3.34,50.0,114.02
2024-06-11 07:00:00+05:30,31.5,54,979.6,0,18.3,25.2,32.0,106.5,90.0,166.2,7,163,1,0,0,21.62,50.0,162.56
2024-06-11 08:00:00+05:30,32.7,49,979.9,0,20.7,27.1,38.2,257.2,163.0,342.4,8,163,1,0,0,52.7,50.0,176.07
2024-06-11 09:00:00+05:30,33.9,51,980.0,0,19.8,25.1,38.5,380.3,219.0,527.7,9,163,1,1,0,88.44,50.0,270.34
2024-06-11 10:00:00+05:30,35.9,43,979.8,0,18.5,23.0,37.8,463.5,259.0,684.7,10,163,1,1,0,119.78,50.0,295.63
2024-06-11 11:00:00+05:30,37.9,35,979.4,0,17.7,21.7,36.7,516.0,287.0,796.3,11,163,1,1,0,142.76,50.0,322.6
2024-06-11 12:00:00+05:30,39.5,28,978.8,1,16.9,20.6,36.4,543.1,301.0,847.0,12,163,1,1,0,154.92,50.0,345.27
2024-06-11 13:00:00+05:30,40.8,24,978.1,11,16.1,19.8,35.3,542.2,302.0,827.2,13,163,1,1,0,154.75,50.0,328.36
2024-06-11 14:00:00+05:30,41.2,22,977.3,13,14.4,17.7,34.2,484.2,290.0,713.6,14,163,1,1,0,138.29,50.0,370.34
2024-06-11 15:00:00+05:30,41.5,20,976.4,25,11.6,14.2,31.3,431.9,256.0,571.1,15,163,1,1,0,114.93,50.0,374.86
2024-06-11 16:00:00+05:30,41.4,20,976.0,23,12.0,14.9,26.3,327.5,215.0,388.2,16,163,1,1,0,82.2,50.0,373.35
2024-06-11 17:00:00+05:30,41.0,20,975.4,38,10.8,13.4,25.2,262.6,173.0,248.1,17,163,1,1,0,55.97,50.0,367.34
2024-06-11 18:00:00+05:30,41.1,15,975.6,44,8.0,12.2,15.8,106.9,107.0,91.5,18,163,1,0,1,25.37,30.26,343.84
2024-06-11 19:00:00+05:30,38.8,18,976.2,81,8.5,16.9,13.7,24.6,25.0,0.0,19,163,1,0,1,0.0,50.0,310.24
2024-06-11 20:00:00+05:30,37.6,20,976.7,21,10.1,19.4,16.6,0.0,0.0,0.0,20,163,1,0,1,0.0,50.0,293.45
2024-06-11 21:00:00+05:30,35.3,32,977.2,6,17.4,30.0,28.1,0.0,0.0,0.0,21,163,1,0,1,0.0,50.0,262.85
2024-06-11 22:00:00+05:30,34.4,34,977.5,3,18.5,32.7,31.0,0.0,0.0,0.0,22,163,1,0,1,0.0,0.0,251.49
2024-06-11 23:00:00+05:30,34.1,33,977.6,1,15.2,28.1,29.9,0.0,0.0,0.0,23,163,1,0,1,0.0,50.0,247.79
2024-06-12 00:00:00+05:30,33.3,35,977.4,1,12.7,25.3,24.5,0.0,0.0,0.0,0,164,2,0,0,0.0,50.0,143.11
2024-06-12 01:00:00+05:30,32.9,36,977.1,1,12.2,25.6,20.5,0.0,0.0,0.0,1,164,2,0,0,0.0,50.0,138.4
2024-06-12 02:00:00+05:30,32.9,39,977.2,1,18.4,32.1,29.5,0.0,0.0,0.0,2,164,2,0,0,0.0,0.0,138.4
2024-06-12 03:00:00+05:30,31.6,52,977.2,1,22.8,36.7,37.1,0.0,0.0,0.0,3,164,2,0,0,0.0,0.0,123.66
2024-06-12 04:00:00+05:30,30.9,56,977.5,1,22.4,36.1,38.5,0.0,0.0,0.0,4,164,2,0,0,0.0,0.0,116.12
2024-06-12 05:00:00+05:30,30.1,61,978.1,0,21.1,33.3,37.1,0.0,0.0,0.0,5,164,2,0,0,0.0,0.0,107.89
2024-06-12 06:00:00+05:30,29.6,64,979.4,0,16.6,24.1,31.7,10.6,15.0,47.2,6,164,2,0,0,3.35,50.0,102.96
2024-06-12 07:00:00+05:30,29.8,66,980.1,0,18.1,24.2,32.8,102.7,89.0,163.4,7,164,2,0,0,21.45,50.0,144.91
2024-06-12 08:00:00+05:30,30.8,63,980.6,0,17.9,23.1,34.6,246.6,163.0,336.4,8,164,2,0,0,52.3,50.0,155.07
2024-06-12 09:00:00+05:30,32.4,57,981.0,0,16.8,21.2,33.8,369.8,219.0,519.9,9,164,2,1,0,87.77,50.0,252.62
2024-06-12 10:00:00+05:30,34.1,50,980.9,0,18.0,22.7,36.4,452.6,260.0,676.2,10,164,2,1,0,119.3,50.0,272.79
2024-06-12 11:00:00+05:30,35.9,44,980.4,0,18.7,23.7,38.5,505.3,288.0,787.0,11,164,2,1,0,142.46,50.0,295.63
2024-06-12 12:00:00+05:30,37.5,39,979.9,6,17.9,22.4,38.5,531.0,302.0,836.0,12,164,2,1,0,154.45,50.0,317.08
2024-06-12 13:00:00+05:30,38.7,35,978.9,9,17.4,21.6,37.1,513.9,313.0,810.5,13,164,2,1,0,153.42,50.0,297.82
2024-06-12 14:00:00+05:30,39.6,31,978.2,12,16.3,20.4,36.0,496.8,302.0,736.6,14,164,2,1,0,143.29,50.0,346.72
2024-06-12 15:00:00+05:30,39.5,29,977.8,21,14.5,17.9,34.2,432.8,265.0,580.4,15,164,2,1,0,117.69,50.0,345.27
2024-06-12 16:00:00+05:30,39.5,27,977.0,24,8.2,9.8,30.6,241.0,190.0,313.8,16,164,2,1,0,67.98,21.42,345.27
2024-06-12 17:00:00+05:30,39.0,26,976.5,44,14.5,17.8,27.0,234.9,158.0,224.9,17,164,2,1,0,51.34,50.0,338.09
2024-06-12 18:00:00+05:30,37.7,21,977.1,15,9.0,11.6,24.1,106.5,96.0,84.5,18,164,2,0,1,23.48,32.81,294.83
2024-06-12 19:00:00+05:30,36.0,23,977.3,10,5.4,12.7,15.5,32.6,27.0,0.0,19,164,2,0,1,0.0,19.54,271.94
2024-06-12 20:00:00+05:30,34.3,26,977.4,11,8.7,13.2,9.4,0.0,0.0,0.0,20,164,2,0,1,0.0,39.74,250.25
2024-06-12 21:00:00+05:30,33.7,27,978.2,9,5.6,12.9,10.1,0.0,0.0,0.0,21,164,2,0,1,0.0,21.28,242.91
2024-06-12 22:00:00+05:30,33.5,28,978.4,14,8.9,21.4,13.3,0.0,0.0,0.0,22,164,2,0,1,0.0,50.0,240.5
2024-06-12 23:00:00+05:30,33.2,29,978.4,70,11.0,24.0,17.6,0.0,0.0,0.0,23,164,2,0,1,0.0,50.0,236.93
2024-06-13 00:00:00+05:30,33.2,31,978.1,6,11.6,24.5,18.4,0.0,0.0,0.0,0,165,3,0,0,0.0,50.0,141.93
2024-06-13 01:00:00+05:30,33.4,33,977.6,45,17.6,30.3,28.1,0.0,0.0,0.0,1,165,3,0,0,0.0,50.0,144.31
2024-06-13 02:00:00+05:30,32.9,45,977.5,95,19.3,31.2,31.7,0.0,0.0,0.0,2,165,3,0,0,0.0,0.0,138.4
2024-06-13 03:00:00+05:30,31.9,54,977.7,0,19.9,30.9,33.1,0.0,0.0,0.0,3,165,3,0,0,0.0,0.0,126.98
2024-06-13 04:00:00+05:30,30.8,58,978.2,13,21.7,33.5,36.4,0.0,0.0,0.0,4,165,3,0,0,0.0,0.0,115.07
2024-06-13 05:00:00+05:30,29.9,62,978.4,25,23.4,35.3,38.9,0.0,0.0,0.0,5,165,3,0,0,0.0,0.0,105.89
2024-06-13 06:00:00+05:30,29.7,66,979.2,14,19.4,27.0,34.2,10.7,15.0,47.3,6,165,3,0,0,3.35,50.0,103.93
2024-06-13 07:00:00+05:30,29.9,65,980.0,32,21.0,28.0,36.7,83.1,85.0,150.7,7,165,3,0,0,20.16,50.0,145.89
2024-06-13 08:00:00+05:30,30.2,63,980.5,54,22.2,29.3,40.3,147.2,153.0,268.4,8,165,3,0,0,43.28,0.0,148.89
2024-06-13 09:00:00+05:30,31.4,57,980.6,28,23.3,30.1,42.8,254.9,209.0,423.9,9,165,3,1,0,73.31,0.0,241.47
2024-06-13 10:00:00+05:30,32.7,52,980.7,44,23.0,29.8,43.2,292.0,256.0,531.5,10,165,3,1,0,96.55,0.0,256.07
2024-06-13 11:00:00+05:30,34.3,45,980.0,33,23.6,30.2,43.9,311.3,265.0,576.2,11,165,3,1,0,108.1,0.0,275.25
2024-06-13 12:00:00+05:30,36.3,37,979.2,27,24.5,31.2,46.1,395.0,307.0,705.3,12,165,3,1,0,133.42,0.0,300.89
2024-06-13 13:00:00+05:30,38.0,30,978.0,4,24.6,31.3,47.5,484.6,310.0,779.1,13,165,3,1,0,148.54,0.0,287.99
2024-06-13 14:00:00+05:30,38.8,27,977.0,0,24.0,30.8,46.8,469.1,294.0,704.2,14,165,3,1,0,138.06,0.0,335.24
2024-06-13 15:00:00+05:30,39.2,25,976.1,0,24.7,31.7,46.1,477.5,267.0,617.4,15,165,3,1,0,124.5,0.0,340.95
2024-06-13 16:00:00+05:30,38.9,26,975.3,0,24.4,31.9,46.1,412.8,229.0,453.3,16,165,3,1,0,95.6,0.0,336.66
2024-06-13 17:00:00+05:30,38.2,27,974.8,0,23.3,30.7,45.0,298.5,178.0,267.8,17,165,3,1,0,60.51,0.0,326.78
2024-06-13 18:00:00+05:30,37.6,26,975.6,0,18.8,25.7,34.2,154.4,112.0,105.0,18,165,3,0,1,28.37,50.0,293.45
2024-06-13 19:00:00+05:30,36.3,28,975.8,0,16.3,27.0,32.4,32.5,31.0,0.0,19,165,3,0,1,0.0,50.0,275.89
2024-06-13 20:00:00+05:30,35.4,31,976.3,1,16.0,28.0,27.4,0.0,0.0,0.0,20,165,3,0,1,0.0,50.0,264.14
2024-06-13 21:00:00+05:30,34.6,33,977.0,4,13.9,25.8,26.6,0.0,0.0,0.0,21,165,3,0,1,0.0,50.0,253.98
2024-06-13 22:00:00+05:30,33.8,36,977.5,1,13.7,25.8,23.0,0.0,0.0,0.0,22,165,3,0,1,0.0,50.0,244.12
2024-06-13 23:00:00+05:30,33.2,38,977.6,0,13.8,26.4,22.3,0.0,0.0,0.0,23,165,3,0,1,0.0,50.0,236.93
2024-06-14 00:00:00+05:30,33.0,40,977.2,0,15.8,28.5,25.2,0.0,0.0,0.0,0,166,4,0,0,0.0,50.0,139.57
2024-06-14 01:00:00+05:30,32.7,41,977.0,0,18.4,31.1,30.2,0.0,0.0,0.0,1,166,4,0,0,0.0,50.0,136.07
2024-06-14 02:00:00+05:30,32.3,43,976.7,0,18.1,31.1,30.6,0.0,0.0,0.0,2,166,4,0,0,0.0,50.0,131.48
2024-06-14 03:00:00+05:30,31.7,47,976.8,0,21.9,35.4,35.6,0.0,0.0,0.0,3,166,4,0,0,0.0,0.0,124.76
2024-06-14 04:00:00+05:30,30.5,56,977.1,0,21.0,33.2,37.1,0.0,0.0,0.0,4,166,4,0,0,0.0,0.0,111.95
2024-06-14 05:00:00+05:30,29.6,61,977.4,0,20.5,32.1,34.9,0.0,0.0,0.0,5,166,4,0,0,0.0,0.0,102.96
2024-06-14 06:00:00+05:30,29.6,62,978.0,0,19.9,28.9,33.1,10.7,15.0,47.4,6,166,4,0,0,3.35,50.0,102.96
2024-06-14 07:00:00+05:30,30.1,59,978.5,0,23.3,32.0,40.7,107.0,90.0,166.4,7,166,4,0,0,21.69,0.0,147.89
2024-06-14 08:00:00+05:30,31.0,54,978.9,0,24.2,32.3,43.6,255.8,164.0,342.6,8,166,4,0,0,53.01,0.0,157.18
2024-06-14 09:00:00+05:30,32.2,49,979.1,0,24.4,31.7,45.4,382.6,220.0,530.2,9,166,4,1,0,89.3,0.0,250.35
2024-06-14 10:00:00+05:30,33.6,46,979.0,0,24.5,31.4,46.1,469.1,262.0,692.5,10,166,4,1,0,122.05,0.0,266.7
2024-06-14 11:00:00+05:30,35.1,43,978.7,0,23.3,29.7,46.1,518.6,290.0,801.7,11,166,4,1,0,145.25,0.0,285.3
2024-06-14 12:00:00+05:30,36.6,37,978.1,0,21.8,27.6,45.0,545.3,303.0,851.3,12,166,4,1,0,157.47,50.0,304.89
2024-06-14 13:00:00+05:30,37.8,33,977.4,2,21.6,27.2,42.8,548.0,305.0,836.3,13,166,4,1,0,158.2,50.0,285.21
2024-06-14 14:00:00+05:30,39.0,28,976.5,23,20.2,25.5,42.5,530.3,292.0,757.8,14,166,4,1,0,147.16,50.0,338.09
2024-06-14 15:00:00+05:30,39.4,24,975.6,35,18.9,23.5,40.0,409.7,266.0,564.1,15,166,4,1,0,114.68,50.0,343.83
2024-06-14 16:00:00+05:30,38.8,24,975.0,5,20.2,25.7,38.5,357.9,222.0,414.0,16,166,4,1,0,88.04,50.0,335.24
2024-06-14 17:00:00+05:30,38.2,25,974.5,12,18.2,23.2,37.8,253.4,177.0,248.6,17,166,4,1,0,56.78,50.0,326.78
2024-06-14 18:00:00+05:30,36.0,34,975.7,2,15.6,20.3,33.1,144.2,111.0,102.6,18,166,4,0,1,28.04,50.0,271.94
2024-06-14 19:00:00+05:30,35.1,37,976.1,2,10.2,16.4,27.4,32.3,30.0,0.0,19,166,4,0,1,0.0,50.0,260.3
2024-06-14 20:00:00+05:30,34.3,40,976.5,2,6.9,14.6,16.9,0.0,0.0,0.0,20,166,4,0,1,0.0,34.82,250.25
2024-06-14 21:00:00+05:30,33.7,41,977.2,2,7.7,17.6,11.5,0.0,0.0,0.0,21,166,4,0,1,0.0,50.0,242.91
2024-06-14 22:00:00+05:30,33.5,43,977.6,2,11.6,22.7,18.7,0.0,0.0,0.0,22,166,4,0,1,0.0,50.0,240.5
2024-06-14 23:00:00+05:30,33.0,44,978.0,1,11.4,22.3,19.8,0.0,0.0,0.0,23,166,4,0,1,0.0,50.0,234.57
2024-06-15 00:00:00+05:30,32.3,47,977.9,0,10.8,21.3,18.7,0.0,0.0,0.0,0,167,5,0,0,0.0,50.0,131.48
2024-06-15 01:00:00+05:30,31.8,48,977.3,0,11.0,22.1,18.0,0.0,0.0,0.0,1,167,5,0,0,0.0,50.0,125.86
2024-06-15 02:00:00+05:30,31.6,48,976.9,0,13.7,25.5,21.6,0.0,0.0,0.0,2,167,5,0,0,0.0,50.0,123.66
2024-06-15 03:00:00+05:30,31.4,49,976.9,0,16.3,27.8,27.0,0.0,0.0,0.0,3,167,5,0,0,0.0,50.0,121.47
2024-06-15 04:00:00+05:30,31.0,52,977.1,0,16.1,27.6,27.0,0.0,0.0,0.0,4,167,5,0,0,0.0,50.0,117.18
2024-06-15 05:00:00+05:30,30.7,53,977.5,0,17.4,28.5,28.8,0.0,0.0,0.0,5,167,5,0,0,0.0,50.0,114.02
2024-06-15 06:00:00+05:30,30.1,57,978.2,0,15.1,21.8,25.2,10.7,15.0,47.5,6,167,5,0,0,3.35,50.0,107.89
2024-06-15 07:00:00+05:30,30.7,58,978.5,0,18.1,23.9,32.4,99.3,89.0,162.2,7,167,5,0,0,21.25,50.0,154.02
2024-06-15 08:00:00+05:30,31.6,56,979.0,0,18.2,23.3,34.2,247.4,162.0,335.4,8,167,5,0,0,51.84,50.0,163.66
2024-06-15 09:00:00+05:30,32.8,53,979.0,0,18.4,23.2,36.0,367.5,219.0,517.8,9,167,5,0,0,87.17,50.0,197.23
2024-06-15 10:00:00+05:30,34.2,48,978.9,0,19.3,24.0,38.2,453.3,260.0,676.4,10,167,5,0,0,119.14,50.0,214.02
2024-06-15 11:00:00+05:30,35.6,43,978.4,2,20.3,25.4,40.3,507.8,287.0,788.2,11,167,5,0,0,142.68,50.0,231.72
2024-06-15 12:00:00+05:30,36.9,39,978.0,1,18.7,23.3,40.3,527.0,304.0,834.2,12,167,5,0,0,154.42,50.0,248.92
2024-06-15 13:00:00+05:30,38.0,35,977.2,1,18.2,22.5,38.5,531.8,302.0,817.7,13,167,5,0,0,154.89,50.0,245.99
2024-06-15 14:00:00+05:30,38.7,32,976.3,13,17.9,22.5,37.4,498.4,289.0,726.4,14,167,5,0,0,141.87,50.0,273.82
2024-06-15 15:00:00+05:30,38.9,30,975.7,14,19.0,23.9,37.4,436.7,261.0,580.8,15,167,5,0,0,117.89,50.0,276.66
2024-06-15 16:00:00+05:30,38.4,29,975.2,12,19.4,24.5,37.8,337.5,226.0,405.3,16,167,5,0,0,86.61,50.0,269.59
2024-06-15 17:00:00+05:30,38.3,28,974.9,1,15.9,20.5,36.7,264.6,176.0,252.8,17,167,5,0,0,57.49,50.0,268.18
2024-06-15 18:00:00+05:30,37.2,29,975.4,1,16.1,21.1,31.0,140.6,110.0,101.5,18,167,5,0,1,27.6,50.0,287.98
2024-06-15 19:00:00+05:30,36.1,31,975.8,4,11.0,18.2,28.4,32.2,30.0,0.0,19,167,5,0,1,0.0,50.0,273.25
2024-06-15 20:00:00+05:30,35.2,34,976.2,2,7.1,15.6,18.4,0.0,0.0,0.0,20,167,5,0,1,0.0,40.45,261.57
2024-06-15 21:00:00+05:30,34.7,36,977.0,1,10.2,20.0,15.5,0.0,0.0,0.0,21,167,5,0,1,0.0,50.0,255.24
2024-06-15 22:00:00+05:30,34.2,40,977.7,0,14.7,24.9,24.1,0.0,0.0,0.0,22,167,5,0,1,0.0,50.0,249.02
2024-06-15 23:00:00+05:30,33.7,42,977.8,0,16.6,27.4,27.0,0.0,0.0,0.0,23,167,5,0,1,0.0,50.0,242.91
2024-06-16 00:00:00+05:30,33.2,44,977.8,0,17.3,28.3,28.8,0.0,0.0,0.0,0,168,6,0,0,0.0,50.0,141.93
2024-06-16 01:00:00+05:30,32.6,46,977.3,0,17.0,28.4,28.4,0.0,0.0,0.0,1,168,6,0,0,0.0,50.0,134.92
2024-06-16 02:00:00+05:30,32.2,48,977.2,0,16.6,28.2,28.1,0.0,0.0,0.0,2,168,6,0,0,0.0,50.0,130.35
2024-06-16 03:00:00+05:30,31.9,50,977.3,0,15.6,26.7,27.7,0.0,0.0,0.0,3,168,6,0,0,0.0,50.0,126.98
2024-06-16 04:00:00+05:30,31.6,52,977.4,0,15.8,26.8,25.9,0.0,0.0,0.0,4,168,6,0,0,0.0,50.0,123.66
2024-06-16 05:00:00+05:30,31.1,54,977.9,0,17.7,29.0,29.2,0.0,0.0,0.0,5,168,6,0,0,0.0,50.0,118.24
2024-06-16 06:00:00+05:30,31.2,56,978.7,0,17.6,26.2,31.0,10.7,14.0,44.7,6,168,6,0,0,3.11,50.0,119.31
2024-06-16 07:00:00+05:30,31.9,54,979.1,0,19.1,26.0,33.8,95.5,88.0,159.5,7,168,6,0,0,20.84,50.0,166.98
2024-06-16 08:00:00+05:30,33.2,51,979.2,0,21.3,27.7,38.5,241.1,161.0,330.6,8,168,6,0,0,50.83,50.0,181.93
2024-06-16 09:00:00+05:30,34.7,46,979.4,0,20.5,26.0,39.6,363.2,218.0,513.4,9,168,6,0,0,85.77,50.0,160.24
2024-06-16 10:00:00+05:30,36.3,41,979.5,0,18.5,23.4,38.9,448.5,259.0,671.0,10,168,6,0,0,117.18,50.0,180.89
2024-06-16 11:00:00+05:30,37.6,38,979.1,0,18.1,22.4,37.4,500.4,287.0,781.0,11,168,6,0,0,140.25,50.0,198.45
2024-06-16 12:00:00+05:30,38.8,35,978.5,1,17.6,21.6,37.1,527.1,301.0,831.2,12,168,6,0,0,152.6,50.0,215.24
2024-06-16 13:00:00+05:30,39.8,31,977.6,2,17.6,21.6,36.7,529.8,302.0,815.8,13,168,6,0,0,153.32,50.0,229.63
2024-06-16 14:00:00+05:30,40.4,28,976.7,4,17.8,21.7,36.4,498.2,288.0,725.5,14,168,6,0,0,140.61,50.0,238.42
2024-06-16 15:00:00+05:30,40.6,26,976.0,4,16.8,20.9,36.0,442.3,264.0,588.3,15,168,6,0,0,118.36,50.0,241.38
2024-06-16 16:00:00+05:30,40.3,27,975.5,3,16.9,21.3,34.2,385.7,225.0,434.4,16,168,6,0,0,91.31,50.0,236.95
2024-06-16 17:00:00+05:30,39.9,27,974.8,3,16.6,21.0,33.1,279.6,175.0,258.6,17,168,6,0,0,58.13,50.0,231.08
2024-06-16 18:00:00+05:30,38.8,30,975.6,8,9.2,12.3,18.0,127.4,106.0,96.4,18,168,6,0,1,26.19,37.22,310.24
2024-06-16 19:00:00+05:30,37.9,32,976.0,5,13.0,20.3,21.2,32.1,29.0,0.0,19,168,6,0,1,0.0,50.0,297.6
2024-06-16 20:00:00+05:30,37.2,34,976.6,6,16.2,25.7,26.3,0.0,0.0,0.0,20,168,6,0,1,0.0,50.0,287.98
2024-06-16 21:00:00+05:30,36.7,36,977.1,3,16.4,26.3,27.0,0.0,0.0,0.0,21,168,6,0,1,0.0,50.0,281.23
2024-06-16 22:00:00+05:30,35.9,36,977.4,1,16.7,27.2,27.7,0.0,0.0,0.0,22,168,6,0,1,0.0,50.0,270.63
2024-06-16 23:00:00+05:30,35.3,38,977.5,1,16.8,27.7,28.1,0.0,0.0,0.0,23,168,6,0,1,0.0,50.0,262.85
2024-06-17 00:00:00+05:30,34.6,40,977.5,1,16.4,27.2,28.1,0.0,0.0,0.0,0,169,0,0,0,0.0,50.0,158.98
2024-06-17 01:00:00+05:30,34.0,43,977.0,1,17.4,28.3,28.4,0.0,0.0,0.0,1,169,0,0,0,0.0,50.0,151.56
2024-06-17 02:00:00+05:30,33.5,45,976.7,1,18.7,29.8,30.6,0.0,0.0,0.0,2,169,0,0,0,0.0,50.0,145.5
2024-06-17 03:00:00+05:30,33.1,46,976.9,1,17.3,28.2,31.0,0.0,0.0,0.0,3,169,0,0,0,0.0,50.0,140.75
2024-06-17 04:00:00+05:30,32.6,49,977.2,0,14.8,25.0,28.4,0.0,0.0,0.0,4,169,0,0,0,0.0,50.0,134.92
2024-06-17 05:00:00+05:30,32.2,50,977.6,0,16.1,26.7,26.3,0.0,0.0,0.0,5,169,0,0,0,0.0,50.0,130.35
2024-06-17 06:00:00+05:30,32.1,51,978.8,1,15.3,22.9,25.9,10.8,14.0,44.8,6,169,0,0,0,3.1,50.0,129.22
2024-06-17 07:00:00+05:30,32.8,51,979.4,0,18.4,24.8,32.4,91.7,87.0,156.7,7,169,0,0,0,20.46,50.0,177.23
2024-06-17 08:00:00+05:30,33.8,50,979.8,3,19.5,25.3,36.0,230.6,161.0,324.6,8,169,0,0,0,49.94,50.0,189.12
2024-06-17 09:00:00+05:30,35.2,47,979.9,0,19.8,25.1,37.8,351.1,217.0,503.3,9,169,0,1,0,84.03,50.0,286.57
2024-06-17 10:00:00+05:30,36.6,42,979.8,0,19.2,24.3,38.5,436.4,259.0,660.3,10,169,0,1,0,115.33,50.0,304.89
2024-06-17 11:00:00+05:30,38.0,38,979.4,0,18.8,23.8,38.5,490.8,287.0,771.7,11,169,0,1,0,138.49,50.0,323.99
2024-06-17 12:00:00+05:30,39.2,35,978.7,21,18.3,22.7,38.5,520.0,302.0,825.2,12,169,0,1,0,151.32,50.0,340.95
2024-06-17 13:00:00+05:30,40.0,32,977.8,24,18.3,22.7,37.8,491.5,312.0,788.3,13,169,0,1,0,148.63,50.0,316.54
2024-06-17 14:00:00+05:30,40.5,31,977.0,19,18.6,23.2,37.8,464.2,305.0,711.3,14,169,0,1,0,138.18,50.0,359.9
2024-06-17 15:00:00+05:30,40.7,30,976.4,16,18.8,23.4,37.8,433.8,273.0,590.2,15,169,0,1,0,118.74,50.0,362.87
2024-06-17 16:00:00+05:30,40.5,30,975.8,12,18.1,23.2,37.1,362.5,228.0,423.1,16,169,0,1,0,89.16,50.0,359.9
2024-06-17 17:00:00+05:30,40.1,30,975.2,15,18.0,23.1,34.9,259.9,176.0,251.4,17,169,0,1,0,56.76,50.0,354.01
2024-06-17 18:00:00+05:30,39.2,30,975.4,1,16.3,21.5,30.2,139.7,110.0,101.8,18,169,0,0,1,27.4,50.0,315.95
2024-06-17 19:00:00+05:30,38.2,31,976.1,1,15.0,22.7,28.8,32.0,31.0,0.0,19,169,0,0,1,0.0,50.0,301.78
2024-06-17 20:00:00+05:30,37.2,34,976.6,0,16.9,26.9,28.1,0.0,0.0,0.0,20,169,0,0,1,0.0,50.0,287.98
2024-06-17 21:00:00+05:30,36.6,36,977.3,0,19.5,30.4,32.4,0.0,0.0,0.0,21,169,0,0,1,0.0,0.0,279.89
2024-06-17 22:00:00+05:30,36.0,38,977.9,0,19.9,30.9,32.8,0.0,0.0,0.0,22,169,0,0,1,0.0,0.0,271.94
2024-06-17 23:00:00+05:30,35.3,40,977.8,0,20.1,30.9,33.5,0.0,0.0,0.0,23,169,0,0,1,0.0,0.0,262.85
2024-06-18 00:00:00+05:30,34.8,42,977.4,1,19.2,30.4,33.1,0.0,0.0,0.0,0,170,1,0,0,0.0,50.0,161.5
2024-06-18 01:00:00+05:30,34.2,43,976.9,1,18.1,29.3,31.7,0.0,0.0,0.0,1,170,1,0,0,0.0,50.0,154.02
2024-06-18 02:00:00+05:30,33.7,45,976.4,0,19.1,30.8,31.3,0.0,0.0,0.0,2,170,1,0,0,0.0,0.0,147.91
2024-06-18 03:00:00+05:30,33.2,48,976.4,0,20.3,31.6,33.8,0.0,0.0,0.0,3,170,1,0,0,0.0,0.0,141.93
2024-06-18 04:00:00+05:30,32.7,52,976.5,0,19.8,30.6,33.5,0.0,0.0,0.0,4,170,1,0,0,0.0,0.0,136.07
2024-06-18 05:00:00+05:30,32.2,55,976.9,0,19.8,30.7,33.1,0.0,0.0,0.0,5,170,1,0,0,0.0,0.0,130.35
2024-06-18 06:00:00+05:30,32.0,55,977.8,8,22.4,31.6,38.5,10.8,14.0,45.0,6,170,1,0,0,3.1,0.0,128.09
2024-06-18 07:00:00+05:30,32.1,55,978.2,0,21.6,29.1,38.5,91.9,87.0,156.9,7,170,1,0,0,20.5,0.0,169.22
2024-06-18 08:00:00+05:30,33.0,53,978.4,0,21.5,28.3,39.6,237.4,160.0,327.1,8,170,1,0,0,50.32,0.0,179.57
2024-06-18 09:00:00+05:30,34.3,48,978.6,0,22.2,28.2,41.4,360.7,216.0,509.0,9,170,1,1,0,85.14,0.0,275.25
2024-06-18 10:00:00+05:30,35.6,43,978.3,32,23.8,30.6,45.0,445.3,258.0,666.9,10,170,1,1,0,116.8,0.0,291.72
2024-06-18 11:00:00+05:30,36.9,39,977.7,68,24.7,31.7,47.2,501.8,284.0,779.1,11,170,1,1,0,140.28,0.0,308.92
2024-06-18 12:00:00+05:30,38.0,37,976.8,15,25.1,32.1,48.2,529.2,300.0,832.4,12,170,1,1,0,153.25,0.0,323.99
2024-06-18 13:00:00+05:30,38.9,34,975.8,77,26.2,33.4,49.3,535.7,300.0,819.9,13,170,1,1,0,154.54,0.0,300.66
2024-06-18 14:00:00+05:30,39.5,33,974.8,24,27.2,35.1,50.8,519.0,289.0,745.8,14,170,1,1,0,144.61,0.0,345.27
2024-06-18 15:00:00+05:30,39.6,33,974.0,1,27.8,36.0,51.5,477.3,264.0,616.1,15,170,1,1,0,123.86,0.0,346.72
2024-06-18 16:00:00+05:30,39.3,33,973.1,0,28.4,37.1,51.5,403.5,228.0,448.7,16,170,1,1,0,94.39,0.0,342.39
2024-06-18 17:00:00+05:30,38.7,34,972.5,0,28.2,37.7,51.1,294.1,177.0,266.9,17,170,1,1,0,60.05,0.0,333.82
2024-06-18 18:00:00+05:30,37.5,38,973.4,43,25.7,34.8,45.4,142.5,110.0,102.7,18,170,1,0,1,27.71,0.0,292.08
2024-06-18 19:00:00+05:30,36.8,39,973.8,49,23.5,34.2,44.6,31.9,31.0,0.0,19,170,1,0,1,0.0,0.0,282.57
2024-06-18 20:00:00+05:30,36.4,39,974.2,53,21.1,32.1,39.6,0.0,0.0,0.0,20,170,1,0,1,0.0,0.0,277.22
2024-06-18 21:00:00+05:30,36.1,39,974.9,77,22.3,33.9,37.1,0.0,0.0,0.0,21,170,1,0,1,0.0,0.0,273.25
2024-06-18 22:00:00+05:30,35.7,40,975.3,90,21.7,33.1,37.4,0.0,0.0,0.0,22,170,1,0,1,0.0,0.0,268.02
2024-06-18 23:00:00+05:30,35.3,40,975.2,72,22.3,34.9,37.8,0.0,0.0,0.0,23,170,1,0,1,0.0,0.0,262.85
2024-06-19 00:00:00+05:30,34.6,43,974.8,58,25.0,38.0,41.0,0.0,0.0,0.0,0,171,2,0,0,0.0,0.0,158.98
2024-06-19 01:00:00+05:30,33.8,48,974.1,62,23.1,35.3,41.8,0.0,0.0,0.0,1,171,2,0,0,0.0,0.0,149.12
2024-06-19 02:00:00+05:30,32.9,52,973.8,54,26.1,38.6,43.6,0.0,0.0,0.0,2,171,2,0,0,0.0,0.0,138.4
2024-06-19 03:00:00+05:30,31.8,56,974.1,89,26.7,39.6,44.6,0.0,0.0,0.0,3,171,2,0,0,0.0,0.0,125.86
2024-06-19 04:00:00+05:30,31.0,58,974.5,34,25.9,38.5,46.1,0.0,0.0,0.0,4,171,2,0,0,0.0,0.0,117.18
2024-06-19 05:00:00+05:30,30.3,61,974.8,5,23.3,34.2,43.2,0.0,0.0,0.0,5,171,2,0,0,0.0,0.0,109.9
2024-06-19 06:00:00+05:30,30.2,63,974.9,15,23.5,33.0,39.6,10.9,14.0,45.2,6,171,2,0,0,3.13,0.0,108.89
2024-06-19 07:00:00+05:30,30.4,64,975.1,63,26.1,35.8,48.2,88.2,83.0,149.8,7,171,2,0,0,19.7,0.0,150.92
2024-06-19 08:00:00+05:30,31.3,61,975.5,51,24.0,31.9,45.4,58.9,158.0,225.0,8,171,2,0,0,37.78,0.0,160.39
2024-06-19 09:00:00+05:30,32.3,58,975.7,98,24.0,31.4,43.2,145.0,217.0,351.8,9,171,2,1,0,62.11,0.0,251.48
2024-06-19 10:00:00+05:30,33.5,53,975.5,100,24.5,31.8,44.3,80.7,276.0,368.6,10,171,2,1,0,69.3,0.0,265.5
2024-06-19 11:00:00+05:30,34.8,48,974.8,94,24.2,31.4,44.6,157.5,295.0,459.5,11,171,2,1,0,87.79,0.0,281.5
2024-06-19 12:00:00+05:30,36.5,43,973.9,72,23.5,30.4,45.7,175.8,371.0,551.6,12,171,2,1,0,106.86,0.0,303.55
2024-06-19 13:00:00+05:30,38.3,38,972.9,66,23.8,30.8,45.4,299.1,385.0,672.2,13,171,2,1,0,130.22,0.0,292.18
2024-06-19 14:00:00+05:30,39.4,34,971.9,4,23.8,30.5,46.1,326.5,355.0,635.0,14,171,2,1,0,125.76,0.0,343.83
2024-06-19 15:00:00+05:30,39.4,34,971.1,0,26.0,33.4,48.6,412.1,283.0,583.0,15,171,2,1,0,118.2,0.0,343.83
2024-06-19 16:00:00+05:30,39.7,33,970.5,38,23.8,30.9,47.9,407.5,228.0,451.4,16,171,2,1,0,94.74,0.0,348.17
2024-06-19 17:00:00+05:30,39.4,33,969.9,67,22.9,30.6,43.6,305.2,176.0,271.1,17,171,2,1,0,60.61,0.0,343.83
2024-06-19 18:00:00+05:30,37.8,35,970.3,65,23.1,31.9,40.7,154.8,112.0,106.8,18,171,2,0,1,28.53,0.0,296.21
2024-06-19 19:00:00+05:30,37.2,36,970.9,65,17.3,26.6,40.7,39.7,32.0,0.0,19,171,2,0,1,0.0,50.0,287.98
2024-06-19 20:00:00+05:30,36.5,38,971.8,95,13.7,23.6,28.4,0.0,0.0,0.0,20,171,2,0,1,0.0,50.0,278.55
2024-06-19 21:00:00+05:30,35.8,39,972.8,91,14.2,24.3,23.0,0.0,0.0,0.0,21,171,2,0,1,0.0,50.0,269.32
2024-06-19 22:00:00+05:30,35.2,41,973.2,78,15.3,25.9,26.3,0.0,0.0,0.0,22,171,2,0,1,0.0,50.0,261.57
2024-06-19 23:00:00+05:30,34.7,43,973.2,77,16.7,28.0,27.4,0.0,0.0,0.0,23,171,2,0,1,0.0,50.0,255.24
2024-06-20 00:00:00+05:30,34.6,43,972.8,85,20.9,33.6,34.2,0.0,0.0,0.0,0,172,3,0,0,0.0,0.0,158.98
2024-06-20 01:00:00+05:30,34.2,44,972.5,52,22.1,34.5,36.7,0.0,0.0,0.0,1,172,3,0,0,0.0,0.0,154.02
2024-06-20 02:00:00+05:30,33.4,48,972.4,41,25.5,38.7,42.8,0.0,0.0,0.0,2,172,3,0,0,0.0,0.0,144.31
2024-06-20 03:00:00+05:30,32.2,55,972.4,62,23.8,35.9,42.8,0.0,0.0,0.0,3,172,3,0,0,0.0,0.0,130.35
2024-06-20 04:00:00+05:30,31.4,58,972.5,80,24.5,36.7,41.0,0.0,0.0,0.0,4,172,3,0,0,0.0,0.0,121.47
2024-06-20 05:00:00+05:30,30.5,62,972.6,8,25.5,37.8,43.2,0.0,0.0,0.0,5,172,3,0,0,0.0,0.0,111.95
2024-06-20 06:00:00+05:30,30.2,64,972.9,52,24.4,34.1,41.8,10.9,14.0,45.4,6,172,3,0,0,3.13,0.0,108.89
2024-06-20 07:00:00+05:30,30.2,65,973.6,8,24.4,33.1,43.2,104.5,88.0,162.8,7,172,3,0,0,21.08,0.0,148.89
2024-06-20 08:00:00+05:30,31.2,61,974.5,11,23.6,31.0,43.6,246.8,162.0,334.6,8,172,3,0,0,51.66,0.0,159.31
2024-06-20 09:00:00+05:30,32.5,55,974.8,17,23.6,30.4,43.9,367.5,219.0,517.1,9,172,3,1,0,86.98,0.0,253.76
2024-06-20 10:00:00+05:30,34.3,48,975.0,19,21.4,27.0,43.9,394.9,270.0,635.7,10,172,3,1,0,112.62,50.0,275.25
2024-06-20 11:00:00+05:30,36.1,41,974.6,7,21.4,27.4,42.1,483.6,296.0,774.0,11,172,3,1,0,139.98,50.0,298.25
2024-06-20 12:00:00+05:30,37.3,37,973.7,3,21.7,27.6,43.2,528.3,306.0,837.6,12,172,3,1,0,154.56,50.0,314.34
2024-06-20 13:00:00+05:30,38.6,33,972.9,1,20.8,26.3,42.8,538.7,305.0,828.0,13,172,3,1,0,156.08,50.0,296.41
2024-06-20 14:00:00+05:30,39.4,30,972.2,0,19.3,24.0,41.4,532.5,289.0,758.4,14,172,3,1,0,146.82,50.0,343.83
2024-06-20 15:00:00+05:30,40.1,27,971.2,0,18.6,23.5,38.9,494.5,263.0,629.2,15,172,3,1,0,125.89,50.0,354.01
2024-06-20 16:00:00+05:30,40.0,27,970.3,0,19.2,24.8,37.1,427.1,227.0,462.9,16,172,3,1,0,96.73,50.0,352.54
2024-06-20 17:00:00+05:30,39.9,27,970.0,0,19.1,25.0,36.7,320.1,178.0,279.3,17,172,3,1,0,62.1,50.0,351.08
2024-06-20 18:00:00+05:30,37.3,33,970.6,36,16.0,21.4,33.5,160.7,113.0,108.9,18,172,3,0,1,29.02,50.0,289.34
2024-06-20 19:00:00+05:30,36.6,35,971.1,74,10.4,16.5,28.8,39.6,32.0,0.0,19,172,3,0,1,0.0,50.0,279.89
2024-06-20 20:00:00+05:30,35.9,37,971.7,72,6.7,14.5,17.3,0.0,0.0,0.0,20,172,3,0,1,0.0,32.75,270.63
2024-06-20 21:00:00+05:30,35.3,38,972.6,20,9.0,18.0,14.8,0.0,0.0,0.0,21,172,3,0,1,0.0,50.0,262.85
2024-06-20 22:00:00+05:30,34.7,40,973.6,48,11.5,21.7,18.4,0.0,0.0,0.0,22,172,3,0,1,0.0,50.0,255.24
2024-06-20 23:00:00+05:30,34.5,42,973.9,7,12.8,24.0,22.0,0.0,0.0,0.0,23,172,3,0,1,0.0,50.0,252.74
2024-06-21 00:00:00+05:30,34.1,44,973.8,29,8.7,18.9,20.9,0.0,0.0,0.0,0,173,4,0,0,0.0,50.0,152.79
2024-06-21 01:00:00+05:30,33.4,46,973.8,84,9.2,18.1,14.0,0.0,0.0,0.0,1,173,4,0,0,0.0,50.0,144.31
2024-06-21 02:00:00+05:30,33.0,48,973.6,9,12.3,22.3,20.2,0.0,0.0,0.0,2,173,4,0,0,0.0,50.0,139.57
2024-06-21 03:00:00+05:30,32.7,50,973.6,0,16.3,26.8,26.3,0.0,0.0,0.0,3,173,4,0,0,0.0,50.0,136.07
2024-06-21 04:00:00+05:30,31.5,57,974.0,2,19.7,29.1,32.0,0.0,0.0,0.0,4,173,4,0,0,0.0,50.0,122.56
2024-06-21 05:00:00+05:30,30.5,63,974.6,0,21.3,31.8,34.9,0.0,0.0,0.0,5,173,4,0,0,0.0,0.0,111.95
2024-06-21 06:00:00+05:30,29.9,63,975.1,0,16.4,22.8,28.8,10.9,14.0,45.6,6,173,4,0,0,3.13,50.0,105.89
2024-06-21 07:00:00+05:30,30.2,64,975.9,4,17.6,23.2,31.7,100.7,87.0,160.1,7,173,4,0,0,20.78,50.0,148.89
2024-06-21 08:00:00+05:30,31.4,59,976.4,3,19.6,25.5,36.4,234.0,161.0,326.2,8,173,4,0,0,50.49,50.0,161.47
2024-06-21 09:00:00+05:30,33.3,52,976.6,22,21.7,27.8,40.3,374.0,218.0,520.6,9,173,4,1,0,87.15,50.0,263.11
2024-06-21 10:00:00+05:30,35.0,46,976.8,21,20.2,25.8,41.8,388.9,273.0,633.6,10,173,4,1,0,111.98,50.0,284.03
2024-06-21 11:00:00+05:30,36.5,41,976.3,8,18.3,22.9,39.2,417.5,304.0,718.7,11,173,4,1,0,130.85,50.0,303.55
2024-06-21 12:00:00+05:30,37.7,37,975.7,8,17.6,22.0,37.4,472.5,313.0,789.0,12,173,4,1,0,146.36,50.0,319.83
2024-06-21 13:00:00+05:30,38.8,34,975.0,9,14.7,18.3,36.7,527.5,308.0,820.2,13,173,4,1,0,154.64,50.0,299.24
2024-06-21 14:00:00+05:30,39.4,31,974.0,8,13.2,16.3,32.8,501.7,292.0,733.6,14,173,4,1,0,142.57,50.0,343.83
2024-06-21 15:00:00+05:30,39.4,30,973.0,5,13.8,16.8,30.2,463.6,265.0,607.2,15,173,4,1,0,122.34,50.0,343.83
2024-06-21 16:00:00+05:30,39.4,30,972.5,5,14.1,17.4,29.9,404.0,223.0,445.5,16,173,4,1,0,93.64,50.0,343.83
2024-06-21 17:00:00+05:30,39.2,29,972.0,14,12.2,15.3,29.2,292.9,174.0,264.8,17,173,4,1,0,59.39,50.0,340.95
2024-06-21 18:00:00+05:30,37.4,34,972.8,2,7.9,10.2,19.8,150.9,111.0,105.7,18,173,4,0,1,28.29,21.92,290.71
2024-06-21 19:00:00+05:30,36.6,35,973.3,25,2.2,3.6,15.8,39.5,31.0,0.0,19,173,4,0,1,0.0,0.0,279.89
2024-06-21 20:00:00+05:30,34.9,42,974.0,42,2.4,3.6,5.0,0.0,0.0,0.0,20,173,4,0,1,0.0,0.02,257.76
2024-06-21 21:00:00+05:30,34.2,45,974.8,27,6.3,6.6,9.7,0.0,0.0,0.0,21,173,4,0,1,0.0,8.37,249.02
2024-06-21 22:00:00+05:30,33.5,45,975.3,34,2.3,3.6,12.6,0.0,0.0,0.0,22,173,4,0,1,0.0,0.0,240.5
2024-06-21 23:00:00+05:30,33.3,43,975.2,45,10.4,19.3,16.2,0.0,0.0,0.0,23,173,4,0,1,0.0,50.0,238.11
2024-06-22 00:00:00+05:30,32.9,42,974.9,56,7.7,15.4,17.6,0.0,0.0,0.0,0,174,5,0,0,0.0,44.3,138.4
2024-06-22 01:00:00+05:30,31.8,48,974.2,33,9.6,16.9,17.6,0.0,0.0,0.0,1,174,5,0,0,0.0,50.0,125.86
2024-06-22 02:00:00+05:30,30.7,54,973.9,21,12.1,26.1,19.1,0.0,0.0,0.0,2,174,5,0,0,0.0,50.0,114.02
2024-06-22 03:00:00+05:30,29.9,58,973.9,8,16.2,31.3,29.5,0.0,0.0,0.0,3,174,5,0,0,0.0,50.0,105.89
2024-06-22 04:00:00+05:30,29.3,62,973.9,8,14.3,24.1,26.3,0.0,0.0,0.0,4,174,5,0,0,0.0,50.0,100.09
2024-06-22 05:00:00+05:30,29.0,65,973.9,8,10.8,21.4,23.8,0.0,0.0,0.0,5,174,5,0,0,0.0,50.0,97.29
2024-06-22 06:00:00+05:30,28.5,60,975.1,59,7.4,16.1,13.0,0.0,9.0,27.5,6,174,5,0,0,2.02,50.0,92.79
2024-06-22 07:00:00+05:30,29.7,56,975.9,61,10.2,13.8,19.4,56.6,69.0,118.7,7,174,5,0,0,16.08,50.0,143.93
2024-06-22 08:00:00+05:30,30.9,53,976.4,0,7.4,9.7,19.8,107.3,128.0,215.5,8,174,5,0,0,34.94,18.82,156.12
2024-06-22 09:00:00+05:30,33.3,48,976.8,0,8.0,9.8,20.5,357.3,215.0,504.8,9,174,5,0,0,84.72,21.13,203.11
2024-06-22 10:00:00+05:30,35.1,42,976.7,0,8.8,10.2,23.4,458.7,256.0,675.9,10,174,5,0,0,118.31,25.62,225.3
2024-06-22 11:00:00+05:30,36.7,37,976.2,0,5.8,6.8,23.4,512.2,283.0,787.7,11,174,5,0,0,141.68,6.86,246.23
2024-06-22 12:00:00+05:30,38.1,33,975.3,0,4.1,4.5,20.5,543.7,296.0,842.9,12,174,5,0,0,154.79,1.7,265.38
2024-06-22 13:00:00+05:30,39.6,28,974.5,23,5.5,6.2,19.8,547.7,298.0,830.1,13,174,5,0,0,155.69,5.25,268.72
2024-06-22 14:00:00+05:30,40.3,26,973.4,16,8.4,9.5,23.0,450.9,286.0,682.0,14,174,5,0,0,133.04,20.81,296.95
2024-06-22 15:00:00+05:30,40.6,24,972.6,22,9.5,11.1,24.1,413.8,258.0,562.0,15,174,5,0,0,113.49,32.19,301.38
2024-06-22 16:00:00+05:30,40.5,23,972.1,12,9.7,11.2,23.8,335.5,214.0,395.5,16,174,5,0,0,83.65,33.6,299.9
2024-06-22 17:00:00+05:30,39.8,24,971.9,15,11.3,13.4,23.4,246.7,166.0,239.0,17,174,5,0,0,54.03,50.0,289.63
2024-06-22 18:00:00+05:30,38.4,25,972.7,13,17.8,23.6,35.3,144.3,108.0,102.5,18,174,5,0,1,27.37,50.0,304.59
2024-06-22 19:00:00+05:30,37.3,28,973.2,15,14.2,22.3,31.3,39.4,31.0,0.0,19,174,5,0,1,0.0,50.0,289.34
2024-06-22 20:00:00+05:30,36.2,31,974.0,11,13.6,23.3,24.1,0.0,0.0,0.0,20,174,5,0,1,0.0,50.0,274.57
2024-06-22 21:00:00+05:30,35.4,35,974.8,10,12.0,22.0,22.3,0.0,0.0,0.0,21,174,5,0,1,0.0,50.0,264.14
2024-06-22 22:00:00+05:30,34.7,37,975.1,3,14.0,24.9,22.7,0.0,0.0,0.0,22,174,5,0,1,0.0,50.0,255.24
2024-06-22 23:00:00+05:30,34.1,39,975.1,14,13.0,24.1,22.3,0.0,0.0,0.0,23,174,5,0,1,0.0,50.0,247.79
2024-06-23 00:00:00+05:30,33.5,41,975.1,15,7.4,17.5,20.5,0.0,0.0,0.0,0,175,6,0,0,0.0,50.0,145.5
2024-06-23 01:00:00+05:30,32.6,44,974.8,21,5.7,11.7,11.9,0.0,0.0,0.0,1,175,6,0,0,0.0,18.33,134.92
2024-06-23 02:00:00+05:30,31.9,47,974.4,5,7.2,14.3,11.9,0.0,0.0,0.0,2,175,6,0,0,0.0,35.73,126.98
2024-06-23 03:00:00+05:30,31.5,47,974.1,1,5.9,13.6,11.2,0.0,0.0,0.0,3,175,6,0,0,0.0,25.13,122.56
2024-06-23 04:00:00+05:30,31.1,48,974.2,0,6.4,12.0,10.8,0.0,0.0,0.0,4,175,6,0,0,0.0,22.5,118.24
2024-06-23 05:00:00+05:30,30.7,47,974.4,0,6.5,10.9,10.8,0.0,0.0,0.0,5,175,6,0,0,0.0,19.41,114.02
2024-06-23 06:00:00+05:30,31.7,43,975.9,2,10.4,17.3,16.6,11.0,13.0,43.1,6,175,6,0,0,2.89,50.0,124.76
2024-06-23 07:00:00+05:30,33.1,40,976.6,2,7.9,13.7,16.6,97.3,86.0,157.5,7,175,6,0,0,20.23,37.43,180.75
2024-06-23 08:00:00+05:30,35.0,38,976.6,2,5.6,7.1,17.3,243.5,159.0,328.9,8,175,6,0,0,49.92,7.12,204.03
2024-06-23 09:00:00+05:30,36.8,32,976.7,0,2.2,2.6,15.8,371.6,215.0,515.1,9,175,6,0,0,84.97,0.0,187.57
2024-06-23 10:00:00+05:30,38.4,29,976.6,0,2.0,2.3,14.4,460.2,255.0,675.9,10,175,6,0,0,116.62,0.0,209.59
2024-06-23 11:00:00+05:30,39.8,26,976.2,6,5.4,6.1,19.4,515.7,281.0,788.9,11,175,6,0,0,139.92,4.95,229.63
2024-06-23 12:00:00+05:30,40.8,24,975.4,6,6.6,7.8,21.2,508.2,294.0,805.4,12,175,6,0,0,146.9,10.5,244.36
2024-06-23 13:00:00+05:30,41.7,22,974.4,7,8.3,9.7,23.4,512.4,300.0,797.7,13,175,6,0,0,148.9,21.17,257.9
2024-06-23 14:00:00+05:30,42.3,20,973.1,6,13.4,15.5,29.5,481.4,293.0,716.5,14,175,6,0,0,137.84,50.0,267.07
2024-06-23 15:00:00+05:30,42.1,19,972.1,4,16.0,19.1,33.5,470.2,259.0,607.3,15,175,6,0,0,120.87,50.0,264.0
2024-06-23 16:00:00+05:30,41.9,18,971.5,3,13.9,16.8,33.1,392.0,227.0,442.1,16,175,6,0,0,92.11,50.0,260.94
2024-06-23 17:00:00+05:30,41.3,19,971.0,6,10.5,12.7,28.8,280.8,177.0,262.5,17,175,6,0,0,58.58,50.0,251.85
2024-06-23 18:00:00+05:30,40.5,22,971.6,36,11.9,15.0,23.8,115.9,104.0,93.9,18,175,6,0,1,25.37,50.0,334.9
2024-06-23 19:00:00+05:30,38.8,27,972.3,29,10.9,17.5,21.2,31.4,28.0,0.0,19,175,6,0,1,0.0,50.0,310.24
2024-06-23 20:00:00+05:30,38.0,28,973.2,38,7.6,15.8,19.1,0.0,0.0,0.0,20,175,6,0,1,0.0,50.0,298.99
2024-06-23 21:00:00+05:30,37.4,30,973.7,43,8.1,16.4,12.2,0.0,0.0,0.0,21,175,6,0,1,0.0,50.0,290.71
2024-06-23 22:00:00+05:30,36.8,31,974.1,33,13.8,24.7,22.7,0.0,0.0,0.0,22,175,6,0,1,0.0,50.0,282.57
2024-06-23 23:00:00+05:30,35.9,31,974.2,44,8.7,18.7,22.3,0.0,0.0,0.0,23,175,6,0,1,0.0,50.0,270.63
2024-06-24 00:00:00+05:30,35.4,32,973.8,100,12.3,23.5,18.7,0.0,0.0,0.0,0,176,0,0,0,0.0,50.0,169.14
2024-06-24 01:00:00+05:30,35.1,35,973.4,100,11.2,21.0,21.6,0.0,0.0,0.0,1,176,0,0,0,0.0,50.0,165.3
2024-06-24 02:00:00+05:30,34.9,36,972.8,100,9.3,18.7,18.0,0.0,0.0,0.0,2,176,0,0,0,0.0,50.0,162.76
2024-06-24 03:00:00+05:30,34.5,37,972.5,100,8.5,17.9,15.1,0.0,0.0,0.0,3,176,0,0,0,0.0,50.0,157.74
2024-06-24 04:00:00+05:30,33.8,39,972.8,79,9.1,18.1,14.4,0.0,0.0,0.0,4,176,0,0,0,0.0,50.0,149.12
2024-06-24 05:00:00+05:30,33.3,41,972.9,63,7.4,16.5,14.8,0.0,0.0,0.0,5,176,0,0,0,0.0,50.0,143.11
2024-06-24 06:00:00+05:30,33.1,46,974.2,100,5.5,8.4,10.8,0.0,8.0,24.8,6,176,0,0,0,1.76,9.55,140.75
2024-06-24 07:00:00+05:30,34.0,43,974.9,90,4.8,6.6,10.8,8.1,63.0,93.2,7,176,0,0,0,13.61,4.93,191.56
2024-06-24 08:00:00+05:30,35.0,41,975.2,45,4.2,5.4,12.2,52.7,133.0,191.3,8,176,0,0,0,31.62,2.61,204.03
2024-06-24 09:00:00+05:30,37.2,34,975.1,67,8.8,10.6,20.5,261.9,235.0,457.5,9,176,0,1,0,76.93,27.18,312.98
2024-06-24 10:00:00+05:30,38.5,31,975.0,77,11.5,13.7,27.0,439.4,261.0,664.1,10,176,0,1,0,114.83,50.0,330.99
2024-06-24 11:00:00+05:30,39.4,29,974.6,92,12.6,14.8,28.8,449.5,294.0,738.8,11,176,0,1,0,132.32,50.0,343.83
2024-06-24 12:00:00+05:30,40.1,29,973.9,100,12.8,15.0,29.9,435.1,330.0,769.0,12,176,0,1,0,141.61,50.0,354.01
2024-06-24 13:00:00+05:30,39.5,30,973.0,100,7.5,8.9,29.5,53.4,338.0,385.6,13,176,0,1,0,77.72,15.93,309.27
2024-06-24 14:00:00+05:30,39.9,28,972.1,100,4.8,5.0,20.2,91.8,328.0,397.1,14,176,0,1,0,81.73,3.18,351.08
2024-06-24 15:00:00+05:30,39.8,30,971.3,88,13.3,16.2,24.1,236.8,271.0,435.7,15,176,0,1,0,90.65,50.0,349.63
2024-06-24 16:00:00+05:30,38.7,32,970.7,95,19.5,24.8,43.2,326.5,239.0,412.3,16,176,0,1,0,88.03,50.0,333.82
2024-06-24 17:00:00+05:30,39.0,31,970.2,63,12.2,15.5,37.4,219.4,170.0,231.0,17,176,0,1,0,52.87,50.0,338.09
2024-06-24 18:00:00+05:30,39.3,30,970.4,37,8.9,11.1,29.9,140.7,110.0,103.4,18,176,0,0,1,27.6,29.57,317.39
2024-06-24 19:00:00+05:30,38.5,31,971.0,77,2.9,4.7,16.9,23.5,28.0,0.0,19,176,0,0,1,0.0,0.85,305.99
2024-06-24 20:00:00+05:30,31.1,64,972.3,100,24.5,35.3,47.9,0.0,0.0,0.0,20,176,0,0,1,0.0,0.0,213.24
2024-06-24 21:00:00+05:30,31.5,62,973.0,76,20.0,28.2,40.7,0.0,0.0,0.0,21,176,0,0,1,0.0,50.0,217.56
2024-06-24 22:00:00+05:30,31.5,62,973.1,95,18.0,25.4,34.6,0.0,0.0,0.0,22,176,0,0,1,0.0,50.0,217.56
2024-06-24 23:00:00+05:30,31.0,64,973.4,99,17.1,25.3,32.8,0.0,0.0,0.0,23,176,0,0,1,0.0,50.0,212.18
2024-06-25 00:00:00+05:30,30.4,67,973.0,100,14.8,21.8,29.5,0.0,0.0,0.0,0,177,1,0,0,0.0,50.0,110.92
2024-06-25 01:00:00+05:30,30.4,67,972.5,99,10.5,15.1,24.8,0.0,0.0,0.0,1,177,1,0,0,0.0,50.0,110.92
2024-06-25 02:00:00+05:30,30.3,68,972.3,100,12.2,16.9,22.0,0.0,0.0,0.0,2,177,1,0,0,0.0,50.0,109.9
2024-06-25 03:00:00+05:30,30.2,68,972.1,100,8.2,11.2,21.2,0.0,0.0,0.0,3,177,1,0,0,0.0,27.79,108.89
2024-06-25 04:00:00+05:30,30.1,68,972.3,91,5.6,8.1,14.4,0.0,0.0,0.0,4,177,1,0,0,0.0,9.23,107.89
2024-06-25 05:00:00+05:30,29.9,69,972.0,79,4.2,6.2,10.8,0.0,0.0,0.0,5,177,1,0,0,0.0,3.57,105.89
2024-06-25 06:00:00+05:30,29.6,72,973.6,97,5.2,6.6,13.0,0.0,10.0,31.2,6,177,1,0,0,2.24,5.64,102.96
2024-06-25 07:00:00+05:30,30.7,66,973.8,89,6.2,7.4,14.8,73.5,84.0,146.4,7,177,1,0,0,19.51,9.01,154.02
2024-06-25 08:00:00+05:30,32.5,58,974.0,82,6.1,7.6,16.2,187.1,160.0,298.7,8,177,1,0,0,46.73,9.2,173.76
2024-06-25 09:00:00+05:30,34.3,53,973.9,18,9.1,10.9,22.3,304.1,221.0,472.3,9,177,1,1,0,79.67,30.09,275.25
2024-06-25 10:00:00+05:30,36.0,47,973.5,2,8.9,10.5,23.4,363.7,286.0,625.3,10,177,1,1,0,110.32,27.2,296.94
2024-06-25 11:00:00+05:30,37.2,43,972.7,2,5.8,7.1,23.4,352.7,306.0,658.4,11,177,1,1,0,120.56,7.41,312.98
2024-06-25 12:00:00+05:30,38.8,38,972.0,40,3.3,3.6,23.0,533.8,295.0,832.0,12,177,1,1,0,152.54,0.5,335.24
2024-06-25 13:00:00+05:30,40.0,35,971.5,12,2.3,2.4,18.7,460.0,333.0,779.1,13,177,1,1,0,147.11,0.0,316.54
2024-06-25 14:00:00+05:30,41.2,32,970.3,35,4.1,4.6,18.0,497.0,288.0,726.3,14,177,1,1,0,140.17,1.67,370.34
2024-06-25 15:00:00+05:30,41.6,30,969.3,60,7.6,8.8,21.2,427.4,257.0,572.4,15,177,1,1,0,114.88,15.73,376.38
2024-06-25 16:00:00+05:30,40.4,29,969.0,86,17.6,20.9,32.8,248.2,232.0,357.8,16,177,1,1,0,76.94,50.0,358.42
2024-06-25 17:00:00+05:30,36.2,41,970.0,100,19.8,26.0,38.2,135.3,183.0,205.9,17,177,1,1,0,49.17,50.0,299.57
2024-06-25 18:00:00+05:30,32.9,58,971.2,100,9.9,12.6,25.9,21.8,76.0,55.4,18,177,1,0,1,16.92,43.39,233.4
2024-06-25 19:00:00+05:30,32.3,60,971.3,100,4.1,4.8,19.4,0.0,14.0,0.0,19,177,1,0,1,0.0,1.91,226.48
2024-06-25 20:00:00+05:30,31.6,66,972.1,100,10.2,13.3,17.3,0.0,0.0,0.0,20,177,1,0,1,0.0,50.0,218.66
2024-06-25 21:00:00+05:30,30.5,74,972.9,100,10.5,13.9,20.2,0.0,0.0,0.0,21,177,1,0,1,0.0,50.0,206.95
2024-06-25 22:00:00+05:30,30.3,75,973.2,100,12.1,16.2,20.9,0.0,0.0,0.0,22,177,1,0,1,0.0,50.0,204.9
2024-06-25 23:00:00+05:30,29.6,76,973.1,100,10.9,14.8,22.3,0.0,0.0,0.0,23,177,1,0,1,0.0,50.0,197.96
2024-06-26 00:00:00+05:30,29.0,80,972.6,100,7.3,10.0,19.4,0.0,0.0,0.0,0,178,2,0,0,0.0,19.55,97.29
2024-06-26 01:00:00+05:30,28.5,85,972.2,100,6.5,9.5,13.7,0.0,0.0,0.0,1,178,2,0,0,0.0,15.26,92.79
2024-06-26 02:00:00+05:30,28.3,88,972.0,100,5.7,8.7,12.2,0.0,0.0,0.0,2,178,2,0,0,0.0,10.86,91.05
2024-06-26 03:00:00+05:30,28.4,86,972.1,100,5.1,7.4,10.8,0.0,0.0,0.0,3,178,2,0,0,0.0,6.85,91.92
2024-06-26 04:00:00+05:30,28.5,84,972.1,98,6.0,8.4,10.4,0.0,0.0,0.0,4,178,2,0,0,0.0,10.93,92.79
2024-06-26 05:00:00+05:30,28.5,84,972.2,62,3.9,6.0,10.1,0.0,0.0,0.0,5,178,2,0,0,0.0,2.96,92.79
2024-06-26 06:00:00+05:30,28.7,78,973.3,49,5.7,7.2,14.0,11.2,10.0,34.5,6,178,2,0,0,2.25,7.64,94.57
2024-06-26 07:00:00+05:30,29.5,73,973.0,78,4.8,6.3,12.6,94.3,86.0,156.7,7,178,2,0,0,20.41,4.55,142.0
2024-06-26 08:00:00+05:30,30.8,66,972.9,78,5.6,6.6,15.5,229.4,159.0,320.7,8,178,2,0,0,49.7,6.26,155.07
2024-06-26 09:00:00+05:30,32.2,61,973.3,73,4.7,5.6,16.6,344.8,215.0,495.1,9,178,2,1,0,83.57,3.43,250.35
2024-06-26 10:00:00+05:30,33.6,56,973.4,44,3.9,4.4,16.2,386.4,269.0,626.5,10,178,2,1,0,111.38,1.39,266.7
2024-06-26 11:00:00+05:30,35.1,51,973.1,14,4.1,4.6,17.3,478.1,287.0,758.8,11,178,2,1,0,138.0,1.71,285.3
2024-06-26 12:00:00+05:30,36.4,47,972.6,7,3.1,3.7,21.2,522.7,296.0,821.9,12,178,2,1,0,152.52,0.4,302.22
2024-06-26 13:00:00+05:30,37.4,44,971.6,28,3.9,4.5,21.2,503.3,302.0,791.0,13,178,2,1,0,150.69,1.45,279.71
2024-06-26 14:00:00+05:30,37.8,43,971.2,44,5.4,5.8,19.8,471.6,289.0,704.3,14,178,2,1,0,138.48,4.89,321.21
2024-06-26 15:00:00+05:30,36.8,49,970.2,99,11.6,13.5,26.3,364.9,274.0,539.2,15,178,2,1,0,111.37,50.0,307.57
2024-06-26 16:00:00+05:30,37.5,45,969.9,99,6.8,8.4,25.6,283.5,241.0,387.8,16,178,2,1,0,83.85,12.59,317.08
2024-06-26 17:00:00+05:30,33.5,62,970.5,100,16.1,21.3,30.6,34.3,159.0,143.6,17,178,2,1,0,36.31,50.0,265.5
2024-06-26 18:00:00+05:30,29.6,65,973.2,100,18.0,23.9,30.6,6.2,74.0,50.8,18,178,2,0,1,16.14,50.0,197.96
2024-06-26 19:00:00+05:30,27.8,76,973.2,100,9.9,13.4,33.5,0.0,7.0,0.0,19,178,2,0,1,0.0,50.0,181.86
2024-06-26 20:00:00+05:30,26.9,85,974.2,100,9.7,14.5,19.1,0.0,0.0,0.0,20,178,2,0,1,0.0,50.0,174.99
2024-06-26 21:00:00+05:30,26.7,88,974.5,100,3.3,7.4,17.6,0.0,0.0,0.0,21,178,2,0,1,0.0,3.57,173.6
2024-06-26 22:00:00+05:30,26.7,91,974.5,100,6.9,11.4,11.9,0.0,0.0,0.0,22,178,2,0,1,0.0,23.08,173.6
2024-06-26 23:00:00+05:30,26.7,92,974.6,100,6.5,10.0,14.8,0.0,0.0,0.0,23,178,2,0,1,0.0,16.87,173.6
2024-06-27 00:00:00+05:30,26.8,94,973.9,100,6.5,14.2,11.5,0.0,0.0,0.0,0,179,3,0,0,0.0,31.32,79.29
2024-06-27 01:00:00+05:30,26.9,93,973.5,100,6.1,16.1,12.2,0.0,0.0,0.0,1,179,3,0,0,0.0,35.82,79.99
2024-06-27 02:00:00+05:30,27.1,94,973.1,100,7.0,18.7,13.0,0.0,0.0,0.0,2,179,3,0,0,0.0,50.0,81.44
2024-06-27 03:00:00+05:30,27.2,96,972.7,100,5.6,13.7,12.2,0.0,0.0,0.0,3,179,3,0,0,0.0,24.04,82.18
2024-06-27 04:00:00+05:30,27.4,95,972.8,63,4.8,12.0,10.4,0.0,0.0,0.0,4,179,3,0,0,0.0,15.41,83.69
2024-06-27 05:00:00+05:30,27.4,95,973.0,80,6.6,11.9,11.2,0.0,0.0,0.0,5,179,3,0,0,0.0,23.37,83.69
2024-06-27 06:00:00+05:30,28.0,90,973.6,100,13.0,24.1,22.0,11.3,12.0,41.1,6,179,3,0,0,2.71,50.0,88.51
2024-06-27 07:00:00+05:30,29.2,81,974.1,100,14.2,20.1,25.6,57.6,79.0,133.9,7,179,3,0,0,18.23,50.0,139.15
2024-06-27 08:00:00+05:30,30.7,75,974.5,100,13.2,17.5,26.3,103.9,164.0,257.5,8,179,3,0,0,42.14,50.0,154.02
2024-06-27 09:00:00+05:30,32.5,65,975.0,100,14.0,17.7,27.7,166.4,246.0,400.0,9,179,3,1,0,70.06,50.0,253.76
2024-06-27 10:00:00+05:30,33.6,62,974.8,100,13.9,17.4,29.2,264.4,294.0,547.6,10,179,3,1,0,99.06,50.0,266.7
2024-06-27 11:00:00+05:30,34.1,60,974.9,100,13.2,16.3,29.5,233.2,337.0,576.0,11,179,3,1,0,108.51,50.0,272.79
2024-06-27 12:00:00+05:30,34.7,57,974.3,100,11.5,14.3,28.1,157.7,356.0,518.6,12,179,3,1,0,101.63,50.0,280.24
2024-06-27 13:00:00+05:30,35.3,55,973.1,100,9.5,11.6,25.9,185.2,367.0,543.5,13,179,3,1,0,108.7,35.38,251.85
2024-06-27 14:00:00+05:30,33.5,63,972.9,100,7.4,8.7,23.0,198.3,339.0,504.4,14,179,3,1,0,104.63,15.31,265.5
2024-06-27 15:00:00+05:30,29.7,82,973.9,100,12.5,16.2,33.8,75.3,252.0,291.8,15,179,3,1,0,65.4,50.0,223.93
2024-06-27 16:00:00+05:30,29.0,88,973.1,100,7.1,9.7,24.8,0.0,72.0,63.3,16,179,3,1,0,15.56,17.85,217.29
2024-06-27 17:00:00+05:30,28.8,90,973.0,100,7.0,8.6,13.0,3.8,78.0,64.9,17,179,3,1,0,17.18,14.11,215.47
2024-06-27 18:00:00+05:30,28.2,92,973.3,100,7.2,8.9,16.6,0.0,30.0,20.0,18,179,3,0,1,6.52,15.64,185.19
2024-06-27 19:00:00+05:30,27.5,93,974.5,100,5.9,7.3,13.3,0.0,3.0,0.0,19,179,3,0,1,0.0,8.28,179.47
2024-06-27 20:00:00+05:30,27.3,94,975.2,100,7.1,9.7,12.2,0.0,0.0,0.0,20,179,3,0,1,0.0,17.99,177.93
2024-06-27 21:00:00+05:30,27.4,95,975.6,100,4.5,7.6,13.0,0.0,0.0,0.0,21,179,3,0,1,0.0,6.04,178.69
2024-06-27 22:00:00+05:30,27.6,95,976.1,100,7.3,12.6,11.2,0.0,0.0,0.0,22,179,3,0,1,0.0,29.64,180.26
2024-06-27 23:00:00+05:30,27.4,95,975.9,100,8.9,14.5,15.5,0.0,0.0,0.0,23,179,3,0,1,0.0,50.0,178.69
2024-06-28 00:00:00+05:30,27.2,95,975.1,100,5.5,11.1,14.4,0.0,0.0,0.0,0,180,4,0,0,0.0,16.18,82.18
2024-06-28 01:00:00+05:30,27.2,95,974.5,100,3.6,7.5,9.0,0.0,0.0,0.0,1,180,4,0,0,0.0,4.2,82.18
2024-06-28 02:00:00+05:30,27.2,95,974.5,100,6.0,10.1,9.7,0.0,0.0,0.0,2,180,4,0,0,0.0,15.37,82.18
2024-06-28 03:00:00+05:30,27.2,95,974.4,100,6.8,12.1,11.9,0.0,0.0,0.0,3,180,4,0,0,0.0,25.1,82.18
2024-06-28 04:00:00+05:30,27.1,95,974.5,100,4.2,9.0,10.8,0.0,0.0,0.0,4,180,4,0,0,0.0,7.56,81.44
2024-06-28 05:00:00+05:30,27.1,97,974.7,100,5.4,10.0,9.4,0.0,0.0,0.0,5,180,4,0,0,0.0,13.07,81.44
2024-06-28 06:00:00+05:30,27.1,92,975.2,100,6.1,7.6,11.9,0.0,7.0,22.3,6,180,4,0,0,1.58,9.37,81.44
2024-06-28 07:00:00+05:30,27.6,90,976.2,99,5.4,6.8,12.2,37.2,63.0,103.8,7,180,4,0,0,14.49,6.37,125.26
2024-06-28 08:00:00+05:30,28.5,84,976.6,98,6.1,7.4,15.1,104.1,143.0,232.0,8,180,4,0,0,38.1,8.89,132.79
2024-06-28 09:00:00+05:30,29.9,78,976.5,97,5.6,6.8,16.2,235.1,235.0,437.5,9,180,4,1,0,76.2,6.67,225.89
2024-06-28 10:00:00+05:30,31.1,72,976.3,92,5.2,6.4,18.0,327.0,287.0,594.2,10,180,4,1,0,107.59,5.29,238.24
2024-06-28 11:00:00+05:30,32.1,66,976.0,100,2.6,2.9,18.4,331.4,316.0,648.2,11,180,4,1,0,121.58,0.0,249.22
2024-06-28 12:00:00+05:30,33.0,61,975.2,97,5.5,6.4,18.4,306.2,345.0,655.6,12,180,4,1,0,126.67,5.71,259.57
2024-06-28 13:00:00+05:30,33.4,60,974.2,89,6.8,7.9,20.5,337.2,327.0,653.0,13,180,4,1,0,129.28,11.46,228.31
2024-06-28 14:00:00+05:30,29.8,77,974.1,99,10.4,13.2,28.4,111.8,286.0,375.2,14,180,4,1,0,80.59,50.0,224.91
2024-06-28 15:00:00+05:30,29.8,77,973.8,100,6.4,7.4,22.3,45.9,212.0,231.8,15,180,4,1,0,52.49,9.45,224.91
2024-06-28 16:00:00+05:30,29.2,81,973.1,100,4.0,5.0,15.5,5.7,103.0,94.1,16,180,4,1,0,22.92,2.04,219.15
2024-06-28 17:00:00+05:30,29.2,83,972.5,100,5.2,6.3,11.5,0.0,94.0,76.3,17,180,4,1,0,20.23,5.14,219.15
2024-06-28 18:00:00+05:30,29.9,72,973.1,100,7.1,9.2,14.4,0.0,61.0,40.8,18,180,4,0,1,13.12,16.19,200.89
2024-06-28 19:00:00+05:30,29.3,75,973.5,100,5.9,8.5,13.7,0.0,13.0,0.1,19,180,4,0,1,2.79,10.9,195.09
2024-06-28 20:00:00+05:30,29.0,78,974.0,100,7.9,12.0,13.0,0.0,0.0,0.0,20,180,4,0,1,0.0,30.02,192.29
2024-06-28 21:00:00+05:30,28.8,79,974.3,100,5.9,7.9,13.3,0.0,0.0,0.0,21,180,4,0,1,0.0,9.55,190.47
2024-06-28 22:00:00+05:30,28.7,81,974.8,100,3.3,5.4,9.4,0.0,0.0,0.0,22,180,4,0,1,0.0,1.73,189.57
2024-06-28 23:00:00+05:30,28.5,83,974.7,100,2.9,6.6,5.8,0.0,0.0,0.0,23,180,4,0,1,0.0,2.22,187.79
2024-06-29 00:00:00+05:30,28.2,85,974.3,100,0.4,2.4,4.0,0.0,0.0,0.0,0,181,5,0,0,0.0,0.0,90.19
2024-06-29 01:00:00+05:30,28.1,85,974.0,100,1.8,7.2,3.2,0.0,0.0,0.0,1,181,5,0,0,0.0,0.22,89.35
2024-06-29 02:00:00+05:30,28.0,85,973.6,100,3.3,8.8,6.1,0.0,0.0,0.0,2,181,5,0,0,0.0,5.05,88.51
2024-06-29 03:00:00+05:30,28.0,85,973.6,100,4.7,10.3,7.2,0.0,0.0,0.0,3,181,5,0,0,0.0,11.34,88.51
2024-06-29 04:00:00+05:30,27.9,84,973.8,100,8.1,15.3,13.0,0.0,0.0,0.0,4,181,5,0,0,0.0,50.0,87.68
2024-06-29 05:00:00+05:30,27.8,84,974.3,100,10.0,16.9,16.2,0.0,0.0,0.0,5,181,5,0,0,0.0,50.0,86.86
2024-06-29 06:00:00+05:30,27.6,85,974.5,39,11.2,15.6,18.7,0.0,8.0,25.8,6,181,5,0,0,1.81,50.0,85.26
2024-06-29 07:00:00+05:30,28.1,82,975.1,100,10.6,13.9,20.5,45.7,79.0,129.9,7,181,5,0,0,18.08,50.0,129.35
2024-06-29 08:00:00+05:30,28.5,80,975.6,100,10.7,13.9,20.2,0.0,105.0,128.3,8,181,5,0,0,22.75,50.0,132.79
2024-06-29 09:00:00+05:30,29.2,77,975.7,100,13.8,17.9,25.2,0.0,175.0,198.4,9,181,5,0,0,37.46,50.0,159.15
2024-06-29 10:00:00+05:30,31.2,67,975.8,98,12.8,16.1,28.8,261.1,298.0,548.9,10,181,5,0,0,100.32,50.0,179.31
2024-06-29 11:00:00+05:30,31.9,65,975.7,100,11.7,14.3,26.3,109.1,371.0,492.5,11,181,5,0,0,95.26,50.0,186.98
2024-06-29 12:00:00+05:30,32.3,64,975.2,100,8.7,10.3,24.5,110.9,391.0,507.5,12,181,5,0,0,100.83,25.86,191.48
2024-06-29 13:00:00+05:30,32.8,64,974.3,100,6.2,7.4,20.2,226.5,383.0,599.8,13,181,5,0,0,120.28,8.95,179.23
2024-06-29 14:00:00+05:30,33.2,63,973.7,100,5.2,5.8,18.0,378.5,299.0,629.9,14,181,5,0,0,127.89,4.36,201.93
2024-06-29 15:00:00+05:30,33.7,62,972.9,100,3.7,4.6,16.2,291.5,312.0,517.2,15,181,5,0,0,109.16,1.4,207.91
2024-06-29 16:00:00+05:30,33.4,62,972.7,98,8.9,10.7,19.8,243.4,275.0,393.2,16,181,5,0,0,87.13,28.33,204.31
2024-06-29 17:00:00+05:30,29.1,79,973.7,100,18.4,26.4,31.3,79.8,176.0,176.9,17,181,5,0,0,44.46,50.0,158.22
2024-06-29 18:00:00+05:30,28.5,86,973.4,100,6.5,9.0,28.1,3.1,49.0,33.4,18,181,5,0,1,10.73,13.86,187.79
2024-06-29 19:00:00+05:30,28.1,89,974.2,100,8.5,12.6,14.8,0.0,14.0,0.1,19,181,5,0,1,3.02,36.15,184.35
2024-06-29 20:00:00+05:30,27.5,92,975.0,100,9.8,15.5,15.8,0.0,0.0,0.0,20,181,5,0,1,0.0,50.0,179.47
2024-06-29 21:00:00+05:30,27.4,93,975.3,100,12.6,19.9,19.8,0.0,0.0,0.0,21,181,5,0,1,0.0,50.0,178.69
2024-06-29 22:00:00+05:30,26.9,94,975.5,89,12.6,20.9,22.7,0.0,0.0,0.0,22,181,5,0,1,0.0,50.0,174.99
2024-06-29 23:00:00+05:30,26.8,93,976.0,74,12.2,19.5,21.6,0.0,0.0,0.0,23,181,5,0,1,0.0,50.0,174.29
2024-06-30 00:00:00+05:30,26.6,94,975.7,98,12.4,20.4,20.2,0.0,0.0,0.0,0,182,6,0,0,0.0,50.0,77.92
2024-06-30 01:00:00+05:30,26.6,94,975.3,100,13.6,21.8,22.3,0.0,0.0,0.0,1,182,6,0,0,0.0,50.0,77.92
2024-06-30 02:00:00+05:30,26.6,94,974.7,100,13.0,20.4,22.3,0.0,0.0,0.0,2,182,6,0,0,0.0,50.0,77.92
2024-06-30 03:00:00+05:30,26.4,94,974.5,100,13.4,21.0,24.1,0.0,0.0,0.0,3,182,6,0,0,0.0,50.0,76.61
2024-06-30 04:00:00+05:30,26.2,94,974.8,100,14.4,21.4,24.8,0.0,0.0,0.0,4,182,6,0,0,0.0,50.0,75.37
2024-06-30 05:00:00+05:30,26.2,93,975.1,99,13.7,20.8,24.5,0.0,0.0,0.0,5,182,6,0,0,0.0,50.0,75.37
2024-06-30 06:00:00+05:30,27.2,89,975.0,100,14.4,20.7,24.8,0.0,10.0,32.5,6,182,6,0,0,2.26,50.0,82.18
2024-06-30 07:00:00+05:30,27.7,87,975.4,99,15.4,20.8,27.0,25.0,70.0,109.9,7,182,6,0,0,15.77,50.0,126.05
2024-06-30 08:00:00+05:30,28.5,83,975.4,100,15.3,20.0,28.4,53.4,154.0,217.5,8,182,6,0,0,36.88,50.0,132.79
2024-06-30 09:00:00+05:30,29.7,76,975.8,100,14.4,18.2,28.8,190.5,220.0,387.9,9,182,6,0,0,68.26,50.0,103.93
2024-06-30 10:00:00+05:30,30.1,75,976.0,63,13.7,17.4,27.7,45.0,255.0,315.1,10,182,6,0,0,60.62,50.0,107.89
2024-06-30 11:00:00+05:30,31.3,70,975.6,46,12.1,15.0,27.7,177.8,344.0,530.2,11,182,6,0,0,101.88,50.0,120.39
2024-06-30 12:00:00+05:30,32.4,67,975.1,46,12.2,15.1,26.3,371.5,332.0,707.5,12,182,6,0,0,136.0,50.0,132.62
2024-06-30 13:00:00+05:30,33.6,63,973.8,18,10.7,12.8,27.0,447.9,322.0,756.8,13,182,6,0,0,147.47,50.0,146.7
2024-06-30 14:00:00+05:30,33.6,63,972.7,34,7.6,9.3,24.1,224.5,322.0,512.2,14,182,6,0,0,105.96,17.88,146.7
2024-06-30 15:00:00+05:30,33.8,61,972.0,49,8.7,10.4,20.5,387.8,275.0,558.8,15,182,6,0,0,116.59,26.09,149.12
2024-06-30 16:00:00+05:30,32.8,66,971.8,69,13.0,16.4,23.8,166.9,193.0,273.6,16,182,6,0,0,61.8,50.0,137.23
2024-06-30 17:00:00+05:30,31.8,70,972.3,84,19.8,26.4,32.8,199.3,176.0,228.1,17,182,6,0,0,54.2,50.0,125.86
2024-06-30 18:00:00+05:30,33.1,60,972.3,30,13.2,19.6,22.3,139.5,110.0,103.7,18,182,6,0,1,28.41,50.0,235.75
2024-06-30 19:00:00+05:30,31.9,66,972.4,34,14.3,22.8,23.4,31.0,29.0,0.4,19,182,6,0,1,6.16,50.0,221.98
2024-06-30 20:00:00+05:30,30.6,71,973.3,83,19.1,28.1,31.7,0.0,0.0,0.0,20,182,6,0,1,0.0,50.0,207.98
2024-06-30 21:00:00+05:30,29.1,78,973.8,50,17.2,26.2,32.0,0.0,0.0,0.0,21,182,6,0,1,0.0,50.0,193.22
2024-06-30 22:00:00+05:30,28.4,82,974.3,38,18.2,27.3,29.5,0.0,0.0,0.0,22,182,6,0,1,0.0,50.0,186.92
2024-06-30 23:00:00+05:30,27.7,85,974.5,36,18.3,27.0,32.0,0.0,0.0,0.0,23,182,6,0,1,0.0,50.0,181.05
2024-07-01 00:00:00+05:30,27.3,86,974.0,45,16.5,23.9,30.6,0.0,0.0,0.0,0,183,0,0,0,0.0,50.0,82.93
2024-07-01 01:00:00+05:30,27.0,86,973.5,59,14.9,22.6,28.8,0.0,0.0,0.0,1,183,0,0,0,0.0,50.0,80.71
2024-07-01 02:00:00+05:30,26.7,87,972.9,85,14.0,21.4,24.8,0.0,0.0,0.0,2,183,0,0,0,0.0,50.0,78.6
2024-07-01 03:00:00+05:30,26.7,87,972.6,96,14.6,22.6,25.2,0.0,0.0,0.0,3,183,0,0,0,0.0,50.0,78.6
2024-07-01 04:00:00+05:30,26.7,87,972.6,88,14.2,21.2,25.9,0.0,0.0,0.0,4,183,0,0,0,0.0,50.0,78.6
2024-07-01 05:00:00+05:30,26.6,87,972.6,100,13.7,20.9,24.5,0.0,0.0,0.0,5,183,0,0,0,0.0,50.0,77.92
2024-07-01 06:00:00+05:30,27.2,84,973.0,97,12.7,17.5,22.0,11.6,11.0,39.4,6,183,0,0,0,2.5,50.0,82.18
2024-07-01 07:00:00+05:30,27.8,81,973.4,100,17.2,22.6,29.5,41.9,73.0,120.2,7,183,0,0,0,16.72,50.0,126.86
2024-07-01 08:00:00+05:30,28.5,78,973.9,100,17.3,22.7,31.7,29.0,135.0,181.0,8,183,0,0,0,31.17,50.0,132.79
2024-07-01 09:00:00+05:30,29.5,74,974.0,100,15.0,18.8,31.0,75.0,208.0,290.4,9,183,0,1,0,52.86,50.0,222.0
2024-07-01 10:00:00+05:30,30.6,69,973.8,100,12.5,15.8,28.1,71.3,300.0,386.6,10,183,0,1,0,73.45,50.0,232.98
2024-07-01 11:00:00+05:30,31.7,65,973.4,100,11.4,14.5,25.2,96.1,352.0,460.2,11,183,0,1,0,89.47,50.0,244.76
2024-07-01 12:00:00+05:30,33.0,60,972.6,100,12.6,15.7,25.6,126.2,408.0,540.1,12,183,0,1,0,106.52,50.0,259.57
2024-07-01 13:00:00+05:30,34.0,56,971.5,98,13.0,16.2,26.6,152.0,409.0,552.6,13,183,0,1,0,111.2,50.0,235.56
2024-07-01 14:00:00+05:30,34.9,53,970.3,92,11.6,14.5,26.3,198.1,380.0,543.8,14,183,0,1,0,111.7,50.0,282.76
2024-07-01 15:00:00+05:30,35.4,51,969.5,59,12.7,16.3,25.2,212.6,351.0,491.4,15,183,0,1,0,103.98,50.0,289.14
2024-07-01 16:00:00+05:30,35.6,50,969.0,59,15.1,19.5,28.1,234.7,266.0,380.1,16,183,0,1,0,83.65,50.0,291.72
2024-07-01 17:00:00+05:30,35.3,51,968.8,58,17.3,23.8,30.6,199.1,191.0,240.3,17,183,0,1,0,56.44,50.0,287.85
2024-07-01 18:00:00+05:30,34.1,54,969.2,88,13.7,21.2,25.2,77.4,111.0,91.0,18,183,0,0,1,26.22,50.0,247.79
2024-07-01 19:00:00+05:30,33.3,55,969.9,99,12.2,20.9,22.7,23.2,29.0,0.4,19,183,0,0,1,6.12,50.0,238.11
2024-07-01 20:00:00+05:30,32.3,60,970.6,79,14.0,23.8,22.0,0.0,0.0,0.0,20,183,0,0,1,0.0,50.0,226.48
2024-07-01 21:00:00+05:30,31.1,67,971.6,100,13.3,21.8,23.8,0.0,0.0,0.0,21,183,0,0,1,0.0,50.0,213.24
2024-07-01 22:00:00+05:30,30.3,72,972.1,40,12.6,20.5,21.2,0.0,0.0,0.0,22,183,0,0,1,0.0,50.0,204.9
2024-07-01 23:00:00+05:30,29.5,76,971.9,73,14.3,22.9,23.0,0.0,0.0,0.0,23,183,0,0,1,0.0,50.0,197.0
2024-07-02 00:00:00+05:30,28.7,79,971.1,15,16.8,25.7,27.7,0.0,0.0,0.0,0,184,1,0,0,0.0,50.0,94.57
2024-07-02 01:00:00+05:30,27.8,82,970.6,39,16.8,25.8,28.1,0.0,0.0,0.0,1,184,1,0,0,0.0,50.0,86.86
2024-07-02 02:00:00+05:30,27.4,84,970.1,99,16.5,24.8,29.2,0.0,0.0,0.0,2,184,1,0,0,0.0,50.0,83.69
2024-07-02 03:00:00+05:30,27.1,85,969.7,95,15.0,23.2,27.7,0.0,0.0,0.0,3,184,1,0,0,0.0,50.0,81.44
2024-07-02 04:00:00+05:30,26.9,86,969.9,74,13.5,21.3,24.8,0.0,0.0,0.0,4,184,1,0,0,0.0,50.0,79.99
2024-07-02 05:00:00+05:30,26.8,87,970.3,100,11.6,18.1,22.0,0.0,0.0,0.0,5,184,1,0,0,0.0,50.0,79.29
2024-07-02 06:00:00+05:30,27.9,82,970.8,97,15.0,20.9,25.9,0.0,8.0,26.5,6,184,1,0,0,1.81,50.0,87.68
2024-07-02 07:00:00+05:30,28.5,79,971.1,99,16.9,22.4,31.0,29.5,71.0,113.2,7,184,1,0,0,16.01,50.0,132.79
2024-07-02 08:00:00+05:30,29.6,75,971.7,97,14.0,18.0,29.9,138.6,169.0,282.6,8,184,1,0,0,45.66,50.0,142.96
2024-07-02 09:00:00+05:30,31.0,68,971.7,100,13.6,17.3,27.4,231.7,241.0,441.5,9,184,1,1,0,76.6,50.0,237.18
2024-07-02 10:00:00+05:30,32.3,63,971.5,100,13.5,16.8,28.4,286.8,304.0,577.3,10,184,1,1,0,104.59,50.0,251.48
2024-07-02 11:00:00+05:30,33.6,57,971.0,100,11.8,14.5,27.7,254.5,376.0,637.1,11,184,1,1,0,119.45,50.0,266.7
2024-07-02 12:00:00+05:30,34.6,54,970.6,100,12.7,15.8,26.6,282.0,386.0,673.2,12,184,1,1,0,129.11,50.0,278.98
2024-07-02 13:00:00+05:30,34.7,54,970.3,99,15.2,19.4,30.2,161.0,408.0,560.5,13,184,1,1,0,112.31,50.0,244.24
2024-07-02 14:00:00+05:30,34.5,55,969.8,52,16.3,20.6,30.6,56.9,361.0,397.3,14,184,1,1,0,83.89,50.0,277.74
2024-07-02 15:00:00+05:30,35.3,52,969.2,100,15.6,19.5,31.7,414.6,271.0,576.5,15,184,1,1,0,119.17,50.0,287.85
2024-07-02 16:00:00+05:30,35.3,51,969.0,100,16.5,21.1,30.6,340.5,240.0,423.2,16,184,1,1,0,91.6,50.0,287.85
2024-07-02 17:00:00+05:30,34.9,52,968.5,100,15.8,20.3,30.6,219.9,192.0,250.0,17,184,1,1,0,58.51,50.0,282.76
2024-07-02 18:00:00+05:30,34.4,53,969.0,97,13.2,19.8,23.4,145.4,114.0,107.8,18,184,1,0,1,29.36,50.0,251.49
2024-07-02 19:00:00+05:30,32.7,61,969.5,99,18.5,28.7,29.9,23.2,32.0,0.5,19,184,1,0,1,6.77,50.0,231.07
2024-07-02 20:00:00+05:30,31.4,68,970.4,100,16.7,26.5,31.3,0.0,0.0,0.0,20,184,1,0,1,0.0,50.0,216.47
2024-07-02 21:00:00+05:30,30.6,74,971.5,100,19.5,30.0,32.0,0.0,0.0,0.0,21,184,1,0,1,0.0,50.0,207.98
2024-07-02 22:00:00+05:30,29.7,79,972.5,100,20.2,30.9,33.5,0.0,0.0,0.0,22,184,1,0,1,0.0,0.0,198.93
2024-07-02 23:00:00+05:30,28.7,84,972.5,100,20.8,30.5,37.1,0.0,0.0,0.0,23,184,1,0,1,0.0,0.0,189.57
2024-07-03 00:00:00+05:30,28.2,86,972.0,99,18.8,27.8,35.3,0.0,0.0,0.0,0,185,2,0,0,0.0,50.0,90.19
2024-07-03 01:00:00+05:30,27.9,86,971.6,100,17.2,25.6,32.4,0.0,0.0,0.0,1,185,2,0,0,0.0,50.0,87.68
2024-07-03 02:00:00+05:30,27.7,87,971.5,100,17.1,25.3,30.6,0.0,0.0,0.0,2,185,2,0,0,0.0,50.0,86.05
2024-07-03 03:00:00+05:30,27.5,87,971.4,100,16.1,24.2,29.9,0.0,0.0,0.0,3,185,2,0,0,0.0,50.0,84.47
2024-07-03 04:00:00+05:30,27.3,88,971.8,100,15.6,23.8,27.7,0.0,0.0,0.0,4,185,2,0,0,0.0,50.0,82.93
2024-07-03 05:00:00+05:30,27.2,89,972.1,100,14.6,21.9,27.0,0.0,0.0,0.0,5,185,2,0,0,0.0,50.0,82.18
2024-07-03 06:00:00+05:30,27.6,87,972.8,31,14.8,20.4,25.9,0.0,11.0,36.9,6,185,2,0,0,2.49,50.0,85.26
2024-07-03 07:00:00+05:30,28.4,82,973.4,31,14.6,19.1,25.9,72.0,78.0,138.1,7,185,2,0,0,18.27,50.0,131.92
2024-07-03 08:00:00+05:30,29.5,76,973.3,28,15.5,20.1,28.8,154.6,147.0,264.5,8,185,2,0,0,42.18,50.0,142.0
2024-07-03 09:00:00+05:30,31.0,68,973.5,49,16.9,21.2,31.7,285.3,222.0,458.6,9,185,2,1,0,78.68,50.0,237.18
2024-07-03 10:00:00+05:30,32.4,61,973.7,48,17.2,22.1,33.5,313.3,268.0,561.2,10,185,2,1,0,101.43,50.0,252.62
2024-07-03 11:00:00+05:30,33.8,55,973.5,47,17.1,21.5,33.8,385.7,319.0,703.1,11,185,2,1,0,129.97,50.0,269.12
2024-07-03 12:00:00+05:30,34.9,51,973.1,66,15.9,20.0,33.8,425.7,336.0,765.6,12,185,2,1,0,144.51,50.0,282.76
2024-07-03 13:00:00+05:30,35.9,48,972.5,100,16.0,19.9,32.4,531.5,301.0,818.1,13,185,2,1,0,156.51,50.0,259.63
2024-07-03 14:00:00+05:30,36.2,47,971.9,100,17.2,21.8,34.2,433.1,332.0,711.4,14,185,2,1,0,141.2,50.0,299.57
2024-07-03 15:00:00+05:30,36.4,45,971.3,100,16.7,21.3,34.2,394.5,303.0,590.3,15,185,2,1,0,121.55,50.0,302.22
2024-07-03 16:00:00+05:30,36.7,44,970.9,36,17.2,22.1,32.0,382.8,241.0,450.6,16,185,2,1,0,96.35,50.0,306.23
2024-07-03 17:00:00+05:30,36.4,44,970.6,66,16.0,21.6,31.7,284.2,184.0,271.2,17,185,2,1,0,61.95,50.0,302.22
2024-07-03 18:00:00+05:30,35.5,49,971.2,100,18.3,26.8,29.5,99.0,117.0,99.7,18,185,2,0,1,28.14,50.0,265.43
2024-07-03 19:00:00+05:30,34.1,54,972.0,100,12.1,21.3,31.0,23.2,34.0,0.5,19,185,2,0,1,7.15,50.0,247.79
2024-07-03 20:00:00+05:30,33.3,56,972.5,100,11.7,21.9,19.4,0.0,0.0,0.0,20,185,2,0,1,0.0,50.0,238.11
2024-07-03 21:00:00+05:30,32.6,62,973.6,100,15.5,26.0,24.8,0.0,0.0,0.0,21,185,2,0,1,0.0,50.0,229.92
2024-07-03 22:00:00+05:30,31.6,67,974.7,100,16.7,26.9,27.4,0.0,0.0,0.0,22,185,2,0,1,0.0,50.0,218.66
2024-07-03 23:00:00+05:30,30.8,71,974.8,100,17.5,27.4,28.8,0.0,0.0,0.0,23,185,2,0,1,0.0,50.0,210.07
2024-07-04 00:00:00+05:30,30.1,75,974.3,100,18.2,28.3,29.9,0.0,0.0,0.0,0,186,3,0,0,0.0,50.0,107.89
2024-07-04 01:00:00+05:30,29.6,78,973.7,100,17.5,27.0,29.9,0.0,0.0,0.0,1,186,3,0,0,0.0,50.0,102.96
2024-07-04 02:00:00+05:30,29.2,80,973.5,100,16.9,26.0,29.2,0.0,0.0,0.0,2,186,3,0,0,0.0,50.0,99.15
2024-07-04 03:00:00+05:30,28.9,81,973.6,100,16.8,26.0,27.7,0.0,0.0,0.0,3,186,3,0,0,0.0,50.0,96.37
2024-07-04 04:00:00+05:30,28.6,83,973.8,100,16.6,25.7,27.7,0.0,0.0,0.0,4,186,3,0,0,0.0,50.0,93.67
2024-07-04 05:00:00+05:30,28.6,83,974.4,100,15.8,23.4,28.1,0.0,0.0,0.0,5,186,3,0,0,0.0,50.0,93.67
2024-07-04 06:00:00+05:30,29.0,79,975.1,100,14.5,19.6,24.5,0.0,7.0,23.7,6,186,3,0,0,1.57,50.0,97.29
2024-07-04 07:00:00+05:30,28.9,80,975.5,100,16.8,22.8,29.9,0.0,42.0,61.2,7,186,3,0,0,9.18,50.0,136.37
2024-07-04 08:00:00+05:30,29.0,80,976.1,100,16.0,21.1,29.5,6.7,103.0,129.9,8,186,3,0,0,22.75,50.0,137.29
2024-07-04 09:00:00+05:30,30.2,76,976.4,100,15.9,20.7,29.5,31.4,191.0,239.6,9,186,3,1,0,44.24,50.0,228.89
2024-07-04 10:00:00+05:30,31.0,72,976.4,100,15.3,19.6,29.9,22.6,237.0,276.3,10,186,3,1,0,53.38,50.0,237.18
2024-07-04 11:00:00+05:30,30.9,73,976.3,100,15.3,19.9,28.8,0.0,135.0,141.3,11,186,3,1,0,28.81,50.0,236.12
2024-07-04 12:00:00+05:30,30.5,76,975.9,100,13.7,18.3,27.7,0.0,136.0,138.1,12,186,3,1,0,29.05,50.0,231.95
2024-07-04 13:00:00+05:30,31.3,72,974.9,100,13.2,17.3,26.3,9.1,236.0,241.8,13,186,3,1,0,51.44,50.0,204.39
2024-07-04 14:00:00+05:30,33.1,64,974.1,100,14.4,18.2,27.4,73.8,314.0,367.7,14,186,3,1,0,78.27,50.0,260.75
2024-07-04 15:00:00+05:30,34.2,58,973.4,100,16.8,21.7,31.7,125.6,307.0,382.5,15,186,3,1,0,82.96,50.0,274.02
2024-07-04 16:00:00+05:30,34.1,58,973.1,100,17.1,22.8,32.4,104.5,238.0,274.6,16,186,3,1,0,62.68,50.0,272.79
2024-07-04 17:00:00+05:30,34.1,58,972.8,100,17.3,22.9,31.0,83.3,208.0,204.6,17,186,3,1,0,50.42,50.0,272.79
2024-07-04 18:00:00+05:30,32.8,62,973.8,100,10.4,13.8,18.7,0.0,64.0,42.8,18,186,3,0,1,13.6,50.0,232.23
2024-07-04 19:00:00+05:30,32.3,64,973.5,100,9.2,13.9,19.1,0.0,22.0,0.3,19,186,3,0,1,4.67,50.0,226.48
2024-07-04 20:00:00+05:30,32.0,65,973.7,100,10.0,16.5,15.8,0.0,0.0,0.0,20,186,3,0,1,0.0,50.0,223.09
2024-07-04 21:00:00+05:30,31.6,67,974.4,100,13.8,22.1,22.3,0.0,0.0,0.0,21,186,3,0,1,0.0,50.0,218.66
2024-07-04 22:00:00+05:30,31.1,69,974.8,100,16.1,25.2,26.6,0.0,0.0,0.0,22,186,3,0,1,0.0,50.0,213.24
2024-07-04 23:00:00+05:30,30.6,71,974.9,100,16.4,25.5,27.0,0.0,0.0,0.0,23,186,3,0,1,0.0,50.0,207.98
2024-07-05 00:00:00+05:30,30.0,73,974.1,100,17.1,26.5,28.1,0.0,0.0,0.0,0,187,4,0,0,0.0,50.0,106.89
2024-07-05 01:00:00+05:30,29.5,75,973.5,100,16.8,26.5,28.1,0.0,0.0,0.0,1,187,4,0,0,0.0,50.0,102.0
2024-07-05 02:00:00+05:30,29.0,77,973.0,100,16.9,26.3,28.4,0.0,0.0,0.0,2,187,4,0,0,0.0,50.0,97.29
2024-07-05 03:00:00+05:30,28.6,79,972.9,100,15.5,24.7,28.1,0.0,0.0,0.0,3,187,4,0,0,0.0,50.0,93.67
2024-07-05 04:00:00+05:30,28.3,80,973.1,99,16.6,26.0,27.4,0.0,0.0,0.0,4,187,4,0,0,0.0,50.0,91.05
2024-07-05 05:00:00+05:30,28.0,83,972.9,99,18.7,29.0,31.7,0.0,0.0,0.0,5,187,4,0,0,0.0,50.0,88.51
2024-07-05 06:00:00+05:30,27.6,87,973.8,100,16.1,24.0,27.4,0.0,8.0,27.4,6,187,4,0,0,1.81,50.0,85.26
2024-07-05 07:00:00+05:30,27.8,85,974.3,100,15.6,21.5,26.6,8.6,62.0,93.4,7,187,4,0,0,13.73,50.0,126.86
2024-07-05 08:00:00+05:30,28.8,79,974.4,100,19.7,26.0,36.4,56.3,157.0,223.1,8,187,4,0,0,37.64,50.0,135.47
2024-07-05 09:00:00+05:30,29.9,75,974.4,100,20.1,26.1,37.4,95.9,251.0,354.4,9,187,4,1,0,63.87,50.0,225.89
2024-07-05 10:00:00+05:30,31.6,68,974.1,100,15.0,19.3,36.7,168.2,312.0,483.4,10,187,4,1,0,89.57,50.0,243.66
2024-07-05 11:00:00+05:30,33.6,58,973.6,100,17.6,22.4,33.8,194.7,379.0,582.9,11,187,4,1,0,110.31,50.0,266.7
2024-07-05 12:00:00+05:30,33.9,57,973.0,100,18.9,24.2,35.6,111.1,389.0,505.8,12,187,4,1,0,99.87,50.0,270.34
2024-07-05 13:00:00+05:30,33.9,57,972.3,100,20.4,26.0,37.8,110.7,389.0,492.5,13,187,4,1,0,100.05,50.0,234.34
2024-07-05 14:00:00+05:30,33.3,60,971.3,100,18.9,24.5,38.2,91.7,337.0,406.0,14,187,4,1,0,85.88,50.0,263.11
2024-07-05 15:00:00+05:30,33.9,57,971.0,100,19.9,26.0,36.7,216.0,298.0,445.3,15,187,4,1,0,95.3,50.0,270.34
2024-07-05 16:00:00+05:30,33.6,57,970.3,100,20.4,26.7,37.8,165.2,271.0,341.5,16,187,4,1,0,76.92,50.0,266.7
2024-07-05 17:00:00+05:30,33.7,56,969.7,97,20.7,27.8,37.1,223.4,192.0,251.7,17,187,4,1,0,59.21,50.0,267.91
2024-07-05 18:00:00+05:30,33.7,51,969.9,99,19.0,27.7,32.0,86.5,116.0,96.4,18,187,4,0,1,27.7,50.0,242.91
2024-07-05 19:00:00+05:30,32.6,55,970.9,100,14.2,23.2,32.0,0.0,31.0,0.3,19,187,4,0,1,6.56,50.0,229.92
2024-07-05 20:00:00+05:30,32.1,58,971.0,100,21.4,33.0,35.6,0.0,0.0,0.0,20,187,4,0,1,0.0,0.0,224.22
2024-07-05 21:00:00+05:30,31.6,60,972.1,100,19.7,30.9,35.3,0.0,0.0,0.0,21,187,4,0,1,0.0,0.0,218.66
2024-07-05 22:00:00+05:30,30.8,66,972.5,100,20.8,32.3,35.6,0.0,0.0,0.0,22,187,4,0,1,0.0,0.0,210.07
2024-07-05 23:00:00+05:30,30.1,71,972.3,100,20.4,30.8,34.9,0.0,0.0,0.0,23,187,4,0,1,0.0,0.0,202.89
2024-07-06 00:00:00+05:30,29.5,75,971.3,100,21.3,31.8,34.9,0.0,0.0,0.0,0,188,5,0,0,0.0,0.0,102.0
2024-07-06 01:00:00+05:30,28.8,78,970.1,100,23.8,35.9,40.0,0.0,0.0,0.0,1,188,5,0,0,0.0,0.0,95.47
2024-07-06 02:00:00+05:30,28.2,81,969.6,100,24.7,37.3,41.0,0.0,0.0,0.0,2,188,5,0,0,0.0,0.0,90.19
2024-07-06 03:00:00+05:30,27.8,83,969.7,100,24.6,36.9,42.5,0.0,0.0,0.0,3,188,5,0,0,0.0,0.0,86.86
2024-07-06 04:00:00+05:30,27.5,83,970.3,100,23.4,34.6,41.4,0.0,0.0,0.0,4,188,5,0,0,0.0,0.0,84.47
2024-07-06 05:00:00+05:30,27.2,84,971.0,100,20.7,29.5,40.0,0.0,0.0,0.0,5,188,5,0,0,0.0,0.0,82.18
2024-07-06 06:00:00+05:30,27.5,83,971.1,87,23.2,33.2,38.5,0.0,11.0,38.2,6,188,5,0,0,2.49,0.0,84.47
2024-07-06 07:00:00+05:30,28.0,81,971.6,100,25.5,35.5,43.6,60.3,80.0,137.5,7,188,5,0,0,18.5,0.0,128.51
2024-07-06 08:00:00+05:30,29.1,74,972.1,88,24.1,32.2,44.3,185.1,159.0,295.6,8,188,5,0,0,46.76,0.0,138.22
2024-07-06 09:00:00+05:30,30.5,66,972.0,80,26.0,34.5,46.1,269.2,221.0,445.4,9,188,5,0,0,76.84,0.0,171.95
2024-07-06 10:00:00+05:30,32.0,59,972.2,100,23.9,31.3,46.4,321.6,294.0,596.2,10,188,5,0,0,107.7,0.0,188.09
2024-07-06 11:00:00+05:30,32.4,58,972.1,100,20.2,26.5,43.6,89.7,340.0,441.7,11,188,5,0,0,85.82,50.0,192.62
2024-07-06 12:00:00+05:30,33.6,54,971.7,72,21.7,28.4,40.0,103.9,386.0,495.7,12,188,5,0,0,98.13,0.0,206.7
2024-07-06 13:00:00+05:30,35.0,49,971.0,49,22.9,30.1,42.5,169.1,410.0,570.6,13,188,5,0,0,114.07,0.0,206.03
2024-07-06 14:00:00+05:30,36.0,46,970.0,65,24.2,31.3,44.3,383.4,336.0,670.4,14,188,5,0,0,134.16,0.0,236.94
2024-07-06 15:00:00+05:30,36.6,43,969.2,50,23.2,30.8,44.3,295.7,331.0,538.7,15,188,5,0,0,112.28,0.0,244.89
2024-07-06 16:00:00+05:30,36.2,45,968.5,2,22.7,30.2,42.5,283.7,264.0,409.2,16,188,5,0,0,89.21,0.0,239.57
2024-07-06 17:00:00+05:30,35.5,46,968.3,42,24.9,34.0,43.9,312.3,176.0,276.8,17,188,5,0,0,63.12,0.0,230.43
2024-07-06 18:00:00+05:30,35.2,45,969.4,100,19.5,28.8,36.7,68.0,100.0,81.6,18,188,5,0,1,23.55,50.0,261.57
2024-07-06 19:00:00+05:30,33.3,53,970.4,99,23.3,35.6,38.5,23.2,30.0,0.3,19,188,5,0,1,6.33,0.0,238.11
2024-07-06 20:00:00+05:30,32.3,56,971.0,60,23.2,35.0,39.6,0.0,0.0,0.0,20,188,5,0,1,0.0,0.0,226.48
2024-07-06 21:00:00+05:30,31.5,60,971.6,59,21.1,33.3,38.9,0.0,0.0,0.0,21,188,5,0,1,0.0,0.0,217.56
2024-07-06 22:00:00+05:30,30.8,62,972.1,5,20.2,31.8,34.9,0.0,0.0,0.0,22,188,5,0,1,0.0,0.0,210.07
2024-07-06 23:00:00+05:30,30.2,66,972.7,10,19.8,31.2,33.5,0.0,0.0,0.0,23,188,5,0,1,0.0,0.0,203.89
2024-07-07 00:00:00+05:30,29.6,71,973.0,26,16.5,26.2,32.8,0.0,0.0,0.0,0,189,6,0,0,0.0,50.0,102.96
2024-07-07 01:00:00+05:30,29.2,73,972.8,87,16.3,25.9,27.0,0.0,0.0,0.0,1,189,6,0,0,0.0,50.0,99.15
2024-07-07 02:00:00+05:30,29.1,74,971.9,52,17.7,27.2,28.8,0.0,0.0,0.0,2,189,6,0,0,0.0,50.0,98.22
2024-07-07 03:00:00+05:30,28.9,75,971.7,26,18.1,27.9,30.6,0.0,0.0,0.0,3,189,6,0,0,0.0,50.0,96.37
2024-07-07 04:00:00+05:30,28.5,79,971.5,15,17.6,27.4,29.9,0.0,0.0,0.0,4,189,6,0,0,0.0,50.0,92.79
2024-07-07 05:00:00+05:30,28.0,81,972.0,35,17.5,27.5,29.2,0.0,0.0,0.0,5,189,6,0,0,0.0,50.0,88.51
2024-07-07 06:00:00+05:30,28.1,80,972.6,17,16.3,22.9,28.1,0.0,11.0,38.6,6,189,6,0,0,2.49,50.0,89.35
2024-07-07 07:00:00+05:30,28.5,79,973.6,42,16.2,21.1,29.2,86.6,79.0,145.1,7,189,6,0,0,18.69,50.0,132.79
2024-07-07 08:00:00+05:30,29.4,73,974.4,72,16.8,21.7,31.0,208.2,155.0,303.2,8,189,6,0,0,47.42,50.0,141.04
2024-07-07 09:00:00+05:30,30.6,67,974.8,95,18.7,24.1,34.9,245.9,213.0,419.4,9,189,6,0,0,72.65,50.0,112.98
2024-07-07 10:00:00+05:30,31.9,61,974.9,73,19.4,24.8,37.4,372.2,267.0,610.4,10,189,6,0,0,109.73,50.0,126.98
2024-07-07 11:00:00+05:30,33.4,55,974.4,36,19.3,24.2,37.1,324.0,315.0,639.6,11,189,6,0,0,119.63,50.0,144.31
2024-07-07 12:00:00+05:30,33.9,53,973.7,92,18.5,23.7,36.7,252.8,340.0,597.3,12,189,6,0,0,116.1,50.0,150.34
2024-07-07 13:00:00+05:30,34.3,51,973.5,55,19.0,24.7,35.6,102.7,372.0,467.9,13,189,6,0,0,95.23,50.0,155.25
2024-07-07 14:00:00+05:30,34.8,49,972.9,100,18.9,23.9,36.4,192.8,333.0,494.2,14,189,6,0,0,102.28,50.0,161.5
2024-07-07 15:00:00+05:30,34.4,51,972.4,93,16.7,21.9,35.6,11.7,251.0,241.2,15,189,6,0,0,53.89,50.0,156.49
2024-07-07 16:00:00+05:30,35.1,48,972.0,100,16.1,21.0,31.0,180.6,242.0,325.6,16,189,6,0,0,72.78,50.0,165.3
2024-07-07 17:00:00+05:30,34.3,50,971.7,98,14.8,19.7,30.2,7.6,145.0,120.9,17,189,6,0,0,31.06,50.0,155.25
2024-07-07 18:00:00+05:30,32.5,56,973.0,100,11.3,15.0,24.1,6.2,60.0,41.5,18,189,6,0,1,13.01,50.0,228.76
2024-07-07 19:00:00+05:30,32.1,57,973.5,100,8.9,13.8,19.8,0.0,13.0,0.1,19,189,6,0,1,2.76,44.38,224.22
2024-07-07 20:00:00+05:30,31.7,59,974.1,33,8.4,14.0,14.8,0.0,0.0,0.0,20,189,6,0,1,0.0,42.24,219.76
2024-07-07 21:00:00+05:30,31.0,62,975.1,27,6.9,13.9,13.7,0.0,0.0,0.0,21,189,6,0,1,0.0,32.25,212.18
2024-07-07 22:00:00+05:30,30.4,65,975.6,85,8.2,16.3,13.0,0.0,0.0,0.0,22,189,6,0,1,0.0,50.0,205.92
2024-07-07 23:00:00+05:30,30.4,65,975.7,100,7.9,16.3,13.7,0.0,0.0,0.0,23,189,6,0,1,0.0,50.0,205.92
2024-07-08 00:00:00+05:30,30.4,66,975.6,100,8.7,15.5,14.0,0.0,0.0,0.0,0,190,0,0,0,0.0,50.0,110.92
2024-07-08 01:00:00+05:30,30.1,69,975.3,99,13.4,20.1,21.2,0.0,0.0,0.0,1,190,0,0,0,0.0,50.0,107.89
2024-07-08 02:00:00+05:30,29.0,77,975.0,100,13.7,22.2,22.7,0.0,0.0,0.0,2,190,0,0,0,0.0,50.0,97.29
2024-07-08 03:00:00+05:30,28.4,79,974.9,100,16.2,25.3,26.3,0.0,0.0,0.0,3,190,0,0,0,0.0,50.0,91.92
2024-07-08 04:00:00+05:30,27.7,81,975.0,87,13.2,19.9,27.4,0.0,0.0,0.0,4,190,0,0,0,0.0,50.0,86.05
2024-07-08 05:00:00+05:30,27.3,81,975.6,95,10.2,15.3,22.0,0.0,0.0,0.0,5,190,0,0,0,0.0,50.0,82.93
2024-07-08 06:00:00+05:30,28.0,80,975.8,99,6.0,9.3,18.7,0.0,9.0,32.0,6,190,0,0,0,2.04,13.23,88.51
2024-07-08 07:00:00+05:30,28.8,77,976.5,99,7.1,9.5,14.8,52.3,78.0,132.2,7,190,0,0,0,17.86,17.27,135.47
2024-07-08 08:00:00+05:30,29.9,73,976.9,100,6.7,8.5,16.2,140.7,164.0,277.6,8,190,0,0,0,44.63,13.02,145.89
2024-07-08 09:00:00+05:30,31.0,68,976.9,90,6.5,8.1,17.6,129.4,226.0,350.2,9,190,0,1,0,62.26,11.39,237.18
2024-07-08 10:00:00+05:30,32.3,62,976.7,52,4.8,5.6,16.6,190.0,295.0,483.7,10,190,0,1,0,89.16,3.56,251.48
2024-07-08 11:00:00+05:30,33.8,57,976.7,93,5.2,6.2,17.6,406.3,295.0,697.2,11,190,0,1,0,129.01,4.93,269.12
2024-07-08 12:00:00+05:30,34.6,53,976.5,76,5.8,6.8,19.1,414.0,313.0,730.4,12,190,0,1,0,138.86,6.91,278.98
2024-07-08 13:00:00+05:30,35.0,53,975.9,71,3.1,3.5,18.7,416.9,314.0,718.7,13,190,0,1,0,140.31,0.29,248.03
2024-07-08 14:00:00+05:30,35.5,51,974.8,49,0.8,0.5,15.1,423.5,300.0,672.4,14,190,0,1,0,134.75,0.0,290.43
2024-07-08 15:00:00+05:30,35.8,49,974.0,21,3.4,3.7,13.7,278.1,278.0,475.9,15,190,0,1,0,100.32,0.62,294.32
2024-07-08 16:00:00+05:30,36.2,48,973.7,21,5.0,5.8,15.5,373.9,225.0,431.2,16,190,0,1,0,92.83,4.01,299.57
2024-07-08 17:00:00+05:30,35.8,48,973.7,16,6.2,7.0,15.5,287.7,179.0,268.6,17,190,0,1,0,61.68,7.98,294.32
2024-07-08 18:00:00+05:30,34.4,49,974.5,98,9.6,11.4,18.0,160.8,113.0,110.3,18,190,0,0,1,29.89,34.95,251.49
2024-07-08 19:00:00+05:30,33.3,54,975.0,100,9.8,15.5,18.0,38.7,33.0,0.1,19,190,0,0,1,6.96,50.0,238.11
2024-07-08 20:00:00+05:30,32.6,56,975.5,99,10.0,18.3,16.9,0.0,0.0,0.0,20,190,0,0,1,0.0,50.0,229.92
2024-07-08 21:00:00+05:30,31.9,61,976.2,99,17.3,27.4,28.1,0.0,0.0,0.0,21,190,0,0,1,0.0,50.0,221.98
2024-07-08 22:00:00+05:30,31.0,66,976.5,100,14.9,24.5,28.8,0.0,0.0,0.0,22,190,0,0,1,0.0,50.0,212.18
2024-07-08 23:00:00+05:30,30.7,68,976.5,99,12.5,22.6,24.1,0.0,0.0,0.0,23,190,0,0,1,0.0,50.0,209.02
2024-07-09 00:00:00+05:30,30.2,69,976.2,100,12.3,21.4,20.9,0.0,0.0,0.0,0,191,1,0,0,0.0,50.0,108.89
2024-07-09 01:00:00+05:30,29.8,72,975.8,100,10.0,18.5,19.8,0.0,0.0,0.0,1,191,1,0,0,0.0,50.0,104.91
2024-07-09 02:00:00+05:30,29.6,73,975.7,98,8.8,16.3,15.8,0.0,0.0,0.0,2,191,1,0,0,0.0,50.0,102.96
2024-07-09 03:00:00+05:30,29.3,75,975.9,59,9.5,17.6,16.2,0.0,0.0,0.0,3,191,1,0,0,0.0,50.0,100.09
2024-07-09 04:00:00+05:30,29.1,75,976.2,100,5.6,12.3,15.1,0.0,0.0,0.0,4,191,1,0,0,0.0,19.81,98.22
2024-07-09 05:00:00+05:30,28.9,76,976.4,98,4.6,8.8,9.0,0.0,0.0,0.0,5,191,1,0,0,0.0,8.22,96.37
2024-07-09 06:00:00+05:30,27.1,94,977.1,100,9.8,13.8,16.6,0.0,4.0,14.4,6,191,1,0,0,0.91,50.0,81.44
2024-07-09 07:00:00+05:30,27.1,94,978.0,98,7.8,11.0,20.5,21.9,53.0,85.4,7,191,1,0,0,12.02,25.6,121.44
2024-07-09 08:00:00+05:30,28.0,87,978.2,98,4.7,5.8,14.0,70.5,122.0,188.1,8,191,1,0,0,31.31,3.76,128.51
2024-07-09 09:00:00+05:30,29.5,76,978.3,96,1.1,1.5,13.0,180.2,206.0,364.0,9,191,1,1,0,64.25,0.0,222.0
2024-07-09 10:00:00+05:30,31.4,68,978.5,88,1.5,2.0,12.2,260.7,286.0,534.7,10,191,1,1,0,97.87,0.0,241.47
2024-07-09 11:00:00+05:30,33.0,61,978.1,77,1.0,1.3,11.9,340.8,327.0,668.0,11,191,1,1,0,124.81,0.0,259.57
2024-07-09 12:00:00+05:30,34.1,57,977.6,73,1.4,1.8,14.8,324.3,351.0,679.7,12,191,1,1,0,130.59,0.0,272.79
2024-07-09 13:00:00+05:30,34.9,55,976.9,27,2.4,3.1,15.1,289.0,368.0,646.7,13,191,1,1,0,127.83,0.0,246.76
2024-07-09 14:00:00+05:30,35.7,53,976.0,24,3.7,4.8,16.9,445.6,307.0,699.2,14,191,1,1,0,139.55,1.56,293.02
2024-07-09 15:00:00+05:30,36.1,51,975.1,37,6.1,7.2,18.7,403.6,265.0,562.7,15,191,1,1,0,116.57,8.23,298.25
2024-07-09 16:00:00+05:30,36.2,50,974.7,36,5.9,7.0,18.4,373.9,223.0,429.4,16,191,1,1,0,92.53,7.43,299.57
2024-07-09 17:00:00+05:30,35.8,50,974.3,31,6.2,7.3,16.9,251.8,176.0,250.7,17,191,1,1,0,58.11,8.64,294.32
2024-07-09 18:00:00+05:30,34.3,56,975.0,33,10.1,14.1,19.1,108.3,108.0,95.5,18,191,1,0,1,26.88,50.0,250.25
2024-07-09 19:00:00+05:30,33.2,60,975.7,19,6.1,12.8,16.6,31.0,32.0,0.0,19,191,1,0,1,0.0,23.52,236.93
2024-07-09 20:00:00+05:30,32.6,62,975.6,20,6.3,12.9,11.2,0.0,0.0,0.0,20,191,1,0,1,0.0,24.95,229.92
2024-07-09 21:00:00+05:30,32.0,65,976.9,54,5.4,12.5,9.7,0.0,0.0,0.0,21,191,1,0,1,0.0,19.24,223.09
2024-07-09 22:00:00+05:30,31.6,68,977.6,11,5.1,12.6,8.3,0.0,0.0,0.0,22,191,1,0,1,0.0,18.1,218.66
2024-07-09 23:00:00+05:30,31.2,71,977.8,47,6.8,14.8,10.8,0.0,0.0,0.0,23,191,1,0,1,0.0,35.37,214.31
2024-07-10 00:00:00+05:30,30.8,72,977.6,56,6.9,14.8,10.8,0.0,0.0,0.0,0,192,2,0,0,0.0,36.1,115.07
2024-07-10 01:00:00+05:30,30.5,73,977.3,61,7.9,16.5,12.2,0.0,0.0,0.0,1,192,2,0,0,0.0,50.0,111.95
2024-07-10 02:00:00+05:30,30.4,72,976.8,10,9.0,17.9,13.7,0.0,0.0,0.0,2,192,2,0,0,0.0,50.0,110.92
2024-07-10 03:00:00+05:30,30.0,74,976.9,12,13.8,24.0,22.0,0.0,0.0,0.0,3,192,2,0,0,0.0,50.0,106.89
2024-07-10 04:00:00+05:30,29.0,83,977.2,54,14.3,22.2,23.8,0.0,0.0,0.0,4,192,2,0,0,0.0,50.0,97.29
2024-07-10 05:00:00+05:30,28.2,87,977.8,79,15.3,23.8,25.9,0.0,0.0,0.0,5,192,2,0,0,0.0,50.0,90.19
2024-07-10 06:00:00+05:30,27.6,89,978.8,88,9.7,13.0,16.9,0.0,5.0,18.2,6,192,2,0,0,1.13,45.74,85.26
2024-07-10 07:00:00+05:30,28.1,86,979.7,99,12.9,16.7,23.4,44.1,73.0,122.4,7,192,2,0,0,16.68,50.0,129.35
2024-07-10 08:00:00+05:30,29.3,79,979.9,100,12.4,15.6,24.5,70.7,170.0,247.2,8,192,2,0,0,41.24,50.0,140.09
2024-07-10 09:00:00+05:30,30.8,71,979.8,100,11.3,14.0,24.5,212.1,234.0,418.7,9,192,2,1,0,73.05,50.0,235.07
2024-07-10 10:00:00+05:30,32.2,67,979.8,95,10.8,13.2,24.5,397.1,268.0,632.5,10,192,2,1,0,113.28,50.0,250.35
2024-07-10 11:00:00+05:30,33.8,60,979.1,13,9.0,11.1,24.5,497.7,279.0,767.6,11,192,2,1,0,140.66,30.82,269.12
2024-07-10 12:00:00+05:30,35.1,55,978.7,30,8.0,9.4,22.7,492.7,302.0,797.6,12,192,2,1,0,149.99,19.55,285.3
2024-07-10 13:00:00+05:30,35.7,53,978.0,40,8.2,10.0,20.9,369.6,358.0,715.8,13,192,2,1,0,139.64,22.49,257.02
2024-07-10 14:00:00+05:30,35.8,52,977.0,75,9.5,11.8,22.0,354.0,292.0,601.5,14,192,2,1,0,121.78,36.53,294.32
2024-07-10 15:00:00+05:30,36.0,51,976.2,91,11.1,13.8,24.1,391.9,283.0,570.1,15,192,2,1,0,118.25,50.0,296.94
2024-07-10 16:00:00+05:30,36.2,50,975.7,88,11.2,13.9,24.5,375.4,219.0,426.8,16,192,2,1,0,92.03,50.0,299.57
2024-07-10 17:00:00+05:30,35.9,50,975.6,100,11.2,14.4,22.7,268.9,173.0,255.6,17,192,2,1,0,58.99,50.0,295.63
2024-07-10 18:00:00+05:30,35.9,50,976.1,100,8.4,13.1,19.1,114.6,115.0,101.4,18,192,2,0,1,28.4,37.19,270.63
2024-07-10 19:00:00+05:30,34.8,52,976.9,100,10.1,19.2,15.8,15.5,31.0,0.0,19,192,2,0,1,0.0,50.0,256.5
2024-07-10 20:00:00+05:30,33.5,57,977.2,100,21.4,33.7,33.5,0.0,0.0,0.0,20,192,2,0,1,0.0,0.0,240.5
2024-07-10 21:00:00+05:30,32.1,65,977.8,99,19.9,31.7,37.8,0.0,0.0,0.0,21,192,2,0,1,0.0,0.0,224.22
2024-07-10 22:00:00+05:30,31.8,66,978.1,100,19.3,30.8,33.1,0.0,0.0,0.0,22,192,2,0,1,0.0,0.0,220.86
2024-07-10 23:00:00+05:30,31.1,68,978.1,100,19.3,30.5,31.7,0.0,0.0,0.0,23,192,2,0,1,0.0,0.0,213.24
2024-07-11 00:00:00+05:30,30.5,70,977.6,100,19.6,30.8,32.8,0.0,0.0,0.0,0,193,3,0,0,0.0,0.0,111.95
2024-07-11 01:00:00+05:30,30.1,72,977.0,100,20.6,32.3,34.6,0.0,0.0,0.0,1,193,3,0,0,0.0,0.0,107.89
2024-07-11 02:00:00+05:30,29.6,75,976.7,100,20.2,31.5,34.2,0.0,0.0,0.0,2,193,3,0,0,0.0,0.0,102.96
2024-07-11 03:00:00+05:30,29.2,77,976.8,100,19.4,30.5,33.5,0.0,0.0,0.0,3,193,3,0,0,0.0,0.0,99.15
2024-07-11 04:00:00+05:30,28.9,78,977.0,100,18.6,29.0,32.0,0.0,0.0,0.0,4,193,3,0,0,0.0,50.0,96.37
2024-07-11 05:00:00+05:30,28.6,78,977.6,100,17.8,28.1,30.6,0.0,0.0,0.0,5,193,3,0,0,0.0,50.0,93.67
2024-07-11 06:00:00+05:30,28.6,77,978.1,5,17.3,25.6,30.2,0.0,10.0,36.9,6,193,3,0,0,2.26,50.0,93.67
2024-07-11 07:00:00+05:30,29.0,77,978.6,3,16.1,22.0,29.9,84.2,78.0,143.4,7,193,3,0,0,18.36,50.0,137.29
2024-07-11 08:00:00+05:30,30.0,73,978.5,7,16.4,21.3,29.9,230.8,153.0,312.6,8,193,3,0,0,48.35,50.0,146.89
2024-07-11 09:00:00+05:30,31.5,66,978.3,36,19.8,25.5,37.1,342.4,215.0,490.5,9,193,3,1,0,83.27,50.0,242.56
2024-07-11 10:00:00+05:30,33.0,60,978.1,95,18.7,23.9,37.4,383.5,266.0,618.5,10,193,3,1,0,110.67,50.0,259.57
2024-07-11 11:00:00+05:30,34.1,55,977.8,100,17.1,21.7,35.6,277.5,331.0,611.6,11,193,3,1,0,114.8,50.0,272.79
2024-07-11 12:00:00+05:30,35.2,51,977.0,99,16.8,21.1,33.5,265.3,364.0,634.1,12,193,3,1,0,122.18,50.0,286.57
2024-07-11 13:00:00+05:30,35.9,49,975.6,95,17.9,22.2,34.6,283.0,382.0,654.6,13,193,3,1,0,128.84,50.0,259.63
2024-07-11 14:00:00+05:30,36.7,47,974.4,100,17.8,22.4,36.0,546.8,279.0,764.4,14,193,3,1,0,150.49,50.0,306.23
2024-07-11 15:00:00+05:30,37.0,46,973.2,100,16.6,21.2,34.6,394.2,295.0,583.0,15,193,3,1,0,120.32,50.0,310.27
2024-07-11 16:00:00+05:30,36.8,46,972.5,100,16.9,21.4,32.8,386.7,235.0,447.8,16,193,3,1,0,96.23,50.0,307.57
2024-07-11 17:00:00+05:30,36.4,47,972.1,100,16.8,22.2,31.7,274.7,186.0,268.5,17,193,3,1,0,61.96,50.0,302.22
2024-07-11 18:00:00+05:30,35.8,48,972.3,100,15.7,22.3,27.4,155.1,111.0,107.3,18,193,3,0,1,29.16,50.0,269.32
2024-07-11 19:00:00+05:30,34.7,50,972.7,100,15.3,25.9,26.3,31.1,32.0,0.0,19,193,3,0,1,0.0,50.0,255.24
2024-07-11 20:00:00+05:30,33.9,53,973.1,100,19.5,31.6,31.3,0.0,0.0,0.0,20,193,3,0,1,0.0,0.0,245.34
2024-07-11 21:00:00+05:30,33.1,58,973.9,100,21.8,34.3,35.6,0.0,0.0,0.0,21,193,3,0,1,0.0,0.0,235.75
2024-07-11 22:00:00+05:30,32.1,63,974.5,100,23.9,36.9,40.3,0.0,0.0,0.0,22,193,3,0,1,0.0,0.0,224.22
2024-07-11 23:00:00+05:30,31.3,66,974.8,82,22.7,35.1,39.6,0.0,0.0,0.0,23,193,3,0,1,0.0,0.0,215.39
2024-07-12 00:00:00+05:30,30.7,69,974.8,7,19.7,30.9,37.8,0.0,0.0,0.0,0,194,4,0,0,0.0,0.0,114.02
2024-07-12 01:00:00+05:30,30.2,71,974.1,18,20.0,30.9,32.8,0.0,0.0,0.0,1,194,4,0,0,0.0,0.0,108.89
2024-07-12 02:00:00+05:30,29.5,74,973.3,27,24.2,36.5,40.0,0.0,0.0,0.0,2,194,4,0,0,0.0,0.0,102.0
2024-07-12 03:00:00+05:30,28.9,78,973.2,50,23.9,36.1,40.7,0.0,0.0,0.0,3,194,4,0,0,0.0,0.0,96.37
2024-07-12 04:00:00+05:30,28.4,81,973.2,81,24.6,37.3,41.4,0.0,0.0,0.0,4,194,4,0,0,0.0,0.0,91.92
2024-07-12 05:00:00+05:30,28.0,82,973.1,17,22.9,34.7,41.4,0.0,0.0,0.0,5,194,4,0,0,0.0,0.0,88.51
2024-07-12 06:00:00+05:30,27.4,85,974.0,55,15.1,21.7,30.6,0.0,4.0,15.0,6,194,4,0,0,0.91,50.0,83.69
2024-07-12 07:00:00+05:30,28.5,81,974.3,65,15.5,21.4,25.6,53.5,70.0,121.5,7,194,4,0,0,16.15,50.0,132.79
2024-07-12 08:00:00+05:30,29.9,74,974.0,27,24.6,32.7,43.2,215.4,155.0,306.7,8,194,4,0,0,47.74,0.0,145.89
2024-07-12 09:00:00+05:30,31.2,68,974.4,53,23.1,30.0,44.3,312.7,215.0,469.1,9,194,4,1,0,80.15,0.0,239.31
2024-07-12 10:00:00+05:30,32.6,61,974.4,40,21.4,27.5,41.4,261.4,291.0,540.5,10,194,4,1,0,98.49,50.0,254.92
2024-07-12 11:00:00+05:30,34.3,54,974.1,22,22.2,28.5,42.1,432.4,297.0,723.8,11,194,4,1,0,133.4,0.0,275.25
2024-07-12 12:00:00+05:30,35.6,49,973.3,12,23.0,29.4,42.8,489.9,303.0,795.7,12,194,4,1,0,149.51,0.0,291.72
2024-07-12 13:00:00+05:30,36.6,45,972.4,4,23.8,30.7,44.6,448.3,317.0,752.4,13,194,4,1,0,145.48,0.0,268.89
2024-07-12 14:00:00+05:30,37.4,42,971.2,21,24.3,31.5,44.6,472.0,301.0,717.4,14,194,4,1,0,141.98,0.0,315.71
2024-07-12 15:00:00+05:30,36.9,43,970.4,49,25.5,33.4,47.2,399.0,266.0,559.9,15,194,4,1,0,115.9,0.0,308.92
2024-07-12 16:00:00+05:30,36.6,43,969.8,71,26.5,35.2,46.8,340.2,235.0,418.7,16,194,4,1,0,90.77,0.0,304.89
2024-07-12 17:00:00+05:30,36.2,45,969.9,15,23.8,32.1,47.2,206.6,181.0,235.1,17,194,4,1,0,55.29,0.0,299.57
2024-07-12 18:00:00+05:30,34.6,51,971.1,26,18.2,26.0,37.1,90.1,89.0,78.6,18,194,4,0,1,22.25,50.0,253.98
2024-07-12 19:00:00+05:30,34.2,51,971.2,13,18.7,29.4,30.6,31.1,29.0,0.0,19,194,4,0,1,0.0,50.0,249.02
2024-07-12 20:00:00+05:30,33.7,52,972.0,10,21.5,33.7,35.3,0.0,0.0,0.0,20,194,4,0,1,0.0,0.0,242.91
2024-07-12 21:00:00+05:30,32.9,56,972.7,17,19.7,31.4,35.3,0.0,0.0,0.0,21,194,4,0,1,0.0,0.0,233.4
2024-07-12 22:00:00+05:30,32.1,61,972.7,2,22.8,35.5,37.8,0.0,0.0,0.0,22,194,4,0,1,0.0,0.0,224.22
2024-07-12 23:00:00+05:30,31.2,66,972.8,4,22.3,34.9,38.5,0.0,0.0,0.0,23,194,4,0,1,0.0,0.0,214.31
2024-07-13 00:00:00+05:30,30.7,69,973.3,13,19.8,31.0,37.4,0.0,0.0,0.0,0,195,5,0,0,0.0,0.0,114.02
2024-07-13 01:00:00+05:30,29.7,74,973.4,48,16.3,25.5,32.8,0.0,0.0,0.0,1,195,5,0,0,0.0,50.0,103.93
2024-07-13 02:00:00+05:30,28.4,81,973.6,91,17.9,27.7,29.2,0.0,0.0,0.0,2,195,5,0,0,0.0,50.0,91.92
2024-07-13 03:00:00+05:30,27.0,89,973.7,92,18.6,28.5,28.4,0.0,0.0,0.0,3,195,5,0,0,0.0,50.0,80.71
2024-07-13 04:00:00+05:30,26.7,86,971.8,58,32.0,48.2,52.9,0.0,0.0,0.0,4,195,5,0,0,0.0,0.0,78.6
2024-07-13 05:00:00+05:30,26.9,85,972.5,21,19.6,31.3,52.9,0.0,0.0,0.0,5,195,5,0,0,0.0,0.0,79.99
2024-07-13 06:00:00+05:30,26.6,81,974.3,34,15.1,24.4,29.9,0.0,9.0,34.1,6,195,5,0,0,2.05,50.0,77.92
2024-07-13 07:00:00+05:30,28.1,79,974.4,9,15.5,22.1,30.6,71.8,73.0,132.1,7,195,5,0,0,17.12,50.0,129.35
2024-07-13 08:00:00+05:30,30.0,71,974.9,43,21.7,28.6,38.5,209.0,149.0,295.8,8,195,5,0,0,46.05,0.0,146.89
2024-07-13 09:00:00+05:30,31.2,64,975.0,43,21.0,27.2,39.2,297.2,215.0,457.8,9,195,5,0,0,78.48,50.0,179.31
2024-07-13 10:00:00+05:30,32.6,58,974.6,26,20.7,26.6,39.2,350.0,268.0,591.6,10,195,5,0,0,106.61,50.0,194.92
2024-07-13 11:00:00+05:30,33.9,53,974.2,8,19.4,24.5,39.6,460.0,290.0,742.7,11,195,5,0,0,136.79,50.0,210.34
2024-07-13 12:00:00+05:30,35.4,47,973.8,19,16.8,21.2,37.8,531.9,296.0,830.3,12,195,5,0,0,155.49,50.0,229.14
2024-07-13 13:00:00+05:30,36.5,43,973.4,21,15.3,18.8,33.8,497.8,305.0,789.0,13,195,5,0,0,151.91,50.0,225.55
2024-07-13 14:00:00+05:30,37.2,40,972.6,8,16.5,20.6,33.1,474.2,292.0,710.7,14,195,5,0,0,140.98,50.0,252.98
2024-07-13 15:00:00+05:30,37.6,38,971.8,6,17.1,21.9,33.5,458.9,259.0,600.5,15,195,5,0,0,123.14,50.0,258.45
2024-07-13 16:00:00+05:30,37.5,36,971.0,9,18.6,24.0,34.9,425.0,221.0,459.2,16,195,5,0,0,98.07,50.0,257.08
2024-07-13 17:00:00+05:30,37.6,34,970.3,21,18.1,23.6,34.6,313.0,170.0,271.5,17,195,5,0,0,61.84,50.0,258.45
2024-07-13 18:00:00+05:30,35.7,40,970.9,27,16.1,22.3,31.0,152.5,112.0,107.1,18,195,5,0,1,29.32,50.0,268.02
2024-07-13 19:00:00+05:30,33.2,53,971.7,2,21.5,31.6,35.3,23.4,26.0,0.0,19,195,5,0,1,0.0,0.0,236.93
2024-07-13 20:00:00+05:30,32.2,57,972.4,10,18.8,28.8,35.6,0.0,0.0,0.0,20,195,5,0,1,0.0,50.0,225.35
2024-07-13 21:00:00+05:30,31.2,61,973.1,6,16.4,26.7,31.0,0.0,0.0,0.0,21,195,5,0,1,0.0,50.0,214.31
2024-07-13 22:00:00+05:30,30.7,63,973.6,8,16.2,27.0,27.0,0.0,0.0,0.0,22,195,5,0,1,0.0,50.0,209.02
2024-07-13 23:00:00+05:30,30.6,64,973.3,10,16.7,29.5,28.1,0.0,0.0,0.0,23,195,5,0,1,0.0,50.0,207.98
2024-07-14 00:00:00+05:30,30.3,65,973.2,12,15.6,28.7,27.7,0.0,0.0,0.0,0,196,6,0,0,0.0,50.0,109.9
2024-07-14 01:00:00+05:30,29.5,69,972.6,11,17.4,29.4,28.4,0.0,0.0,0.0,1,196,6,0,0,0.0,50.0,102.0
2024-07-14 02:00:00+05:30,29.5,70,972.3,8,18.0,29.3,29.9,0.0,0.0,0.0,2,196,6,0,0,0.0,50.0,102.0
2024-07-14 03:00:00+05:30,29.4,73,972.5,4,16.0,26.6,29.9,0.0,0.0,0.0,3,196,6,0,0,0.0,50.0,101.04
2024-07-14 04:00:00+05:30,29.4,75,972.9,18,17.3,27.3,28.8,0.0,0.0,0.0,4,196,6,0,0,0.0,50.0,101.04
2024-07-14 05:00:00+05:30,29.0,77,973.1,8,16.9,25.9,29.5,0.0,0.0,0.0,5,196,6,0,0,0.0,50.0,97.29
2024-07-14 06:00:00+05:30,29.3,75,973.9,0,16.4,24.8,28.8,0.0,9.0,34.6,6,196,6,0,0,2.03,50.0,100.09
2024-07-14 07:00:00+05:30,29.8,73,974.3,16,18.2,24.5,31.7,94.8,77.0,145.9,7,196,6,0,0,18.23,50.0,144.91
2024-07-14 08:00:00+05:30,30.8,70,974.6,13,18.5,24.2,34.2,221.1,153.0,307.1,8,196,6,0,0,47.53,50.0,155.07
2024-07-14 09:00:00+05:30,32.1,64,974.7,17,16.2,20.1,34.2,307.2,218.0,468.3,9,196,6,0,0,79.87,50.0,129.22
2024-07-14 10:00:00+05:30,33.6,58,974.5,14,15.3,19.1,31.3,403.4,257.0,625.4,10,196,6,0,0,111.55,50.0,146.7
2024-07-14 11:00:00+05:30,34.9,53,973.9,11,15.0,18.8,32.0,494.3,277.0,761.6,11,196,6,0,0,139.33,50.0,162.76
2024-07-14 12:00:00+05:30,36.2,48,973.4,16,14.0,17.6,31.7,525.0,282.0,809.0,12,196,6,0,0,151.48,50.0,179.57
2024-07-14 13:00:00+05:30,37.0,44,972.6,21,12.2,15.0,30.2,479.7,282.0,748.5,13,196,6,0,0,144.64,50.0,190.27
2024-07-14 14:00:00+05:30,37.8,42,971.5,30,10.7,13.5,27.4,462.7,296.0,704.0,14,196,6,0,0,139.54,50.0,201.21
2024-07-14 15:00:00+05:30,37.9,40,970.7,45,10.2,12.0,24.8,413.2,248.0,554.3,15,196,6,0,0,114.4,40.78,202.6
2024-07-14 16:00:00+05:30,37.4,40,970.2,28,8.9,10.7,23.4,320.7,212.0,386.1,16,196,6,0,0,83.87,27.89,195.71
2024-07-14 17:00:00+05:30,37.3,39,969.9,10,4.7,5.8,19.8,262.0,166.0,246.3,17,196,6,0,0,56.87,3.62,194.34
2024-07-14 18:00:00+05:30,33.8,47,971.6,5,8.4,10.0,19.1,121.6,107.0,96.9,18,196,6,0,1,27.32,23.22,244.12
2024-07-14 19:00:00+05:30,33.0,50,971.9,3,2.9,5.6,15.8,31.3,32.0,0.0,19,196,6,0,1,0.0,1.45,234.57
2024-07-14 20:00:00+05:30,32.3,53,972.2,5,3.0,4.1,5.0,0.0,0.0,0.0,20,196,6,0,1,0.0,0.58,226.48
2024-07-14 21:00:00+05:30,31.8,55,973.4,36,5.2,7.6,8.6,0.0,0.0,0.0,21,196,6,0,1,0.0,7.34,220.86
2024-07-14 22:00:00+05:30,31.1,61,974.2,46,5.4,6.5,9.0,0.0,0.0,0.0,22,196,6,0,1,0.0,5.76,213.24
2024-07-14 23:00:00+05:30,31.0,61,974.5,11,5.0,8.2,6.1,0.0,0.0,0.0,23,196,6,0,1,0.0,8.04,212.18
2024-07-15 00:00:00+05:30,30.4,61,974.0,3,5.1,10.7,7.6,0.0,0.0,0.0,0,197,0,0,0,0.0,13.5,110.92
2024-07-15 01:00:00+05:30,30.1,62,973.5,2,4.4,10.6,7.2,0.0,0.0,0.0,1,197,0,0,0,0.0,10.83,107.89
2024-07-15 02:00:00+05:30,29.9,64,973.2,1,5.2,14.2,7.6,0.0,0.0,0.0,2,197,0,0,0,0.0,22.99,105.89
2024-07-15 03:00:00+05:30,29.9,62,973.2,0,6.0,16.1,9.7,0.0,0.0,0.0,3,197,0,0,0,0.0,34.69,105.89
2024-07-15 04:00:00+05:30,29.9,60,973.5,0,8.4,18.2,12.6,0.0,0.0,0.0,4,197,0,0,0,0.0,50.0,105.89
2024-07-15 05:00:00+05:30,29.9,60,974.0,1,7.2,17.0,13.7,0.0,0.0,0.0,5,197,0,0,0,0.0,50.0,105.89
2024-07-15 06:00:00+05:30,28.9,70,974.9,14,4.3,6.2,6.8,0.0,9.0,35.1,6,197,0,0,0,2.04,3.73,96.37
2024-07-15 07:00:00+05:30,30.3,64,975.6,60,3.9,5.4,9.7,90.8,76.0,143.2,7,197,0,0,0,17.91,2.33,149.9
2024-07-15 08:00:00+05:30,32.0,58,975.8,11,3.7,4.6,12.2,244.8,150.0,316.0,8,197,0,0,0,48.25,1.41,168.09
2024-07-15 09:00:00+05:30,33.4,55,976.0,7,3.9,4.6,14.4,379.4,204.0,503.7,9,197,0,1,0,84.48,1.56,264.31
2024-07-15 10:00:00+05:30,34.8,50,975.7,28,2.5,2.9,14.8,464.5,245.0,664.6,10,197,0,1,0,117.18,0.0,281.5
2024-07-15 11:00:00+05:30,36.4,43,975.4,16,2.8,3.6,14.4,513.2,271.0,773.3,11,197,0,1,0,140.37,0.2,302.22
2024-07-15 12:00:00+05:30,37.7,39,974.8,17,7.0,8.4,19.4,485.3,286.0,773.5,12,197,0,1,0,144.67,13.16,319.83
2024-07-15 13:00:00+05:30,38.5,37,974.1,19,11.0,13.0,25.6,503.0,288.0,777.2,13,197,0,1,0,148.73,50.0,294.99
2024-07-15 14:00:00+05:30,38.6,36,973.0,14,14.8,17.6,30.6,476.5,276.0,697.3,14,197,0,1,0,137.9,50.0,332.41
2024-07-15 15:00:00+05:30,38.5,36,972.5,21,13.7,16.8,31.3,474.4,254.0,607.9,15,197,0,1,0,124.19,50.0,330.99
2024-07-15 16:00:00+05:30,38.4,37,972.0,12,10.5,13.0,28.8,384.4,218.0,430.9,16,197,0,1,0,92.43,50.0,329.59
2024-07-15 17:00:00+05:30,38.1,38,971.9,39,11.4,14.3,23.0,302.1,169.0,265.7,17,197,0,1,0,60.7,50.0,325.38
2024-07-15 18:00:00+05:30,28.9,78,972.8,93,15.8,20.4,23.8,50.0,57.0,48.4,18,197,0,0,1,14.35,50.0,191.37
2024-07-15 19:00:00+05:30,27.1,90,974.7,88,9.0,12.2,36.7,15.7,19.0,0.0,19,197,0,0,1,0.0,37.0,176.44
2024-07-15 20:00:00+05:30,28.1,87,973.9,85,9.6,11.0,21.6,0.0,0.0,0.0,20,197,0,0,1,0.0,33.5,184.35
2024-07-15 21:00:00+05:30,27.4,91,974.7,82,9.7,18.3,20.5,0.0,0.0,0.0,21,197,0,0,1,0.0,50.0,178.69
2024-07-15 22:00:00+05:30,28.0,85,974.9,68,3.7,3.1,15.5,0.0,0.0,0.0,22,197,0,0,1,0.0,1.07,183.51
2024-07-15 23:00:00+05:30,28.3,86,974.7,99,1.1,4.3,6.5,0.0,0.0,0.0,23,197,0,0,1,0.0,0.0,186.05
2024-07-16 00:00:00+05:30,28.3,87,974.3,98,3.4,4.7,5.8,0.0,0.0,0.0,0,198,1,0,0,0.0,1.27,91.05
2024-07-16 01:00:00+05:30,28.3,87,973.7,86,2.6,4.2,5.8,0.0,0.0,0.0,1,198,1,0,0,0.0,0.39,91.05
2024-07-16 02:00:00+05:30,28.2,87,973.6,63,5.2,6.8,7.2,0.0,0.0,0.0,2,198,1,0,0,0.0,6.0,90.19
2024-07-16 03:00:00+05:30,27.8,89,973.7,100,8.4,14.0,14.4,0.0,0.0,0.0,3,198,1,0,0,0.0,42.77,86.86
2024-07-16 04:00:00+05:30,27.5,91,974.3,100,6.2,11.9,13.7,0.0,0.0,0.0,4,198,1,0,0,0.0,21.5,84.47
2024-07-16 05:00:00+05:30,27.4,91,974.6,96,3.1,8.9,10.4,0.0,0.0,0.0,5,198,1,0,0,0.0,4.54,83.69
2024-07-16 06:00:00+05:30,29.7,69,975.4,79,2.4,4.7,5.0,0.0,8.0,31.7,6,198,1,0,0,1.81,0.5,103.93
2024-07-16 07:00:00+05:30,30.6,64,975.9,100,1.9,2.6,7.9,68.6,76.0,136.1,7,198,1,0,0,17.53,0.0,152.98
2024-07-16 08:00:00+05:30,31.7,60,976.0,23,2.5,3.3,11.2,187.6,159.0,296.5,8,198,1,0,0,46.36,0.0,164.76
2024-07-16 09:00:00+05:30,33.2,55,976.3,37,1.1,1.5,11.9,346.4,206.0,482.3,9,198,1,1,0,81.42,0.0,261.93
2024-07-16 10:00:00+05:30,34.9,50,976.0,99,4.7,5.5,15.8,442.1,248.0,648.4,10,198,1,1,0,114.67,3.28,282.76
2024-07-16 11:00:00+05:30,36.0,48,975.4,92,7.8,9.2,22.3,368.4,327.0,693.7,11,198,1,1,0,127.9,18.07,296.94
2024-07-16 12:00:00+05:30,37.2,45,974.5,37,8.9,10.7,24.1,478.3,293.0,773.6,12,198,1,1,0,145.12,28.03,312.98
2024-07-16 13:00:00+05:30,38.0,43,973.6,34,10.8,12.9,25.6,479.9,301.0,767.3,13,198,1,1,0,147.49,50.0,287.99
2024-07-16 14:00:00+05:30,38.5,41,973.0,63,12.5,15.4,28.1,476.6,289.0,709.7,14,198,1,1,0,140.32,50.0,330.99
2024-07-16 15:00:00+05:30,38.5,41,971.9,100,12.2,15.1,28.1,440.4,263.0,589.3,15,198,1,1,0,120.95,50.0,330.99
2024-07-16 16:00:00+05:30,38.5,41,971.1,95,12.1,15.0,27.0,330.8,249.0,424.6,16,198,1,1,0,91.77,50.0,330.99
2024-07-16 17:00:00+05:30,37.9,42,970.7,51,11.8,14.8,25.6,245.3,184.0,253.4,17,198,1,1,0,58.92,50.0,322.6
2024-07-16 18:00:00+05:30,37.0,45,971.4,39,10.9,14.5,23.4,159.6,110.0,106.6,18,198,1,0,1,29.09,50.0,285.27
2024-07-16 19:00:00+05:30,36.1,47,971.9,90,15.0,22.6,24.5,31.5,29.0,0.0,19,198,1,0,1,0.0,50.0,273.25
2024-07-16 20:00:00+05:30,34.2,55,972.8,99,14.2,21.1,29.5,0.0,0.0,0.0,20,198,1,0,1,0.0,50.0,249.02
2024-07-16 21:00:00+05:30,31.4,68,973.8,95,13.6,19.8,24.5,0.0,0.0,0.0,21,198,1,0,1,0.0,50.0,216.47
2024-07-16 22:00:00+05:30,30.6,75,974.0,82,9.1,17.5,24.1,0.0,0.0,0.0,22,198,1,0,1,0.0,50.0,207.98
2024-07-16 23:00:00+05:30,29.6,79,974.1,100,14.7,22.1,30.2,0.0,0.0,0.0,23,198,1,0,1,0.0,50.0,197.96
2024-07-17 00:00:00+05:30,29.6,79,974.0,100,11.7,19.5,23.0,0.0,0.0,0.0,0,199,2,0,0,0.0,50.0,102.96
2024-07-17 01:00:00+05:30,28.6,85,974.5,100,11.6,19.2,20.9,0.0,0.0,0.0,1,199,2,0,0,0.0,50.0,93.67
2024-07-17 02:00:00+05:30,27.2,92,974.0,100,8.7,11.7,23.8,0.0,0.0,0.0,2,199,2,0,0,0.0,32.85,82.18
2024-07-17 03:00:00+05:30,27.4,92,973.8,100,5.6,11.8,22.0,0.0,0.0,0.0,3,199,2,0,0,0.0,18.46,83.69
2024-07-17 04:00:00+05:30,27.3,91,973.9,97,5.9,9.4,10.1,0.0,0.0,0.0,4,199,2,0,0,0.0,13.18,82.93
2024-07-17 05:00:00+05:30,27.0,90,974.1,99,10.2,15.8,17.6,0.0,0.0,0.0,5,199,2,0,0,0.0,50.0,80.71
2024-07-17 06:00:00+05:30,28.3,82,975.3,85,9.0,12.6,20.9,0.0,8.0,32.2,6,199,2,0,0,1.82,39.01,91.05
2024-07-17 07:00:00+05:30,29.1,77,975.8,90,5.9,7.5,17.3,82.8,75.0,139.5,7,199,2,0,0,17.64,8.67,138.22
2024-07-17 08:00:00+05:30,30.7,70,976.2,66,7.1,9.0,17.3,232.2,149.0,307.8,8,199,2,0,0,47.46,15.57,154.02
2024-07-17 09:00:00+05:30,33.0,61,976.0,89,11.0,13.3,23.8,281.4,225.0,457.3,9,199,2,1,0,78.21,50.0,259.57
2024-07-17 10:00:00+05:30,34.9,53,975.5,95,13.9,16.9,29.2,355.0,279.0,607.3,10,199,2,1,0,108.46,50.0,282.76
2024-07-17 11:00:00+05:30,36.1,50,975.3,100,15.4,18.9,33.5,395.0,309.0,700.1,11,199,2,1,0,128.89,50.0,298.25
2024-07-17 12:00:00+05:30,37.3,47,975.1,95,11.0,13.6,32.0,385.4,328.0,716.7,12,199,2,1,0,135.58,50.0,314.34
2024-07-17 13:00:00+05:30,38.5,43,974.5,38,11.2,13.6,27.0,545.6,286.0,816.7,13,199,2,1,0,155.67,50.0,294.99
2024-07-17 14:00:00+05:30,38.6,42,973.6,12,12.3,15.0,28.1,477.7,280.0,702.1,14,199,2,1,0,138.97,50.0,332.41
2024-07-17 15:00:00+05:30,38.9,41,972.6,17,10.2,12.6,27.4,447.6,257.0,589.3,15,199,2,1,0,120.8,50.0,336.66
2024-07-17 16:00:00+05:30,38.6,42,971.9,11,9.4,11.2,24.5,377.7,219.0,427.2,16,199,2,1,0,91.87,32.42,332.41
2024-07-17 17:00:00+05:30,38.4,42,971.7,34,8.4,9.8,21.6,306.5,175.0,271.9,17,199,2,1,0,62.26,22.08,329.59
2024-07-17 18:00:00+05:30,32.4,69,972.7,85,10.0,13.5,22.0,22.0,70.0,50.9,18,199,2,0,1,15.78,50.0,227.62
2024-07-17 19:00:00+05:30,30.6,78,973.5,99,13.7,18.2,23.0,15.8,22.0,0.0,19,199,2,0,1,0.0,50.0,207.98
2024-07-17 20:00:00+05:30,29.8,83,974.6,91,8.8,12.1,27.0,0.0,0.0,0.0,20,199,2,0,1,0.0,35.08,199.91
2024-07-17 21:00:00+05:30,29.5,84,975.2,93,17.1,23.3,29.5,0.0,0.0,0.0,21,199,2,0,1,0.0,50.0,197.0
2024-07-17 22:00:00+05:30,29.1,85,975.7,90,14.4,20.3,29.5,0.0,0.0,0.0,22,199,2,0,1,0.0,50.0,193.22
2024-07-17 23:00:00+05:30,28.9,83,975.7,94,13.9,19.1,24.8,0.0,0.0,0.0,23,199,2,0,1,0.0,50.0,191.37
2024-07-18 00:00:00+05:30,28.5,84,975.2,98,13.1,18.3,25.9,0.0,0.0,0.0,0,200,3,0,0,0.0,50.0,92.79
2024-07-18 01:00:00+05:30,28.2,86,974.8,100,10.8,14.7,22.0,0.0,0.0,0.0,1,200,3,0,0,0.0,50.0,90.19
2024-07-18 02:00:00+05:30,28.0,86,974.2,98,8.9,12.1,19.1,0.0,0.0,0.0,2,200,3,0,0,0.0,35.81,88.51
2024-07-18 03:00:00+05:30,28.0,85,973.9,93,9.7,13.7,17.6,0.0,0.0,0.0,3,200,3,0,0,0.0,50.0,88.51
2024-07-18 04:00:00+05:30,27.9,85,974.0,95,7.4,10.1,16.9,0.0,0.0,0.0,4,200,3,0,0,0.0,20.37,87.68
2024-07-18 05:00:00+05:30,27.9,85,974.3,40,6.2,9.0,12.6,0.0,0.0,0.0,5,200,3,0,0,0.0,13.03,87.68
2024-07-18 06:00:00+05:30,28.9,80,975.0,2,2.6,3.3,9.0,0.0,8.0,32.8,6,200,3,0,0,1.82,0.0,96.37
2024-07-18 07:00:00+05:30,29.6,77,975.2,89,2.8,3.3,9.4,88.0,74.0,139.9,7,200,3,0,0,17.47,0.06,142.96
2024-07-18 08:00:00+05:30,31.0,71,975.6,91,4.8,5.6,14.4,228.2,146.0,301.9,8,200,3,0,0,46.52,3.57,157.18
2024-07-18 09:00:00+05:30,32.9,62,976.1,72,5.2,6.3,17.3,349.0,207.0,484.9,9,200,3,1,0,82.04,5.1,258.4
2024-07-18 10:00:00+05:30,34.4,56,975.7,57,3.9,4.6,16.9,336.3,267.0,578.0,10,200,3,1,0,103.89,1.56,276.49
2024-07-18 11:00:00+05:30,35.8,52,975.0,51,5.8,6.5,19.8,320.3,341.0,662.4,11,200,3,1,0,122.97,6.32,294.32
2024-07-18 12:00:00+05:30,36.8,50,974.3,31,8.0,9.1,23.4,346.7,358.0,708.6,12,200,3,1,0,134.64,18.27,307.57
2024-07-18 13:00:00+05:30,37.9,46,973.5,55,6.6,7.4,23.8,500.4,308.0,794.0,13,200,3,1,0,152.39,9.62,286.6
2024-07-18 14:00:00+05:30,38.0,46,972.1,63,6.0,7.1,20.9,470.5,278.0,693.4,14,200,3,1,0,137.92,7.75,323.99
2024-07-18 15:00:00+05:30,37.1,47,971.4,64,5.4,6.4,19.8,416.1,254.0,561.5,15,200,3,1,0,116.64,5.46,311.62
2024-07-18 16:00:00+05:30,36.0,52,971.3,65,12.0,14.2,24.8,266.1,211.0,350.6,16,200,3,1,0,77.62,50.0,296.94
2024-07-18 17:00:00+05:30,33.1,66,971.8,94,10.2,13.1,25.2,186.8,162.0,210.3,17,200,3,1,0,50.64,50.0,260.75
2024-07-18 18:00:00+05:30,28.6,92,973.3,100,20.6,29.3,36.4,0.0,14.0,9.2,18,200,3,0,1,3.04,0.0,188.67
2024-07-18 19:00:00+05:30,28.2,93,973.0,100,11.5,16.9,36.0,0.0,3.0,0.0,19,200,3,0,1,0.0,50.0,185.19
2024-07-18 20:00:00+05:30,28.2,93,973.9,100,11.0,16.4,19.8,0.0,0.0,0.0,20,200,3,0,1,0.0,50.0,185.19
2024-07-18 21:00:00+05:30,28.0,93,974.5,100,10.2,14.4,18.4,0.0,0.0,0.0,21,200,3,0,1,0.0,50.0,183.51
2024-07-18 22:00:00+05:30,27.8,93,974.7,100,7.8,10.9,19.8,0.0,0.0,0.0,22,200,3,0,1,0.0,25.05,181.86
2024-07-18 23:00:00+05:30,27.8,92,974.6,100,5.7,7.7,12.6,0.0,0.0,0.0,23,200,3,0,1,0.0,8.7,181.86
2024-07-19 00:00:00+05:30,27.6,92,973.9,100,6.6,8.6,13.7,0.0,0.0,0.0,0,201,4,0,0,0.0,13.08,85.26
2024-07-19 01:00:00+05:30,27.4,93,973.0,100,5.4,7.3,11.9,0.0,0.0,0.0,1,201,4,0,0,0.0,7.28,83.69
2024-07-19 02:00:00+05:30,27.4,93,972.4,100,5.1,6.6,10.4,0.0,0.0,0.0,2,201,4,0,0,0.0,5.51,83.69
2024-07-19 03:00:00+05:30,27.2,93,972.0,100,3.2,4.0,9.7,0.0,0.0,0.0,3,201,4,0,0,0.0,0.64,82.18
2024-07-19 04:00:00+05:30,27.2,92,972.2,100,2.8,3.6,6.1,0.0,0.0,0.0,4,201,4,0,0,0.0,0.21,82.18
2024-07-19 05:00:00+05:30,27.2,93,972.8,100,3.3,4.3,6.5,0.0,0.0,0.0,5,201,4,0,0,0.0,0.91,82.18
2024-07-19 06:00:00+05:30,27.6,87,973.3,100,4.2,5.2,10.8,0.0,6.0,25.0,6,201,4,0,0,1.37,2.45,85.26
2024-07-19 07:00:00+05:30,28.2,84,973.8,100,2.2,2.5,9.4,28.0,65.0,107.1,7,201,4,0,0,14.66,0.0,130.19
2024-07-19 08:00:00+05:30,28.8,81,973.9,100,3.8,4.6,11.5,30.4,103.0,143.6,8,201,4,0,0,24.4,1.5,135.47
2024-07-19 09:00:00+05:30,29.3,78,974.2,100,5.8,7.1,14.0,0.0,129.0,147.2,9,201,4,1,0,27.75,7.62,220.09
2024-07-19 10:00:00+05:30,31.0,71,974.1,52,3.9,4.5,16.6,163.9,233.0,393.4,10,201,4,1,0,73.79,1.48,237.18
2024-07-19 11:00:00+05:30,33.4,62,973.5,35,2.3,2.4,20.9,497.8,287.0,774.7,11,201,4,1,0,142.93,0.0,264.31
2024-07-19 12:00:00+05:30,34.6,58,972.8,47,4.6,5.4,22.7,465.5,318.0,785.9,12,201,4,1,0,149.24,3.04,278.98
2024-07-19 13:00:00+05:30,35.7,54,971.9,45,4.8,5.7,23.0,473.3,283.0,742.7,13,201,4,1,0,145.01,3.63,257.02
2024-07-19 14:00:00+05:30,36.3,51,971.1,73,7.9,9.5,22.3,481.2,279.0,703.9,14,201,4,1,0,140.97,19.36,300.89
2024-07-19 15:00:00+05:30,36.3,50,970.3,96,9.0,11.3,22.7,422.1,275.0,585.5,15,201,4,1,0,121.82,31.26,300.89
2024-07-19 16:00:00+05:30,35.9,51,969.8,94,9.2,11.4,23.4,342.8,240.0,423.5,16,201,4,1,0,92.74,32.71,295.63
2024-07-19 17:00:00+05:30,35.2,54,969.7,94,11.1,14.0,24.5,177.5,184.0,223.9,17,201,4,1,0,53.82,50.0,286.57
2024-07-19 18:00:00+05:30,29.5,83,972.0,99,8.4,11.4,21.2,3.2,38.0,25.7,18,201,4,0,1,8.34,29.67,197.0
2024-07-19 19:00:00+05:30,29.4,84,972.3,100,5.1,6.1,16.2,0.0,15.0,0.0,19,201,4,0,1,0.0,4.68,196.04
2024-07-19 20:00:00+05:30,29.1,85,972.2,100,7.1,10.7,13.7,0.0,0.0,0.0,20,201,4,0,1,0.0,21.22,193.22
2024-07-19 21:00:00+05:30,29.0,85,972.7,100,7.2,13.9,12.6,0.0,0.0,0.0,21,201,4,0,1,0.0,34.27,192.29
2024-07-19 22:00:00+05:30,29.0,84,972.9,100,9.3,16.7,14.4,0.0,0.0,0.0,22,201,4,0,1,0.0,50.0,192.29
2024-07-19 23:00:00+05:30,29.0,85,972.7,100,9.7,18.2,14.8,0.0,0.0,0.0,23,201,4,0,1,0.0,50.0,192.29
2024-07-20 00:00:00+05:30,29.1,84,972.5,100,7.4,14.7,15.1,0.0,0.0,0.0,0,202,5,0,0,0.0,39.16,98.22
2024-07-20 01:00:00+05:30,29.1,82,972.0,21,8.0,15.3,12.2,0.0,0.0,0.0,1,202,5,0,0,0.0,50.0,98.22
2024-07-20 02:00:00+05:30,29.2,80,972.0,8,9.2,17.1,15.1,0.0,0.0,0.0,2,202,5,0,0,0.0,50.0,99.15
2024-07-20 03:00:00+05:30,29.3,77,972.2,24,8.6,16.7,15.1,0.0,0.0,0.0,3,202,5,0,0,0.0,50.0,100.09
2024-07-20 04:00:00+05:30,29.2,74,972.5,25,10.0,18.0,15.8,0.0,0.0,0.0,4,202,5,0,0,0.0,50.0,99.15
2024-07-20 05:00:00+05:30,28.8,75,972.9,12,10.9,18.8,17.6,0.0,0.0,0.0,5,202,5,0,0,0.0,50.0,95.47
2024-07-20 06:00:00+05:30,30.2,73,973.4,35,9.2,15.2,14.0,0.0,7.0,29.6,6,202,5,0,0,1.58,50.0,108.89
2024-07-20 07:00:00+05:30,30.7,68,974.2,69,12.3,16.0,22.7,84.6,74.0,139.1,7,202,5,0,0,17.34,50.0,154.02
2024-07-20 08:00:00+05:30,31.4,68,974.3,76,10.0,12.3,22.7,227.2,147.0,302.4,8,202,5,0,0,46.59,42.51,161.47
2024-07-20 09:00:00+05:30,32.8,65,974.5,9,7.6,9.2,21.6,361.4,206.0,492.1,9,202,5,0,0,83.27,17.61,197.23
2024-07-20 10:00:00+05:30,34.1,59,974.3,22,4.4,5.1,20.2,460.3,242.0,656.5,10,202,5,0,0,116.67,2.49,212.79
2024-07-20 11:00:00+05:30,35.4,53,973.9,32,1.3,1.5,16.9,489.3,272.0,750.6,11,202,5,0,0,137.81,0.0,229.14
2024-07-20 12:00:00+05:30,36.4,49,973.4,23,2.5,3.6,14.8,454.4,289.0,745.3,12,202,5,0,0,141.24,0.06,242.22
2024-07-20 13:00:00+05:30,37.5,45,972.7,25,5.8,7.3,19.1,504.7,290.0,780.2,13,202,5,0,0,150.51,7.8,239.08
2024-07-20 14:00:00+05:30,38.0,43,972.0,20,6.8,7.9,19.8,454.9,295.0,695.3,14,202,5,0,0,138.54,11.27,263.99
2024-07-20 15:00:00+05:30,38.0,43,971.2,26,6.6,7.9,20.2,467.0,251.0,598.3,15,202,5,0,0,123.31,10.8,263.99
2024-07-20 16:00:00+05:30,37.6,43,970.6,38,7.1,8.7,19.1,347.3,223.0,411.1,16,202,5,0,0,89.5,14.24,258.45
2024-07-20 17:00:00+05:30,37.5,44,970.8,60,8.0,9.5,18.4,258.0,174.0,249.6,17,202,5,0,0,58.29,19.61,257.08
2024-07-20 18:00:00+05:30,35.3,52,971.9,100,8.9,11.3,20.9,142.4,110.0,101.8,18,202,5,0,1,28.67,30.95,262.85
2024-07-20 19:00:00+05:30,34.7,54,972.9,100,6.2,8.5,17.3,23.9,32.0,0.0,19,202,5,0,1,0.0,11.46,255.24
2024-07-20 20:00:00+05:30,34.2,55,973.4,99,9.5,14.2,15.1,0.0,0.0,0.0,20,202,5,0,1,0.0,50.0,249.02
2024-07-20 21:00:00+05:30,33.9,56,974.1,100,8.0,14.8,15.5,0.0,0.0,0.0,21,202,5,0,1,0.0,43.3,245.34
2024-07-20 22:00:00+05:30,33.2,59,974.3,100,6.6,12.0,12.6,0.0,0.0,0.0,22,202,5,0,1,0.0,23.29,236.93
2024-07-20 23:00:00+05:30,32.6,62,974.4,98,6.4,13.4,11.5,0.0,0.0,0.0,23,202,5,0,1,0.0,27.2,229.92
2024-07-21 00:00:00+05:30,32.1,65,974.0,100,8.0,13.6,12.2,0.0,0.0,0.0,0,203,6,0,0,0.0,37.6,129.22
2024-07-21 01:00:00+05:30,31.3,70,973.5,100,6.5,11.8,13.0,0.0,0.0,0.0,1,203,6,0,0,0.0,22.27,120.39
2024-07-21 02:00:00+05:30,30.8,72,973.3,95,3.5,5.2,10.4,0.0,0.0,0.0,2,203,6,0,0,0.0,1.74,115.07
2024-07-21 03:00:00+05:30,30.2,75,973.3,72,13.0,20.1,20.9,0.0,0.0,0.0,3,203,6,0,0,0.0,50.0,108.89
2024-07-21 04:00:00+05:30,29.9,75,973.1,71,13.7,20.8,23.4,0.0,0.0,0.0,4,203,6,0,0,0.0,50.0,105.89
2024-07-21 05:00:00+05:30,29.5,77,973.4,77,11.0,17.4,22.7,0.0,0.0,0.0,5,203,6,0,0,0.0,50.0,102.0
2024-07-21 06:00:00+05:30,29.6,77,973.8,96,8.0,11.4,14.4,0.0,7.0,30.2,6,203,6,0,0,1.59,27.84,102.96
2024-07-21 07:00:00+05:30,30.3,74,974.5,98,9.6,12.0,18.7,85.2,72.0,136.5,7,203,6,0,0,16.94,38.73,149.9
2024-07-21 08:00:00+05:30,31.4,70,974.9,94,11.6,14.4,23.4,220.8,150.0,302.6,8,203,6,0,0,46.79,50.0,161.47
2024-07-21 09:00:00+05:30,32.7,64,975.0,81,13.3,16.7,28.4,379.6,200.0,498.0,9,203,6,0,0,84.14,50.0,136.07
2024-07-21 10:00:00+05:30,34.1,59,974.8,18,9.8,12.1,28.4,450.5,247.0,653.4,10,203,6,0,0,116.31,39.9,152.79
2024-07-21 11:00:00+05:30,35.4,54,974.3,19,4.3,5.0,24.1,469.8,277.0,737.1,11,203,6,0,0,135.7,2.28,169.14
2024-07-21 12:00:00+05:30,36.6,49,973.8,23,1.6,1.5,17.3,503.8,290.0,795.1,12,203,6,0,0,149.71,0.0,184.89
2024-07-21 13:00:00+05:30,37.6,45,973.1,20,2.8,3.1,15.5,508.9,280.0,774.3,13,203,6,0,0,149.54,0.0,198.45
2024-07-21 14:00:00+05:30,38.5,42,972.1,19,4.3,4.6,16.9,488.9,275.0,706.8,14,203,6,0,0,140.38,2.07,210.99
2024-07-21 15:00:00+05:30,38.7,41,971.6,31,6.2,7.0,19.4,456.6,252.0,590.9,15,203,6,0,0,121.69,7.89,213.82
2024-07-21 16:00:00+05:30,38.4,42,970.9,20,6.8,7.8,19.1,404.3,218.0,441.7,16,203,6,0,0,95.25,10.98,209.59
2024-07-21 17:00:00+05:30,37.8,43,970.7,21,8.0,9.6,18.7,290.9,169.0,259.1,17,203,6,0,0,60.09,19.96,201.21
2024-07-21 18:00:00+05:30,36.2,46,971.6,14,13.7,17.9,27.4,158.8,106.0,102.2,18,203,6,0,1,28.41,50.0,274.57
2024-07-21 19:00:00+05:30,35.6,49,972.0,36,8.5,13.4,24.5,32.1,28.0,0.0,19,203,6,0,1,0.0,39.17,266.72
2024-07-21 20:00:00+05:30,34.4,55,972.7,36,15.6,23.3,25.2,0.0,0.0,0.0,20,203,6,0,1,0.0,50.0,251.49
2024-07-21 21:00:00+05:30,33.0,63,973.9,77,15.5,22.7,31.0,0.0,0.0,0.0,21,203,6,0,1,0.0,50.0,234.57
2024-07-21 22:00:00+05:30,32.2,67,974.2,16,13.7,19.9,25.6,0.0,0.0,0.0,22,203,6,0,1,0.0,50.0,225.35
2024-07-21 23:00:00+05:30,31.7,69,973.9,68,12.6,18.0,23.4,0.0,0.0,0.0,23,203,6,0,1,0.0,50.0,219.76
2024-07-22 00:00:00+05:30,31.2,70,973.7,75,11.7,16.9,20.9,0.0,0.0,0.0,0,204,0,0,0,0.0,50.0,119.31
2024-07-22 01:00:00+05:30,30.7,72,973.2,80,8.9,13.0,19.8,0.0,0.0,0.0,1,204,0,0,0,0.0,40.17,114.02
2024-07-22 02:00:00+05:30,30.3,73,973.0,91,8.9,13.6,15.1,0.0,0.0,0.0,2,204,0,0,0,0.0,43.5,109.9
2024-07-22 03:00:00+05:30,29.8,75,972.9,74,9.0,13.8,15.5,0.0,0.0,0.0,3,204,0,0,0,0.0,45.35,104.91
2024-07-22 04:00:00+05:30,29.5,77,973.4,3,10.5,15.6,18.0,0.0,0.0,0.0,4,204,0,0,0,0.0,50.0,102.0
2024-07-22 05:00:00+05:30,29.0,80,973.3,22,11.0,15.6,19.1,0.0,0.0,0.0,5,204,0,0,0,0.0,50.0,97.29
2024-07-22 06:00:00+05:30,29.3,76,974.4,99,14.3,20.0,24.8,0.0,7.0,30.7,6,204,0,0,0,1.59,50.0,100.09
2024-07-22 07:00:00+05:30,29.3,75,975.0,94,14.0,18.6,26.3,85.8,72.0,136.9,7,204,0,0,0,17.02,50.0,140.09
2024-07-22 08:00:00+05:30,30.3,70,975.3,99,14.8,19.2,28.8,202.6,144.0,285.5,8,204,0,0,0,44.55,50.0,149.9
2024-07-22 09:00:00+05:30,31.8,65,975.5,96,13.2,16.8,29.5,343.2,203.0,475.3,9,204,0,1,0,81.12,50.0,245.86
2024-07-22 10:00:00+05:30,33.4,60,975.4,88,12.5,15.3,28.1,435.7,244.0,637.2,10,204,0,1,0,114.11,50.0,264.31
2024-07-22 11:00:00+05:30,35.0,54,975.2,98,12.7,15.3,29.2,482.2,279.0,750.8,11,204,0,1,0,138.34,50.0,284.03
2024-07-22 12:00:00+05:30,36.1,51,974.6,73,9.4,11.3,28.8,485.6,310.0,797.2,12,204,0,1,0,150.54,33.29,298.25
2024-07-22 13:00:00+05:30,37.1,48,973.8,65,6.8,7.9,25.2,512.1,301.0,798.0,13,204,0,1,0,154.12,11.32,275.62
2024-07-22 14:00:00+05:30,37.9,46,972.6,24,7.4,8.5,21.6,480.6,284.0,707.7,14,204,0,1,0,141.06,14.47,322.6
2024-07-22 15:00:00+05:30,37.7,46,971.9,68,4.7,5.4,21.2,445.1,264.0,592.6,15,204,0,1,0,122.76,3.11,319.83
2024-07-22 16:00:00+05:30,35.9,51,971.5,61,7.6,9.4,21.2,222.9,227.0,337.1,16,204,0,1,0,75.5,18.06,295.63
2024-07-22 17:00:00+05:30,36.8,49,971.2,51,7.9,9.4,18.7,222.4,174.0,233.9,17,204,0,1,0,55.45,18.97,307.57
2024-07-22 18:00:00+05:30,35.4,52,971.5,44,11.9,15.5,23.4,143.4,103.0,96.7,18,204,0,0,1,27.29,50.0,264.14
2024-07-22 19:00:00+05:30,34.1,56,972.4,89,17.6,24.9,29.5,24.2,25.0,0.0,19,204,0,0,1,0.0,50.0,247.79
2024-07-22 20:00:00+05:30,33.2,60,973.9,100,12.3,17.8,30.6,0.0,0.0,0.0,20,204,0,0,1,0.0,50.0,236.93
2024-07-22 21:00:00+05:30,29.6,80,974.8,100,17.3,26.1,32.0,0.0,0.0,0.0,21,204,0,0,1,0.0,50.0,197.96
2024-07-22 22:00:00+05:30,28.2,87,976.1,98,22.5,32.8,37.4,0.0,0.0,0.0,22,204,0,0,1,0.0,0.0,185.19
2024-07-22 23:00:00+05:30,28.2,85,975.8,100,15.8,23.3,37.8,0.0,0.0,0.0,23,204,0,0,1,0.0,50.0,185.19
2024-07-23 00:00:00+05:30,27.9,87,975.1,100,8.7,13.2,26.6,0.0,0.0,0.0,0,205,1,0,0,0.0,40.49,87.68
2024-07-23 01:00:00+05:30,27.8,87,974.7,92,12.6,18.2,22.0,0.0,0.0,0.0,1,205,1,0,0,0.0,50.0,86.86
2024-07-23 02:00:00+05:30,27.8,88,973.9,99,13.0,18.7,22.0,0.0,0.0,0.0,2,205,1,0,0,0.0,50.0,86.86
2024-07-23 03:00:00+05:30,27.9,86,973.7,100,10.8,15.5,22.0,0.0,0.0,0.0,3,205,1,0,0,0.0,50.0,87.68
2024-07-23 04:00:00+05:30,27.7,87,974.1,99,12.0,17.1,20.9,0.0,0.0,0.0,4,205,1,0,0,0.0,50.0,86.05
2024-07-23 05:00:00+05:30,27.6,87,973.8,100,11.6,16.7,20.9,0.0,0.0,0.0,5,205,1,0,0,0.0,50.0,85.26
2024-07-23 06:00:00+05:30,27.9,84,974.0,100,12.5,17.9,23.8,0.0,7.0,31.3,6,205,1,0,0,0.0,50.0,87.68
2024-07-23 07:00:00+05:30,28.6,80,974.8,100,13.2,17.3,23.4,33.6,74.0,123.6,7,205,1,0,0,16.68,50.0,133.67
2024-07-23 08:00:00+05:30,29.8,74,975.4,100,15.7,20.3,29.5,82.7,163.0,246.0,8,205,1,0,0,40.51,50.0,144.91
2024-07-23 09:00:00+05:30,31.0,69,975.6,100,14.7,18.6,29.9,117.8,235.0,352.1,9,205,1,1,0,62.88,50.0,237.18
2024-07-23 10:00:00+05:30,32.0,65,975.6,100,13.6,17.2,28.8,57.4,296.0,370.9,10,205,1,1,0,70.29,50.0,248.09
2024-07-23 11:00:00+05:30,33.0,62,975.2,100,11.3,13.9,27.7,187.7,347.0,542.2,11,205,1,1,0,103.86,50.0,259.57
2024-07-23 12:00:00+05:30,34.4,57,974.5,100,9.3,11.3,25.9,338.2,364.0,705.7,12,205,1,1,0,135.99,33.0,276.49
2024-07-23 13:00:00+05:30,35.7,53,973.5,100,9.5,11.4,25.2,402.2,344.0,732.8,13,205,1,1,0,143.79,34.29,257.02
2024-07-23 14:00:00+05:30,36.1,50,972.2,100,10.2,12.2,23.8,238.8,350.0,551.5,14,205,1,1,0,113.47,42.28,298.25
2024-07-23 15:00:00+05:30,35.4,54,971.7,100,12.0,14.5,26.3,335.8,262.0,504.9,15,205,1,1,0,107.22,50.0,289.14
2024-07-23 16:00:00+05:30,34.9,56,971.2,100,11.6,14.0,26.6,304.2,240.0,398.5,16,205,1,1,0,88.57,50.0,282.76
2024-07-23 17:00:00+05:30,34.9,54,970.7,100,10.6,13.2,24.5,218.9,171.0,229.7,17,205,1,1,0,55.01,50.0,282.76
2024-07-23 18:00:00+05:30,33.0,62,971.5,100,15.9,21.3,29.2,38.4,90.0,66.5,18,205,1,0,1,20.61,50.0,234.57
2024-07-23 19:00:00+05:30,32.7,62,971.8,100,12.7,18.3,28.4,16.2,27.0,0.0,19,205,1,0,1,0.0,50.0,231.07
2024-07-23 20:00:00+05:30,32.9,60,972.2,100,12.8,20.6,21.2,0.0,0.0,0.0,20,205,1,0,1,0.0,50.0,233.4
2024-07-23 21:00:00+05:30,31.6,68,972.9,100,18.1,26.3,29.9,0.0,0.0,0.0,21,205,1,0,1,0.0,50.0,218.66
2024-07-23 22:00:00+05:30,31.0,70,973.2,100,16.7,25.4,29.9,0.0,0.0,0.0,22,205,1,0,1,0.0,50.0,212.18
2024-07-23 23:00:00+05:30,30.7,70,973.1,100,16.1,24.3,28.1,0.0,0.0,0.0,23,205,1,0,1,0.0,50.0,209.02
2024-07-24 00:00:00+05:30,30.2,72,973.2,100,16.0,23.7,27.0,0.0,0.0,0.0,0,206,2,0,0,0.0,50.0,108.89
2024-07-24 01:00:00+05:30,29.6,75,972.8,100,16.4,24.1,27.7,0.0,0.0,0.0,1,206,2,0,0,0.0,50.0,102.96
2024-07-24 02:00:00+05:30,29.0,78,972.2,100,15.4,22.5,27.7,0.0,0.0,0.0,2,206,2,0,0,0.0,50.0,97.29
2024-07-24 03:00:00+05:30,28.6,81,971.7,100,15.1,21.7,25.9,0.0,0.0,0.0,3,206,2,0,0,0.0,50.0,93.67
2024-07-24 04:00:00+05:30,28.3,83,971.7,98,16.2,23.6,27.0,0.0,0.0,0.0,4,206,2,0,0,0.0,50.0,91.05
2024-07-24 05:00:00+05:30,28.1,85,971.6,100,16.3,23.7,27.7,0.0,0.0,0.0,5,206,2,0,0,0.0,50.0,89.35
2024-07-24 06:00:00+05:30,28.6,84,971.7,99,12.0,16.6,21.2,0.0,7.0,31.9,6,206,2,0,0,0.0,50.0,93.67
2024-07-24 07:00:00+05:30,29.5,80,972.2,100,13.4,17.4,24.8,77.4,72.0,134.7,7,206,2,0,0,16.87,50.0,142.0
2024-07-24 08:00:00+05:30,30.7,74,972.8,100,13.4,17.2,26.3,97.2,152.0,240.0,8,206,2,0,0,39.07,50.0,154.02
2024-07-24 09:00:00+05:30,31.9,69,972.8,95,12.2,15.5,26.6,190.7,242.0,411.7,9,206,2,1,0,72.15,50.0,246.98
2024-07-24 10:00:00+05:30,33.1,63,972.5,27,10.8,13.0,26.3,335.7,272.0,582.0,10,206,2,1,0,105.61,50.0,260.75
2024-07-24 11:00:00+05:30,34.2,60,972.0,33,7.4,8.7,24.8,454.1,283.0,727.9,11,206,2,1,0,135.24,15.26,274.02
2024-07-24 12:00:00+05:30,35.6,54,971.0,32,6.4,7.7,21.2,495.2,289.0,785.1,12,206,2,1,0,149.05,9.95,291.72
2024-07-24 13:00:00+05:30,36.8,50,970.0,47,7.3,8.6,21.2,543.9,284.0,811.8,13,206,2,1,0,157.01,14.52,271.57
2024-07-24 14:00:00+05:30,37.6,47,968.8,98,8.2,9.8,22.0,527.6,268.0,734.4,14,206,2,1,0,146.33,21.37,318.45
2024-07-24 15:00:00+05:30,37.8,46,968.1,100,10.3,12.6,24.1,402.1,292.0,584.2,15,206,2,1,0,121.55,50.0,321.21
2024-07-24 16:00:00+05:30,36.8,48,967.6,100,12.9,15.6,26.3,278.9,240.0,382.5,16,206,2,1,0,84.78,50.0,307.57
2024-07-24 17:00:00+05:30,36.2,50,967.6,100,15.8,19.8,29.2,196.3,187.0,232.8,17,206,2,1,0,55.95,50.0,299.57
2024-07-24 18:00:00+05:30,34.8,52,968.2,100,12.9,17.0,25.6,61.0,115.0,87.1,18,206,2,0,1,26.54,50.0,256.5
2024-07-24 19:00:00+05:30,33.8,55,968.9,100,13.9,20.2,23.8,0.0,21.0,0.0,19,206,2,0,1,0.0,50.0,244.12
2024-07-24 20:00:00+05:30,33.0,59,969.6,100,16.9,24.9,27.7,0.0,0.0,0.0,20,206,2,0,1,0.0,50.0,234.57
2024-07-24 21:00:00+05:30,32.3,63,970.2,100,18.7,27.6,30.6,0.0,0.0,0.0,21,206,2,0,1,0.0,50.0,226.48
2024-07-24 22:00:00+05:30,31.6,67,970.5,100,19.6,28.9,32.8,0.0,0.0,0.0,22,206,2,0,1,0.0,50.0,218.66
2024-07-24 23:00:00+05:30,30.6,72,970.7,100,19.2,27.4,33.1,0.0,0.0,0.0,23,206,2,0,1,0.0,50.0,207.98
2024-07-25 00:00:00+05:30,29.8,75,970.4,100,19.4,27.2,33.1,0.0,0.0,0.0,0,207,3,0,0,0.0,50.0,104.91
2024-07-25 01:00:00+05:30,29.0,78,969.9,56,19.3,27.5,33.1,0.0,0.0,0.0,1,207,3,0,0,0.0,50.0,97.29
2024-07-25 02:00:00+05:30,28.3,81,969.4,37,17.6,24.9,33.1,0.0,0.0,0.0,2,207,3,0,0,0.0,50.0,91.05
2024-07-25 03:00:00+05:30,28.1,83,969.5,100,22.6,32.1,36.0,0.0,0.0,0.0,3,207,3,0,0,0.0,0.0,89.35
2024-07-25 04:00:00+05:30,28.1,84,969.3,82,20.2,28.9,39.6,0.0,0.0,0.0,4,207,3,0,0,0.0,50.0,89.35
2024-07-25 05:00:00+05:30,27.7,85,969.6,100,19.7,28.0,34.6,0.0,0.0,0.0,5,207,3,0,0,0.0,50.0,86.05
2024-07-25 06:00:00+05:30,28.3,84,969.6,85,15.6,21.3,28.4,0.0,6.0,27.9,6,207,3,0,0,0.0,50.0,91.05
2024-07-25 07:00:00+05:30,28.9,80,970.5,99,15.9,20.9,29.2,78.0,70.0,132.0,7,207,3,0,0,16.49,50.0,136.37
2024-07-25 08:00:00+05:30,30.0,73,971.1,92,16.4,21.1,31.3,171.2,150.0,276.3,8,207,3,0,0,43.77,50.0,146.89
2024-07-25 09:00:00+05:30,31.0,67,971.4,100,15.9,20.0,32.0,111.7,241.0,354.6,9,207,3,1,0,63.44,50.0,237.18
2024-07-25 10:00:00+05:30,32.2,61,971.4,68,14.2,17.9,31.0,120.1,301.0,429.8,10,207,3,1,0,80.52,50.0,250.35
2024-07-25 11:00:00+05:30,33.6,56,971.3,100,13.2,16.4,29.2,180.2,357.0,545.4,11,207,3,1,0,104.31,50.0,266.7
2024-07-25 12:00:00+05:30,34.3,53,970.8,100,14.0,17.4,29.2,145.7,352.0,502.4,12,207,3,1,0,99.48,50.0,275.25
2024-07-25 13:00:00+05:30,35.0,51,970.1,100,14.6,18.1,29.9,141.6,376.0,509.6,13,207,3,1,0,103.34,50.0,248.03
2024-07-25 14:00:00+05:30,35.5,49,969.7,100,16.6,20.7,33.1,172.4,385.0,524.7,14,207,3,1,0,108.8,50.0,290.43
2024-07-25 15:00:00+05:30,35.2,50,969.1,100,17.9,22.4,33.8,50.7,333.0,346.9,15,207,3,1,0,76.23,50.0,286.57
2024-07-25 16:00:00+05:30,34.6,52,968.7,100,18.2,23.3,34.2,42.7,238.0,235.1,16,207,3,1,0,54.92,50.0,278.98
2024-07-25 17:00:00+05:30,34.2,52,968.4,100,19.1,25.5,33.8,1.9,119.0,96.6,17,207,3,1,0,25.2,50.0,274.02
2024-07-25 18:00:00+05:30,32.6,55,969.7,100,14.1,18.4,28.4,6.5,83.0,55.1,18,207,3,0,1,17.87,50.0,229.92
2024-07-25 19:00:00+05:30,32.3,57,970.4,100,14.6,20.2,25.2,0.0,17.0,0.0,19,207,3,0,1,0.0,50.0,226.48
2024-07-25 20:00:00+05:30,31.9,60,970.9,100,16.3,23.4,28.1,0.0,0.0,0.0,20,207,3,0,1,0.0,50.0,221.98
2024-07-25 21:00:00+05:30,31.6,60,971.7,100,16.3,24.0,28.1,0.0,0.0,0.0,21,207,3,0,1,0.0,50.0,218.66
2024-07-25 22:00:00+05:30,30.9,62,971.7,100,20.4,29.9,33.1,0.0,0.0,0.0,22,207,3,0,1,0.0,0.0,211.12
2024-07-25 23:00:00+05:30,29.9,68,971.8,100,21.1,30.6,35.6,0.0,0.0,0.0,23,207,3,0,1,0.0,0.0,200.89
2024-07-26 00:00:00+05:30,29.1,72,971.8,100,19.2,27.6,35.3,0.0,0.0,0.0,0,208,4,0,0,0.0,50.0,98.22
2024-07-26 01:00:00+05:30,28.6,75,971.4,100,19.7,28.3,33.8,0.0,0.0,0.0,1,208,4,0,0,0.0,50.0,93.67
2024-07-26 02:00:00+05:30,28.1,79,971.4,98,17.7,25.6,33.5,0.0,0.0,0.0,2,208,4,0,0,0.0,50.0,89.35
2024-07-26 03:00:00+05:30,27.9,81,971.5,100,20.5,28.9,37.1,0.0,0.0,0.0,3,208,4,0,0,0.0,50.0,87.68
2024-07-26 04:00:00+05:30,27.7,84,971.4,100,19.4,27.7,34.6,0.0,0.0,0.0,4,208,4,0,0,0.0,50.0,86.05
2024-07-26 05:00:00+05:30,27.6,86,971.7,100,18.7,26.5,32.8,0.0,0.0,0.0,5,208,4,0,0,0.0,50.0,85.26
2024-07-26 06:00:00+05:30,28.7,83,971.7,100,16.1,22.5,27.7,0.0,4.0,18.9,6,208,4,0,0,0.0,50.0,94.57
2024-07-26 07:00:00+05:30,28.7,82,972.0,100,16.4,22.7,29.2,0.0,24.0,37.0,7,208,4,0,0,5.27,50.0,134.57
2024-07-26 08:00:00+05:30,29.4,78,972.5,100,16.5,22.0,29.9,7.2,82.0,105.9,8,208,4,0,0,18.26,50.0,141.04
2024-07-26 09:00:00+05:30,30.1,74,972.9,100,15.5,20.2,30.2,16.2,157.0,191.1,9,208,4,1,0,35.45,50.0,227.89
2024-07-26 10:00:00+05:30,31.5,67,973.4,100,13.6,17.0,29.9,95.9,275.0,380.9,10,208,4,1,0,72.04,50.0,242.56
2024-07-26 11:00:00+05:30,33.1,59,973.1,100,14.6,18.2,30.6,193.6,359.0,560.2,11,208,4,1,0,107.2,50.0,260.75
2024-07-26 12:00:00+05:30,34.0,55,972.9,100,10.6,12.7,30.2,179.6,362.0,546.1,12,208,4,1,0,107.75,50.0,271.56
2024-07-26 13:00:00+05:30,35.0,50,972.2,100,9.1,10.9,25.2,171.0,378.0,540.2,13,208,4,1,0,109.19,29.97,248.03
2024-07-26 14:00:00+05:30,35.5,49,971.3,100,9.2,11.0,22.3,95.3,378.0,448.0,14,208,4,1,0,93.95,30.82,290.43
2024-07-26 15:00:00+05:30,35.4,49,970.1,100,11.3,13.4,23.8,39.0,304.0,310.9,15,208,4,1,0,68.65,50.0,289.14
2024-07-26 16:00:00+05:30,35.5,48,969.8,100,12.6,15.1,24.8,61.3,256.0,262.1,16,208,4,1,0,60.71,50.0,290.43
2024-07-26 17:00:00+05:30,35.4,48,969.9,100,11.6,14.9,25.2,25.1,167.0,144.8,17,208,4,1,0,37.01,50.0,289.14
2024-07-26 18:00:00+05:30,34.1,52,970.9,100,12.0,15.8,21.2,13.0,96.0,64.6,18,208,4,0,1,20.74,50.0,247.79
2024-07-26 19:00:00+05:30,33.0,57,971.5,100,11.6,18.1,21.6,0.0,25.0,0.0,19,208,4,0,1,0.0,50.0,234.57
2024-07-26 20:00:00+05:30,32.6,58,972.0,100,8.5,15.5,19.1,0.0,0.0,0.0,20,208,4,0,1,0.0,50.0,229.92
2024-07-26 21:00:00+05:30,32.2,59,972.6,100,8.2,16.6,13.7,0.0,0.0,0.0,21,208,4,0,1,0.0,50.0,225.35
2024-07-26 22:00:00+05:30,31.8,60,973.3,100,14.4,23.6,23.8,0.0,0.0,0.0,22,208,4,0,1,0.0,50.0,220.86
2024-07-26 23:00:00+05:30,31.1,65,973.5,100,18.7,28.7,30.6,0.0,0.0,0.0,23,208,4,0,1,0.0,50.0,213.24
2024-07-27 00:00:00+05:30,30.0,72,973.4,100,20.4,30.9,34.2,0.0,0.0,0.0,0,209,5,0,0,0.0,0.0,106.89
2024-07-27 01:00:00+05:30,29.4,74,973.0,100,19.1,29.1,34.2,0.0,0.0,0.0,1,209,5,0,0,0.0,50.0,101.04
2024-07-27 02:00:00+05:30,29.0,76,972.6,100,19.0,29.0,32.4,0.0,0.0,0.0,2,209,5,0,0,0.0,50.0,97.29
2024-07-27 03:00:00+05:30,28.5,79,972.5,100,18.5,28.0,32.0,0.0,0.0,0.0,3,209,5,0,0,0.0,50.0,92.79
2024-07-27 04:00:00+05:30,28.1,82,972.8,100,18.5,27.9,31.3,0.0,0.0,0.0,4,209,5,0,0,0.0,50.0,89.35
2024-07-27 05:00:00+05:30,27.9,82,973.1,100,19.3,28.3,32.8,0.0,0.0,0.0,5,209,5,0,0,0.0,50.0,87.68
2024-07-27 06:00:00+05:30,28.5,81,973.6,100,16.4,22.8,28.1,0.0,5.0,24.2,6,209,5,0,0,0.0,50.0,92.79
2024-07-27 07:00:00+05:30,28.9,79,974.3,100,16.6,22.1,29.5,24.8,64.0,106.6,7,209,5,0,0,14.36,50.0,136.37
2024-07-27 08:00:00+05:30,29.7,75,974.8,100,17.1,22.3,31.7,59.8,154.0,223.1,8,209,5,0,0,37.12,50.0,143.93
2024-07-27 09:00:00+05:30,30.8,69,974.9,100,18.0,22.9,33.8,116.9,230.0,345.7,9,209,5,0,0,61.89,50.0,175.07
2024-07-27 10:00:00+05:30,31.9,64,974.9,100,17.3,21.9,33.8,113.9,292.0,414.7,10,209,5,0,0,77.98,50.0,186.98
2024-07-27 11:00:00+05:30,31.9,63,974.6,100,16.1,20.7,33.5,7.7,251.0,270.7,11,209,5,0,0,54.01,50.0,186.98
2024-07-27 12:00:00+05:30,32.5,60,974.4,100,14.6,18.4,30.6,35.9,295.0,335.6,12,209,5,0,0,68.33,50.0,193.76
2024-07-27 13:00:00+05:30,33.9,55,973.7,100,13.3,16.4,29.2,84.0,371.0,448.3,13,209,5,0,0,92.09,50.0,192.34
2024-07-27 14:00:00+05:30,34.7,52,972.7,100,13.3,16.2,28.1,87.9,351.0,415.4,14,209,5,0,0,87.81,50.0,220.24
2024-07-27 15:00:00+05:30,35.9,48,972.4,100,12.2,15.1,28.4,394.7,276.0,562.6,15,209,5,0,0,118.77,50.0,235.63
2024-07-27 16:00:00+05:30,35.5,49,972.1,100,13.1,15.9,27.0,151.4,272.0,331.3,16,209,5,0,0,75.43,50.0,230.43
2024-07-27 17:00:00+05:30,35.2,49,971.7,100,14.0,17.6,27.0,176.2,179.0,216.9,17,209,5,0,0,52.88,50.0,226.57
2024-07-27 18:00:00+05:30,33.0,52,972.6,100,13.6,17.9,26.6,117.2,115.0,97.2,18,209,5,0,1,29.01,50.0,234.57
2024-07-27 19:00:00+05:30,32.6,53,973.3,100,8.2,14.3,24.8,24.9,29.0,0.0,19,209,5,0,1,0.0,42.29,229.92
2024-07-27 20:00:00+05:30,31.8,57,973.8,100,14.3,22.4,22.7,0.0,0.0,0.0,20,209,5,0,1,0.0,50.0,220.86
2024-07-27 21:00:00+05:30,31.2,59,974.0,100,13.2,21.1,26.6,0.0,0.0,0.0,21,209,5,0,1,0.0,50.0,214.31
2024-07-27 22:00:00+05:30,31.1,60,974.4,100,10.2,16.6,21.6,0.0,0.0,0.0,22,209,5,0,1,0.0,50.0,213.24
2024-07-27 23:00:00+05:30,30.3,64,974.6,100,13.3,20.5,21.2,0.0,0.0,0.0,23,209,5,0,1,0.0,50.0,204.9
2024-07-28 00:00:00+05:30,28.9,74,974.1,100,13.0,20.2,25.6,0.0,0.0,0.0,0,210,6,0,0,0.0,50.0,96.37
2024-07-28 01:00:00+05:30,27.6,87,973.5,100,11.2,19.4,21.6,0.0,0.0,0.0,1,210,6,0,0,0.0,50.0,85.26
2024-07-28 02:00:00+05:30,27.1,90,973.2,100,12.7,21.2,20.5,0.0,0.0,0.0,2,210,6,0,0,0.0,50.0,81.44
2024-07-28 03:00:00+05:30,27.1,90,972.9,100,11.6,18.5,21.6,0.0,0.0,0.0,3,210,6,0,0,0.0,50.0,81.44
2024-07-28 04:00:00+05:30,27.0,90,972.9,100,11.2,17.9,19.1,0.0,0.0,0.0,4,210,6,0,0,0.0,50.0,80.71
2024-07-28 05:00:00+05:30,27.0,90,973.4,100,10.5,16.5,18.4,0.0,0.0,0.0,5,210,6,0,0,0.0,50.0,80.71
2024-07-28 06:00:00+05:30,27.7,84,974.3,100,6.4,8.7,12.2,0.0,5.0,24.6,6,210,6,0,0,0.0,12.8,86.05
2024-07-28 07:00:00+05:30,28.4,81,974.8,100,10.0,12.6,17.6,24.9,61.0,102.3,7,210,6,0,0,13.74,44.79,131.92
2024-07-28 08:00:00+05:30,29.9,73,975.1,100,11.4,14.5,23.0,98.3,154.0,243.3,8,210,6,0,0,39.72,50.0,145.89
2024-07-28 09:00:00+05:30,30.8,69,975.2,95,6.6,8.0,23.0,107.4,202.0,306.9,9,210,6,0,0,55.14,11.36,115.07
2024-07-28 10:00:00+05:30,32.4,62,974.8,72,4.7,5.5,16.9,166.6,281.0,447.4,10,210,6,0,0,83.46,3.3,132.62
2024-07-28 11:00:00+05:30,34.4,54,974.2,70,2.9,2.9,16.2,379.9,304.0,678.8,11,210,6,0,0,127.32,0.08,156.49
2024-07-28 12:00:00+05:30,35.7,51,973.2,94,7.0,8.0,26.3,464.4,306.0,770.9,12,210,6,0,0,147.15,12.11,173.02
2024-07-28 13:00:00+05:30,36.7,48,972.5,100,10.4,13.0,26.6,492.3,311.0,787.0,13,210,6,0,0,153.41,50.0,186.23
2024-07-28 14:00:00+05:30,36.8,48,971.8,100,11.5,14.1,28.1,435.6,289.0,670.0,14,210,6,0,0,135.79,50.0,187.57
2024-07-28 15:00:00+05:30,36.5,50,971.1,100,10.5,12.5,26.6,351.3,281.0,533.0,15,210,6,0,0,112.9,50.0,183.55
2024-07-28 16:00:00+05:30,36.1,51,970.7,100,9.6,11.7,24.5,223.1,263.0,367.1,16,210,6,0,0,82.59,36.23,178.25
2024-07-28 17:00:00+05:30,36.1,51,970.2,100,8.9,11.2,22.0,95.1,183.0,186.2,17,210,6,0,0,46.36,30.34,178.25
2024-07-28 18:00:00+05:30,33.8,56,971.3,79,7.0,8.7,23.8,62.2,90.0,69.9,18,210,6,0,1,21.52,14.15,244.12
2024-07-28 19:00:00+05:30,33.3,58,971.1,79,3.0,5.1,13.7,16.7,24.0,0.0,19,210,6,0,1,0.0,1.2,238.11
2024-07-28 20:00:00+05:30,32.7,61,971.3,94,3.6,5.2,5.8,0.0,0.0,0.0,20,210,6,0,1,0.0,1.82,231.07
2024-07-28 21:00:00+05:30,32.4,62,971.9,100,5.5,8.2,9.4,0.0,0.0,0.0,21,210,6,0,1,0.0,9.13,227.62
2024-07-28 22:00:00+05:30,32.1,64,972.2,95,5.4,9.0,8.6,0.0,0.0,0.0,22,210,6,0,1,0.0,10.58,224.22
2024-07-28 23:00:00+05:30,32.0,65,971.8,61,8.0,14.4,13.0,0.0,0.0,0.0,23,210,6,0,1,0.0,41.45,223.09
2024-07-29 00:00:00+05:30,31.5,68,971.5,17,4.7,10.4,12.6,0.0,0.0,0.0,0,211,0,0,0,0.0,11.38,122.56
2024-07-29 01:00:00+05:30,31.1,72,970.9,2,7.2,13.4,12.2,0.0,0.0,0.0,1,211,0,0,0,0.0,31.86,118.24
2024-07-29 02:00:00+05:30,30.0,78,970.9,51,8.2,13.6,13.0,0.0,0.0,0.0,2,211,0,0,0,0.0,38.99,106.89
2024-07-29 03:00:00+05:30,29.1,80,970.9,49,7.2,10.5,13.7,0.0,0.0,0.0,3,211,0,0,0,0.0,20.88,98.22
2024-07-29 04:00:00+05:30,28.8,82,971.3,88,8.0,10.0,13.0,0.0,0.0,0.0,4,211,0,0,0,0.0,22.1,95.47
2024-07-29 05:00:00+05:30,28.9,80,971.5,16,1.9,1.3,14.4,0.0,0.0,0.0,5,211,0,0,0,0.0,0.0,96.37
2024-07-29 06:00:00+05:30,29.5,79,971.4,39,5.9,13.0,13.7,0.0,4.0,20.1,6,211,0,0,0,0.0,23.3,102.0
2024-07-29 07:00:00+05:30,29.1,84,972.5,97,7.7,10.8,24.5,50.3,54.0,99.5,7,211,0,0,0,12.59,24.06,138.22
2024-07-29 08:00:00+05:30,30.9,76,972.9,90,3.3,4.8,15.1,199.7,128.0,263.5,8,211,0,0,0,41.05,1.25,156.12
2024-07-29 09:00:00+05:30,32.6,68,973.3,18,6.8,8.6,20.9,330.7,187.0,446.8,9,211,0,1,0,76.69,13.4,254.92
2024-07-29 10:00:00+05:30,34.6,60,973.0,66,12.9,15.6,32.0,434.8,234.0,623.9,10,211,0,1,0,112.11,50.0,278.98
2024-07-29 11:00:00+05:30,36.2,53,972.0,74,15.9,20.0,35.6,504.3,256.0,746.1,11,211,0,1,0,137.77,50.0,299.57
2024-07-29 12:00:00+05:30,37.4,48,970.7,29,17.5,22.0,38.2,533.5,271.0,803.5,12,211,0,1,0,151.8,50.0,315.71
2024-07-29 13:00:00+05:30,37.9,46,969.6,46,19.7,24.5,40.0,541.2,265.0,789.0,13,211,0,1,0,153.18,50.0,286.6
2024-07-29 14:00:00+05:30,38.6,44,969.0,16,19.2,24.4,40.0,516.5,249.0,704.4,14,211,0,1,0,141.17,50.0,332.41
2024-07-29 15:00:00+05:30,38.9,42,968.5,73,20.1,25.5,38.2,457.0,243.0,579.9,15,211,0,1,0,120.74,50.0,336.66
2024-07-29 16:00:00+05:30,38.6,43,968.3,23,21.0,27.1,38.9,395.3,203.0,419.5,16,211,0,1,0,91.79,50.0,332.41
2024-07-29 17:00:00+05:30,37.9,44,968.1,37,20.5,27.4,38.9,251.0,159.0,231.0,17,211,0,1,0,54.9,50.0,322.6
2024-07-29 18:00:00+05:30,36.3,46,969.9,15,15.7,21.1,30.6,184.2,102.0,100.9,18,211,0,0,1,28.65,50.0,275.89
2024-07-29 19:00:00+05:30,35.3,49,970.6,15,10.9,17.8,27.7,33.6,26.0,0.0,19,211,0,0,1,0.0,50.0,262.85
2024-07-29 20:00:00+05:30,34.5,52,971.2,16,8.3,15.5,18.0,0.0,0.0,0.0,20,211,0,0,1,0.0,50.0,252.74
2024-07-29 21:00:00+05:30,33.9,54,972.4,25,12.2,21.5,18.7,0.0,0.0,0.0,21,211,0,0,1,0.0,50.0,245.34
2024-07-29 22:00:00+05:30,32.7,60,973.0,18,9.1,16.1,23.0,0.0,0.0,0.0,22,211,0,0,1,0.0,50.0,231.07
2024-07-29 23:00:00+05:30,31.6,66,973.4,31,13.7,20.2,21.6,0.0,0.0,0.0,23,211,0,0,1,0.0,50.0,218.66
2024-07-30 00:00:00+05:30,30.1,75,973.1,19,9.5,13.6,23.0,0.0,0.0,0.0,0,212,1,0,0,0.0,50.0,107.89
2024-07-30 01:00:00+05:30,30.0,77,972.3,33,2.7,5.2,15.8,0.0,0.0,0.0,1,212,1,0,0,0.0,1.01,106.89
2024-07-30 02:00:00+05:30,29.6,79,971.9,0,2.5,4.9,4.7,0.0,0.0,0.0,2,212,1,0,0,0.0,0.68,102.96
2024-07-30 03:00:00+05:30,29.3,82,971.5,3,3.3,6.5,5.0,0.0,0.0,0.0,3,212,1,0,0,0.0,2.66,100.09
2024-07-30 04:00:00+05:30,29.0,83,971.2,1,4.8,7.7,7.2,0.0,0.0,0.0,4,212,1,0,0,0.0,6.75,97.29
2024-07-30 05:00:00+05:30,28.7,85,972.1,3,6.4,10.0,10.8,0.0,0.0,0.0,5,212,1,0,0,0.0,16.37,94.57
2024-07-30 06:00:00+05:30,28.9,83,973.4,14,6.6,8.5,15.1,0.0,5.0,25.7,6,212,1,0,0,0.0,12.75,96.37
2024-07-30 07:00:00+05:30,29.7,78,974.7,21,6.3,7.9,14.4,91.2,67.0,132.6,7,212,1,0,0,16.02,10.44,143.93
2024-07-30 08:00:00+05:30,30.6,74,975.1,29,3.8,4.3,17.3,219.6,137.0,284.9,8,212,1,0,0,44.34,1.24,152.98
2024-07-30 09:00:00+05:30,32.2,67,975.5,37,3.9,4.6,22.3,332.9,196.0,458.4,9,212,1,1,0,78.88,1.57,250.35
2024-07-30 10:00:00+05:30,34.2,56,975.5,81,6.6,8.3,20.9,290.1,285.0,556.5,10,212,1,1,0,101.49,12.02,274.02
2024-07-30 11:00:00+05:30,35.6,51,975.0,68,12.9,15.9,28.1,392.7,283.0,668.5,11,212,1,1,0,125.13,50.0,291.72
2024-07-30 12:00:00+05:30,35.6,52,974.2,74,11.7,14.4,30.6,292.1,359.0,654.0,12,212,1,1,0,126.85,50.0,291.72
2024-07-30 13:00:00+05:30,37.0,47,973.3,76,9.7,11.8,26.6,523.3,284.0,789.9,13,212,1,1,0,154.11,37.27,274.27
2024-07-30 14:00:00+05:30,38.0,44,972.4,19,10.2,12.8,25.9,540.2,255.0,731.1,14,212,1,1,0,146.56,50.0,323.99
2024-07-30 15:00:00+05:30,38.2,43,971.9,24,10.7,13.3,25.9,456.3,241.0,577.0,15,212,1,1,0,120.73,50.0,326.78
2024-07-30 16:00:00+05:30,38.0,43,971.7,35,10.6,13.0,24.8,378.7,213.0,417.5,16,212,1,1,0,91.9,50.0,323.99
2024-07-30 17:00:00+05:30,35.6,51,971.1,22,14.4,18.1,27.7,275.1,167.0,246.7,17,212,1,1,0,59.14,50.0,291.72
2024-07-30 18:00:00+05:30,29.1,87,973.3,94,19.3,29.5,37.8,122.4,96.0,84.6,18,212,1,0,1,25.68,50.0,193.22
2024-07-30 19:00:00+05:30,30.4,77,974.1,99,15.6,22.0,31.7,0.0,16.0,0.0,19,212,1,0,1,0.0,50.0,205.92
2024-07-30 20:00:00+05:30,29.9,77,974.6,93,14.6,21.3,26.6,0.0,0.0,0.0,20,212,1,0,1,0.0,50.0,200.89
2024-07-30 21:00:00+05:30,29.5,80,975.9,100,13.2,20.2,24.8,0.0,0.0,0.0,21,212,1,0,1,0.0,50.0,197.0
2024-07-30 22:00:00+05:30,28.5,87,976.7,100,16.4,24.7,25.9,0.0,0.0,0.0,22,212,1,0,1,0.0,50.0,187.79
2024-07-30 23:00:00+05:30,27.6,89,977.0,100,19.8,29.5,31.7,0.0,0.0,0.0,23,212,1,0,1,0.0,50.0,180.26
2024-07-31 00:00:00+05:30,27.3,89,975.9,97,8.7,12.5,32.8,0.0,0.0,0.0,0,213,2,0,0,0.0,36.93,82.93
2024-07-31 01:00:00+05:30,27.0,91,975.4,100,10.1,16.1,16.6,0.0,0.0,0.0,1,213,2,0,0,0.0,50.0,80.71
2024-07-31 02:00:00+05:30,27.0,90,975.3,100,11.6,19.1,19.1,0.0,0.0,0.0,2,213,2,0,0,0.0,50.0,80.71
2024-07-31 03:00:00+05:30,27.0,89,975.3,100,12.3,19.8,20.2,0.0,0.0,0.0,3,213,2,0,0,0.0,50.0,80.71
2024-07-31 04:00:00+05:30,27.0,89,975.3,100,14.0,21.4,22.7,0.0,0.0,0.0,4,213,2,0,0,0.0,50.0,80.71
2024-07-31 05:00:00+05:30,26.8,90,975.4,100,15.6,22.7,25.9,0.0,0.0,0.0,5,213,2,0,0,0.0,50.0,79.29
2024-07-31 06:00:00+05:30,27.6,86,976.6,76,14.9,20.1,25.6,0.0,5.0,26.2,6,213,2,0,0,0.0,50.0,85.26
2024-07-31 07:00:00+05:30,28.2,83,976.9,80,14.7,19.7,27.0,61.3,64.0,118.9,7,213,2,0,0,14.99,50.0,130.19
2024-07-31 08:00:00+05:30,29.4,75,977.2,96,15.8,20.3,29.5,162.1,128.0,243.9,8,213,2,0,0,38.77,50.0,141.04
2024-07-31 09:00:00+05:30,31.0,68,977.4,100,14.5,18.1,29.5,271.3,218.0,440.2,9,213,2,1,0,76.85,50.0,237.18
2024-07-31 10:00:00+05:30,32.2,62,977.4,100,15.1,18.7,31.0,244.1,301.0,534.8,10,213,2,1,0,98.82,50.0,250.35
2024-07-31 11:00:00+05:30,33.4,58,977.4,100,14.5,18.1,31.0,240.9,327.0,570.9,11,213,2,1,0,109.28,50.0,264.31
2024-07-31 12:00:00+05:30,34.2,54,976.9,99,13.5,16.8,30.6,164.7,397.0,566.5,12,213,2,1,0,111.67,50.0,274.02
2024-07-31 13:00:00+05:30,35.1,52,976.2,96,14.1,17.1,29.9,336.9,325.0,648.7,13,213,2,1,0,129.95,50.0,249.3
2024-07-31 14:00:00+05:30,35.2,51,974.9,47,14.5,18.2,30.6,395.1,277.0,621.0,14,213,2,1,0,128.01,50.0,286.57
2024-07-31 15:00:00+05:30,34.8,54,974.1,62,15.1,18.8,31.0,395.1,254.0,541.0,15,213,2,1,0,115.65,50.0,281.5
2024-07-31 16:00:00+05:30,34.5,55,973.8,100,15.8,19.9,30.2,317.5,229.0,393.7,16,213,2,1,0,88.67,50.0,277.74
2024-07-31 17:00:00+05:30,32.7,62,973.7,100,18.1,23.9,37.1,187.8,171.0,213.7,17,213,2,1,0,52.9,50.0,256.07
2024-07-31 18:00:00+05:30,33.3,57,974.0,100,20.0,26.9,37.8,83.2,106.0,83.0,18,213,2,0,1,25.74,50.0,238.11
2024-07-31 19:00:00+05:30,32.1,62,974.7,100,18.2,27.0,35.3,17.1,27.0,0.0,19,213,2,0,1,0.0,50.0,224.22
2024-07-31 20:00:00+05:30,31.3,66,975.0,100,17.5,26.6,30.6,0.0,0.0,0.0,20,213,2,0,1,0.0,50.0,215.39
2024-07-31 21:00:00+05:30,30.7,69,975.7,100,17.1,26.7,29.2,0.0,0.0,0.0,21,213,2,0,1,0.0,50.0,209.02
2024-07-31 22:00:00+05:30,30.2,72,976.3,100,18.4,28.3,30.2,0.0,0.0,0.0,22,213,2,0,1,0.0,50.0,203.89
2024-07-31 23:00:00+05:30,29.7,74,975.6,100,20.6,31.3,34.2,0.0,0.0,0.0,23,213,2,0,1,0.0,0.0,198.93
2024-08-01 00:00:00+05:30,29.0,78,976.0,100,20.4,30.0,34.9,0.0,0.0,0.0,0,214,3,0,0,0.0,0.0,97.29
2024-08-01 01:00:00+05:30,28.2,83,975.2,100,21.2,30.7,36.0,0.0,0.0,0.0,1,214,3,0,0,0.0,0.0,90.19
2024-08-01 02:00:00+05:30,27.8,85,974.9,100,21.4,30.8,36.7,0.0,0.0,0.0,2,214,3,0,0,0.0,0.0,86.86
2024-08-01 03:00:00+05:30,27.6,85,974.4,100,21.9,31.6,37.8,0.0,0.0,0.0,3,214,3,0,0,0.0,0.0,85.26
2024-08-01 04:00:00+05:30,27.5,85,974.4,100,22.4,32.6,37.8,0.0,0.0,0.0,4,214,3,0,0,0.0,0.0,84.47
2024-08-01 05:00:00+05:30,27.2,87,974.8,100,21.8,31.0,39.2,0.0,0.0,0.0,5,214,3,0,0,0.0,0.0,82.18
2024-08-01 06:00:00+05:30,27.3,84,974.5,100,21.4,30.4,36.7,0.0,4.0,21.4,6,214,3,0,0,0.0,0.0,82.93
2024-08-01 07:00:00+05:30,27.8,79,975.3,100,22.4,30.9,38.9,10.3,54.0,87.9,7,214,3,0,0,12.02,0.0,126.86
2024-08-01 08:00:00+05:30,27.8,77,976.1,100,21.0,28.5,39.2,0.0,67.0,83.9,8,214,3,0,0,14.63,50.0,126.86
2024-08-01 09:00:00+05:30,28.2,74,976.1,100,21.9,29.3,38.2,1.6,130.0,150.2,9,214,3,1,0,28.28,0.0,210.19
2024-08-01 10:00:00+05:30,29.9,66,975.9,100,24.4,32.1,43.9,88.8,283.0,383.5,10,214,3,1,0,73.16,0.0,225.89
2024-08-01 11:00:00+05:30,29.7,65,975.8,100,21.9,29.5,44.3,8.9,158.0,174.2,11,214,3,1,0,35.46,0.0,223.93
2024-08-01 12:00:00+05:30,30.3,63,975.9,100,17.7,23.5,38.5,2.1,215.0,220.7,12,214,3,1,0,45.96,50.0,229.9
2024-08-01 13:00:00+05:30,30.9,60,974.7,100,20.3,26.6,36.0,13.2,213.0,223.1,13,214,3,1,0,47.71,50.0,200.12
2024-08-01 14:00:00+05:30,31.7,57,973.8,100,20.9,27.8,39.2,34.0,215.0,236.3,14,214,3,1,0,51.83,50.0,244.76
2024-08-01 15:00:00+05:30,31.2,59,972.9,100,22.9,31.3,40.3,1.2,130.0,120.7,15,214,3,1,0,27.89,0.0,239.31
2024-08-01 16:00:00+05:30,31.6,58,972.7,100,21.1,28.0,42.5,23.0,189.0,179.3,16,214,3,1,0,43.0,50.0,243.66
2024-08-01 17:00:00+05:30,31.5,58,972.8,100,18.1,24.0,37.1,21.6,152.0,130.3,17,214,3,1,0,34.17,50.0,242.56
2024-08-01 18:00:00+05:30,29.9,64,973.6,100,15.6,21.3,26.6,0.0,35.0,22.1,18,214,3,0,1,7.55,50.0,200.89
2024-08-01 19:00:00+05:30,28.6,73,974.0,100,13.9,19.8,27.4,0.0,11.0,0.0,19,214,3,0,1,0.0,50.0,188.67
2024-08-01 20:00:00+05:30,27.8,82,974.8,100,7.0,11.2,23.0,0.0,0.0,0.0,20,214,3,0,1,0.0,22.73,181.86
2024-08-01 21:00:00+05:30,27.2,90,975.5,100,6.7,12.2,11.9,0.0,0.0,0.0,21,214,3,0,1,0.0,24.99,177.18
2024-08-01 22:00:00+05:30,27.0,92,975.6,100,10.2,18.0,16.6,0.0,0.0,0.0,22,214,3,0,1,0.0,50.0,175.71
2024-08-01 23:00:00+05:30,26.7,93,975.4,100,13.0,22.4,21.2,0.0,0.0,0.0,23,214,3,0,1,0.0,50.0,173.6
2024-08-02 00:00:00+05:30,26.5,94,974.9,100,12.4,20.9,23.4,0.0,0.0,0.0,0,215,4,0,0,0.0,50.0,77.26
2024-08-02 01:00:00+05:30,26.4,95,974.1,100,12.6,20.4,21.2,0.0,0.0,0.0,1,215,4,0,0,0.0,50.0,76.61
2024-08-02 02:00:00+05:30,26.1,95,973.5,100,14.6,22.2,23.8,0.0,0.0,0.0,2,215,4,0,0,0.0,50.0,74.78
2024-08-02 03:00:00+05:30,25.4,96,973.0,100,8.4,12.1,24.5,0.0,0.0,0.0,3,215,4,0,0,0.0,33.41,71.22
2024-08-02 04:00:00+05:30,25.2,97,972.7,100,3.4,4.7,14.4,0.0,0.0,0.0,4,215,4,0,0,0.0,1.28,70.48
2024-08-02 05:00:00+05:30,25.4,96,973.1,100,4.3,6.2,7.9,0.0,0.0,0.0,5,215,4,0,0,0.0,3.76,71.22
2024-08-02 06:00:00+05:30,25.5,93,972.9,100,15.1,22.5,32.4,0.0,1.0,5.5,6,215,4,0,0,0.0,50.0,71.65
2024-08-02 07:00:00+05:30,25.7,96,973.2,100,12.5,18.0,30.2,0.0,7.0,11.0,7,215,4,0,0,1.56,50.0,112.59
2024-08-02 08:00:00+05:30,26.0,93,973.7,100,5.4,6.6,21.6,0.0,9.0,11.3,8,215,4,0,0,1.99,6.03,114.2
2024-08-02 09:00:00+05:30,26.0,94,974.1,100,11.2,17.9,16.6,0.0,25.0,28.7,9,215,4,1,0,5.51,50.0,194.2
2024-08-02 10:00:00+05:30,25.7,94,974.0,100,19.1,29.4,30.6,0.0,23.0,25.1,10,215,4,1,0,5.08,50.0,192.59
2024-08-02 11:00:00+05:30,25.9,95,973.8,100,18.0,27.0,32.4,0.0,50.0,52.5,11,215,4,1,0,10.99,50.0,193.64
2024-08-02 12:00:00+05:30,26.4,93,972.7,100,21.1,31.3,34.9,0.0,98.0,99.7,12,215,4,1,0,21.37,0.0,196.61
2024-08-02 13:00:00+05:30,27.3,89,972.1,100,23.7,32.4,39.6,34.5,257.0,287.3,13,215,4,1,0,61.9,0.0,166.93
2024-08-02 14:00:00+05:30,26.8,93,972.3,100,19.3,27.0,41.8,23.4,235.0,245.8,14,215,4,1,0,54.92,50.0,199.29
2024-08-02 15:00:00+05:30,26.5,92,971.6,100,21.5,31.0,36.0,1.2,131.0,121.6,15,215,4,1,0,28.62,0.0,197.26
2024-08-02 16:00:00+05:30,27.4,86,971.4,100,24.8,35.5,41.8,24.5,193.0,183.5,16,215,4,1,0,44.76,0.0,203.69
2024-08-02 17:00:00+05:30,26.7,91,971.1,100,23.7,36.0,42.1,0.0,52.0,41.5,17,215,4,1,0,11.35,0.0,198.6
2024-08-02 18:00:00+05:30,26.2,95,971.8,100,15.8,24.0,28.4,0.0,48.0,30.1,18,215,4,0,1,10.48,50.0,170.37
2024-08-02 19:00:00+05:30,25.9,95,972.3,100,15.1,24.9,25.9,0.0,14.0,0.0,19,215,4,0,1,0.0,50.0,168.64
2024-08-02 20:00:00+05:30,25.7,95,972.5,100,14.2,23.7,25.2,0.0,0.0,0.0,20,215,4,0,1,0.0,50.0,167.59
2024-08-02 21:00:00+05:30,25.2,97,973.0,100,13.6,21.7,25.6,0.0,0.0,0.0,21,215,4,0,1,0.0,50.0,165.48
2024-08-02 22:00:00+05:30,25.3,97,974.0,100,12.0,19.9,22.3,0.0,0.0,0.0,22,215,4,0,1,0.0,50.0,165.83
2024-08-02 23:00:00+05:30,25.2,97,974.1,100,13.2,21.5,23.0,0.0,0.0,0.0,23,215,4,0,1,0.0,50.0,165.48
2024-08-03 00:00:00+05:30,25.0,98,973.4,100,12.4,21.3,22.3,0.0,0.0,0.0,0,216,5,0,0,0.0,50.0,70.0
2024-08-03 01:00:00+05:30,25.2,98,972.7,100,15.0,25.0,23.8,0.0,0.0,0.0,1,216,5,0,0,0.0,50.0,70.48
2024-08-03 02:00:00+05:30,25.1,99,972.1,100,11.8,21.9,24.1,0.0,0.0,0.0,2,216,5,0,0,0.0,50.0,70.19
2024-08-03 03:00:00+05:30,25.1,98,971.8,100,12.2,21.4,20.2,0.0,0.0,0.0,3,216,5,0,0,0.0,50.0,70.19
2024-08-03 04:00:00+05:30,25.0,96,971.8,100,9.6,15.8,20.2,0.0,0.0,0.0,4,216,5,0,0,0.0,50.0,70.0
2024-08-03 05:00:00+05:30,24.9,98,971.7,100,11.2,19.1,18.4,0.0,0.0,0.0,5,216,5,0,0,0.0,50.0,70.0
2024-08-03 06:00:00+05:30,24.7,97,972.3,100,16.3,24.4,27.0,0.0,3.0,16.8,6,216,5,0,0,0.0,50.0,70.0
2024-08-03 07:00:00+05:30,25.2,94,972.9,100,18.4,25.3,31.3,10.5,52.0,85.4,7,216,5,0,0,11.71,50.0,110.48
2024-08-03 08:00:00+05:30,25.4,92,973.3,100,16.5,22.4,31.3,0.0,56.0,70.2,8,216,5,0,0,12.35,50.0,111.22
2024-08-03 09:00:00+05:30,26.4,88,973.7,100,13.5,17.7,28.8,3.3,126.0,146.9,9,216,5,0,0,27.83,50.0,136.61
2024-08-03 10:00:00+05:30,27.5,83,973.8,100,13.9,18.1,25.9,11.6,230.0,260.5,10,216,5,0,0,51.04,50.0,144.47
2024-08-03 11:00:00+05:30,27.5,84,973.7,100,17.7,23.7,31.7,21.1,212.0,242.5,11,216,5,0,0,49.41,50.0,144.47
2024-08-03 12:00:00+05:30,28.8,78,973.5,100,17.8,22.8,33.5,75.3,343.0,423.1,12,216,5,0,0,86.78,50.0,155.47
2024-08-03 13:00:00+05:30,29.5,74,973.2,64,20.9,27.4,37.1,141.3,318.0,451.1,13,216,5,0,0,94.81,50.0,144.0
2024-08-03 14:00:00+05:30,29.4,74,972.7,85,22.4,30.0,40.7,183.2,285.0,437.1,14,216,5,0,0,94.72,0.0,161.04
2024-08-03 15:00:00+05:30,27.6,89,971.9,100,19.4,26.1,41.0,201.3,266.0,400.6,15,216,5,0,0,90.41,50.0,145.26
2024-08-03 16:00:00+05:30,26.2,96,971.7,83,18.7,26.0,34.9,0.0,123.0,107.4,16,216,5,0,0,26.71,50.0,135.37
2024-08-03 17:00:00+05:30,26.9,93,972.1,60,20.8,29.2,35.6,136.3,197.0,212.1,17,216,5,0,0,54.83,0.0,139.99
2024-08-03 18:00:00+05:30,27.6,84,972.9,100,16.1,22.1,31.3,111.9,91.0,77.5,18,216,5,0,1,24.32,50.0,180.26
2024-08-03 19:00:00+05:30,27.2,86,973.9,100,15.8,24.0,27.7,0.0,17.0,0.0,19,216,5,0,1,0.0,50.0,177.18
2024-08-03 20:00:00+05:30,26.6,91,974.7,100,17.9,27.6,29.2,0.0,0.0,0.0,20,216,5,0,1,0.0,50.0,172.92
2024-08-03 21:00:00+05:30,26.2,93,975.6,100,15.8,24.2,29.5,0.0,0.0,0.0,21,216,5,0,1,0.0,50.0,170.37
2024-08-03 22:00:00+05:30,25.9,93,976.0,56,11.3,18.4,25.9,0.0,0.0,0.0,22,216,5,0,1,0.0,50.0,168.64
2024-08-03 23:00:00+05:30,25.7,94,976.1,100,13.4,21.6,21.6,0.0,0.0,0.0,23,216,5,0,1,0.0,50.0,167.59
2024-08-04 00:00:00+05:30,25.6,95,975.7,100,12.3,20.3,22.0,0.0,0.0,0.0,0,217,6,0,0,0.0,50.0,72.11
2024-08-04 01:00:00+05:30,25.4,96,974.9,100,12.4,20.9,20.9,0.0,0.0,0.0,1,217,6,0,0,0.0,50.0,71.22
2024-08-04 02:00:00+05:30,25.2,96,974.5,100,10.4,18.0,20.5,0.0,0.0,0.0,2,217,6,0,0,0.0,50.0,70.48
2024-08-04 03:00:00+05:30,25.3,95,974.7,100,9.4,15.9,18.7,0.0,0.0,0.0,3,217,6,0,0,0.0,50.0,70.83
2024-08-04 04:00:00+05:30,25.4,95,974.7,100,10.2,14.8,17.6,0.0,0.0,0.0,4,217,6,0,0,0.0,50.0,71.22
2024-08-04 05:00:00+05:30,25.4,95,975.1,100,9.5,14.1,17.6,0.0,0.0,0.0,5,217,6,0,0,0.0,50.0,71.22
2024-08-04 06:00:00+05:30,25.8,95,974.8,100,12.6,19.1,22.3,0.0,1.0,5.7,6,217,6,0,0,0.0,50.0,73.11
2024-08-04 07:00:00+05:30,25.7,95,975.6,100,13.6,19.9,23.4,0.0,30.0,47.6,7,217,6,0,0,6.66,50.0,112.59
2024-08-04 08:00:00+05:30,26.2,91,976.3,100,11.7,15.6,23.4,41.6,87.0,130.5,8,217,6,0,0,22.05,50.0,115.37
2024-08-04 09:00:00+05:30,26.5,90,976.8,100,10.9,13.9,21.2,1.6,140.0,161.9,9,217,6,0,0,30.61,50.0,77.26
2024-08-04 10:00:00+05:30,26.1,94,977.2,100,9.2,12.1,20.5,0.0,127.0,138.4,10,217,6,0,0,27.65,37.77,74.78
2024-08-04 11:00:00+05:30,25.9,95,977.2,100,8.7,11.4,17.6,0.0,132.0,138.6,11,217,6,0,0,28.73,31.63,73.64
2024-08-04 12:00:00+05:30,25.6,95,976.8,100,6.8,7.9,16.9,0.0,121.0,123.1,12,217,6,0,0,26.39,11.79,72.11
2024-08-04 13:00:00+05:30,26.8,93,975.6,100,6.4,8.8,13.7,13.2,216.0,226.0,13,217,6,0,0,49.13,13.13,79.29
2024-08-04 14:00:00+05:30,28.2,85,974.5,96,11.2,14.1,22.7,101.3,245.0,325.1,14,217,6,0,0,71.79,50.0,90.19
2024-08-04 15:00:00+05:30,30.1,74,973.8,79,12.8,16.4,25.2,287.4,283.0,482.4,15,217,6,0,0,106.7,50.0,107.89
2024-08-04 16:00:00+05:30,30.4,72,973.5,82,13.3,16.9,26.3,247.6,221.0,342.2,16,217,6,0,0,79.7,50.0,110.92
2024-08-04 17:00:00+05:30,30.5,71,973.4,88,11.6,15.0,24.5,226.0,171.0,227.0,17,217,6,0,0,56.86,50.0,111.95
2024-08-04 18:00:00+05:30,28.6,80,974.6,89,6.8,9.3,14.4,88.8,90.0,72.1,18,217,6,0,1,23.05,15.65,188.67
2024-08-04 19:00:00+05:30,27.5,88,975.2,100,8.5,14.1,13.0,8.8,18.0,0.0,19,217,6,0,1,0.0,44.09,179.47
2024-08-04 20:00:00+05:30,26.9,92,975.6,100,8.9,15.7,14.4,0.0,0.0,0.0,20,217,6,0,1,0.0,50.0,174.99
2024-08-04 21:00:00+05:30,26.6,93,976.5,99,10.8,18.4,17.3,0.0,0.0,0.0,21,217,6,0,1,0.0,50.0,172.92
2024-08-04 22:00:00+05:30,26.4,93,976.5,93,11.5,20.1,19.4,0.0,0.0,0.0,22,217,6,0,1,0.0,50.0,171.61
2024-08-04 23:00:00+05:30,25.8,95,977.1,100,6.2,11.6,19.8,0.0,0.0,0.0,23,217,6,0,1,0.0,20.73,168.11
2024-08-05 00:00:00+05:30,25.7,94,976.9,100,7.1,12.4,11.5,0.0,0.0,0.0,0,218,0,0,0,0.0,27.97,72.59
2024-08-05 01:00:00+05:30,25.6,94,976.3,100,7.1,12.2,11.9,0.0,0.0,0.0,1,218,0,0,0,0.0,27.17,72.11
2024-08-05 02:00:00+05:30,25.5,95,975.7,100,6.9,11.6,11.9,0.0,0.0,0.0,2,218,0,0,0,0.0,23.92,71.65
2024-08-05 03:00:00+05:30,25.5,95,975.3,100,8.3,12.9,13.0,0.0,0.0,0.0,3,218,0,0,0,0.0,36.85,71.65
2024-08-05 04:00:00+05:30,25.4,94,975.3,100,8.7,15.3,15.1,0.0,0.0,0.0,4,218,0,0,0,0.0,50.0,71.22
2024-08-05 05:00:00+05:30,25.6,94,975.2,100,10.0,18.0,15.8,0.0,0.0,0.0,5,218,0,0,0,0.0,50.0,72.11
2024-08-05 06:00:00+05:30,25.6,95,975.6,100,15.6,25.6,28.4,0.0,3.0,17.6,6,218,0,0,0,0.0,50.0,72.11
2024-08-05 07:00:00+05:30,26.1,90,975.5,100,16.3,24.5,27.0,15.9,47.0,79.6,7,218,0,0,0,10.66,50.0,114.78
2024-08-05 08:00:00+05:30,26.3,91,976.1,100,18.3,26.6,30.2,36.8,134.0,187.2,8,218,0,0,0,31.81,50.0,115.99
2024-08-05 09:00:00+05:30,26.6,91,976.6,100,17.3,25.4,31.7,9.9,150.0,179.2,9,218,0,1,0,33.73,50.0,197.92
2024-08-05 10:00:00+05:30,26.6,90,976.7,100,18.4,29.3,31.3,5.2,75.0,86.1,10,218,0,1,0,17.26,50.0,197.92
2024-08-05 11:00:00+05:30,26.6,92,976.4,100,15.3,25.8,31.0,0.0,35.0,36.7,11,218,0,1,0,7.68,50.0,197.92
2024-08-05 12:00:00+05:30,27.0,92,976.0,100,12.5,21.1,25.2,0.0,76.0,77.3,12,218,0,1,0,16.57,50.0,200.71
2024-08-05 13:00:00+05:30,27.3,92,975.5,100,10.2,16.4,20.9,0.0,84.0,82.9,13,218,0,1,0,18.27,50.0,166.93
2024-08-05 14:00:00+05:30,27.1,93,974.5,100,12.2,18.0,19.8,0.0,87.0,83.2,14,218,0,1,0,18.93,50.0,201.44
2024-08-05 15:00:00+05:30,27.0,93,973.9,100,17.2,25.8,28.4,1.2,120.0,111.4,15,218,0,1,0,26.22,50.0,200.71
2024-08-05 16:00:00+05:30,26.7,92,973.7,100,14.6,24.2,27.7,0.0,42.0,36.6,16,218,0,1,0,9.19,50.0,198.6
2024-08-05 17:00:00+05:30,26.6,93,973.1,100,13.4,20.8,25.2,0.0,77.0,61.2,17,218,0,1,0,16.77,50.0,197.92
2024-08-05 18:00:00+05:30,25.8,94,974.2,100,21.1,32.5,34.9,0.0,23.0,14.2,18,218,0,0,1,5.04,0.0,168.11
2024-08-05 19:00:00+05:30,25.5,96,974.4,100,21.6,33.7,35.3,0.0,8.0,0.0,19,218,0,0,1,0.0,0.0,166.65
2024-08-05 20:00:00+05:30,25.1,96,975.1,100,23.8,37.7,39.2,0.0,0.0,0.0,20,218,0,0,1,0.0,0.0,165.19
2024-08-05 21:00:00+05:30,24.8,96,975.5,100,23.7,36.9,41.0,0.0,0.0,0.0,21,218,0,0,1,0.0,0.0,165.0
2024-08-05 22:00:00+05:30,24.9,96,975.8,100,22.3,33.4,39.2,0.0,0.0,0.0,22,218,0,0,1,0.0,0.0,165.0
2024-08-05 23:00:00+05:30,24.8,97,975.7,100,20.6,31.8,36.7,0.0,0.0,0.0,23,218,0,0,1,0.0,0.0,165.0
2024-08-06 00:00:00+05:30,24.8,97,975.4,100,24.2,37.5,40.0,0.0,0.0,0.0,0,219,1,0,0,0.0,0.0,70.0
2024-08-06 01:00:00+05:30,24.7,97,974.8,100,27.0,42.3,45.4,0.0,0.0,0.0,1,219,1,0,0,0.0,0.0,70.0
2024-08-06 02:00:00+05:30,24.8,97,974.1,100,28.3,43.8,47.2,0.0,0.0,0.0,2,219,1,0,0,0.0,0.0,70.0
2024-08-06 03:00:00+05:30,24.9,96,973.9,100,23.7,36.9,47.5,0.0,0.0,0.0,3,219,1,0,0,0.0,0.0,70.0
2024-08-06 04:00:00+05:30,24.9,97,973.8,100,23.8,37.2,41.0,0.0,0.0,0.0,4,219,1,0,0,0.0,0.0,70.0
2024-08-06 05:00:00+05:30,24.9,97,973.9,100,31.9,48.8,52.6,0.0,0.0,0.0,5,219,1,0,0,0.0,0.0,70.0
2024-08-06 06:00:00+05:30,25.2,97,975.6,100,23.6,35.0,38.2,0.0,1.0,6.0,6,219,1,0,0,0.0,0.0,70.48
2024-08-06 07:00:00+05:30,25.4,97,976.0,100,20.9,32.4,38.2,0.0,20.0,31.9,7,219,1,0,0,4.45,0.0,111.22
2024-08-06 08:00:00+05:30,25.8,95,976.2,100,22.5,34.0,38.2,0.0,64.0,80.5,8,219,1,0,0,14.08,0.0,113.11
2024-08-06 09:00:00+05:30,26.5,90,976.5,100,24.2,35.2,40.0,3.3,113.0,132.1,9,219,1,1,0,25.03,0.0,197.26
2024-08-06 10:00:00+05:30,26.1,92,976.7,100,26.1,37.4,43.6,6.5,171.0,191.9,10,219,1,1,0,38.1,0.0,194.78
2024-08-06 11:00:00+05:30,26.5,91,976.7,100,22.6,32.7,42.8,0.0,105.0,110.2,11,219,1,1,0,22.87,0.0,197.26
2024-08-06 12:00:00+05:30,27.2,85,976.4,100,22.4,31.4,39.2,0.0,157.0,159.7,12,219,1,1,0,33.89,0.0,202.18
2024-08-06 13:00:00+05:30,28.8,75,976.0,100,24.4,33.1,42.1,31.6,259.0,286.2,13,219,1,1,0,61.38,0.0,179.47
2024-08-06 14:00:00+05:30,28.9,75,975.2,84,22.3,31.2,41.8,0.0,198.0,189.3,14,219,1,1,0,42.22,0.0,216.37
2024-08-06 15:00:00+05:30,30.4,68,974.4,66,23.5,31.3,42.8,326.5,305.0,531.7,15,219,1,1,0,117.01,0.0,230.92
2024-08-06 16:00:00+05:30,30.3,68,974.0,98,24.5,32.9,43.2,389.8,212.0,418.6,16,219,1,1,0,96.45,0.0,229.9
2024-08-06 17:00:00+05:30,29.4,71,973.8,95,23.5,33.0,42.8,265.6,170.0,240.6,17,219,1,1,0,60.49,0.0,221.04
2024-08-06 18:00:00+05:30,27.3,83,974.5,28,14.8,20.8,33.1,124.9,91.0,78.0,18,219,1,0,1,24.87,50.0,177.93
2024-08-06 19:00:00+05:30,26.7,87,974.9,63,10.2,17.3,25.6,18.0,21.0,0.0,19,219,1,0,1,0.0,50.0,173.6
2024-08-06 20:00:00+05:30,26.6,88,975.8,100,8.7,15.9,16.2,0.0,0.0,0.0,20,219,1,0,1,0.0,50.0,172.92
2024-08-06 21:00:00+05:30,26.6,88,976.6,100,12.2,20.2,19.8,0.0,0.0,0.0,21,219,1,0,1,0.0,50.0,172.92
2024-08-06 22:00:00+05:30,26.2,91,977.2,100,14.0,22.9,23.0,0.0,0.0,0.0,22,219,1,0,1,0.0,50.0,170.37
2024-08-06 23:00:00+05:30,26.1,93,977.0,60,15.0,24.2,25.2,0.0,0.0,0.0,23,219,1,0,1,0.0,50.0,169.78
2024-08-07 00:00:00+05:30,25.8,93,976.8,65,17.1,26.8,27.7,0.0,0.0,0.0,0,220,2,0,0,0.0,50.0,73.11
2024-08-07 01:00:00+05:30,25.5,94,976.4,100,17.8,28.3,29.5,0.0,0.0,0.0,1,220,2,0,0,0.0,50.0,71.65
2024-08-07 02:00:00+05:30,25.5,94,975.8,100,19.7,30.5,32.4,0.0,0.0,0.0,2,220,2,0,0,0.0,0.0,71.65
2024-08-07 03:00:00+05:30,25.6,93,975.5,100,21.8,32.8,36.4,0.0,0.0,0.0,3,220,2,0,0,0.0,0.0,72.11
2024-08-07 04:00:00+05:30,25.4,93,975.7,100,20.5,31.5,36.7,0.0,0.0,0.0,4,220,2,0,0,0.0,0.0,71.22
2024-08-07 05:00:00+05:30,25.2,94,976.0,100,20.5,30.8,36.0,0.0,0.0,0.0,5,220,2,0,0,0.0,0.0,70.48
2024-08-07 06:00:00+05:30,25.4,94,976.6,100,21.3,31.5,37.1,0.0,2.0,12.3,6,220,2,0,0,0.0,0.0,71.22
2024-08-07 07:00:00+05:30,25.6,91,976.9,100,22.7,31.4,40.3,10.8,41.0,68.9,7,220,2,0,0,9.28,0.0,112.11
2024-08-07 08:00:00+05:30,26.2,89,977.5,89,23.9,32.9,42.8,47.0,131.0,188.8,8,220,2,0,0,31.92,0.0,115.37
2024-08-07 09:00:00+05:30,27.0,84,977.8,84,23.8,31.9,41.8,181.8,214.0,372.4,9,220,2,1,0,67.38,0.0,200.71
2024-08-07 10:00:00+05:30,28.4,75,978.0,92,23.4,31.0,42.1,251.1,256.0,490.7,10,220,2,1,0,93.07,0.0,211.92
2024-08-07 11:00:00+05:30,29.4,71,977.7,89,22.9,30.4,41.8,227.7,328.0,558.5,11,220,2,1,0,109.47,0.0,221.04
2024-08-07 12:00:00+05:30,30.5,66,977.2,99,24.2,31.9,43.9,466.5,284.0,747.5,12,220,2,1,0,148.1,0.0,231.95
2024-08-07 13:00:00+05:30,30.7,65,976.7,100,24.0,31.7,43.9,352.0,332.0,668.1,13,220,2,1,0,137.05,0.0,198.02
2024-08-07 14:00:00+05:30,30.7,66,976.1,100,24.2,32.0,43.6,293.0,373.0,618.4,14,220,2,1,0,130.78,0.0,234.02
2024-08-07 15:00:00+05:30,30.9,64,975.5,100,22.9,30.7,43.2,230.0,346.0,494.8,15,220,2,1,0,109.3,0.0,236.12
2024-08-07 16:00:00+05:30,30.7,65,975.3,100,21.8,29.6,40.7,142.9,296.0,343.4,16,220,2,1,0,80.76,0.0,234.02
2024-08-07 17:00:00+05:30,30.1,66,975.4,100,19.8,27.9,38.2,130.3,185.0,198.2,17,220,2,1,0,51.16,50.0,227.89
2024-08-07 18:00:00+05:30,27.5,78,976.7,100,12.8,18.5,28.8,0.0,55.0,33.6,18,220,2,0,1,11.94,50.0,179.47
2024-08-07 19:00:00+05:30,27.2,79,977.1,100,10.5,17.3,21.6,0.0,11.0,0.0,19,220,2,0,1,0.0,50.0,177.18
2024-08-07 20:00:00+05:30,27.1,79,977.5,94,14.6,23.8,23.4,0.0,0.0,0.0,20,220,2,0,1,0.0,50.0,176.44
2024-08-07 21:00:00+05:30,27.0,80,978.2,98,16.4,26.7,27.0,0.0,0.0,0.0,21,220,2,0,1,0.0,50.0,175.71
2024-08-07 22:00:00+05:30,26.9,81,978.8,100,16.2,26.6,26.6,0.0,0.0,0.0,22,220,2,0,1,0.0,50.0,174.99
2024-08-07 23:00:00+05:30,26.6,82,978.8,100,15.3,25.7,27.0,0.0,0.0,0.0,23,220,2,0,1,0.0,50.0,172.92
2024-08-08 00:00:00+05:30,26.4,84,978.4,100,14.4,23.5,25.6,0.0,0.0,0.0,0,221,3,0,0,0.0,50.0,76.61
2024-08-08 01:00:00+05:30,26.4,84,977.9,98,15.9,25.6,26.3,0.0,0.0,0.0,1,221,3,0,0,0.0,50.0,76.61
2024-08-08 02:00:00+05:30,26.3,84,977.3,100,17.6,27.5,29.2,0.0,0.0,0.0,2,221,3,0,0,0.0,50.0,75.99
2024-08-08 03:00:00+05:30,25.8,86,977.4,99,18.4,29.2,30.6,0.0,0.0,0.0,3,221,3,0,0,0.0,50.0,73.11
2024-08-08 04:00:00+05:30,25.4,89,977.7,100,18.9,29.6,32.0,0.0,0.0,0.0,4,221,3,0,0,0.0,50.0,71.22
2024-08-08 05:00:00+05:30,25.2,91,978.2,100,18.3,27.5,32.4,0.0,0.0,0.0,5,221,3,0,0,0.0,50.0,70.48
2024-08-08 06:00:00+05:30,25.6,89,977.9,99,18.2,26.6,36.0,0.0,2.0,12.6,6,221,3,0,0,0.0,50.0,72.11
2024-08-08 07:00:00+05:30,25.6,90,978.5,79,19.8,27.9,33.5,10.9,48.0,80.4,7,221,3,0,0,10.83,50.0,112.11
2024-08-08 08:00:00+05:30,26.5,84,979.3,90,20.3,27.2,36.4,116.5,138.0,233.0,8,221,3,0,0,38.33,50.0,117.26
2024-08-08 09:00:00+05:30,27.3,80,980.0,92,19.0,25.0,35.6,129.1,212.0,333.4,9,221,3,1,0,60.79,50.0,202.93
2024-08-08 10:00:00+05:30,28.1,76,980.0,97,19.3,25.0,34.9,181.4,273.0,450.4,10,221,3,1,0,86.06,50.0,209.35
2024-08-08 11:00:00+05:30,29.0,71,979.9,100,17.1,21.8,35.3,290.4,300.0,588.0,11,221,3,1,0,115.28,50.0,217.29
2024-08-08 12:00:00+05:30,29.6,69,979.4,93,16.3,21.0,32.0,137.7,382.0,523.8,12,221,3,1,0,106.23,50.0,222.96
2024-08-08 13:00:00+05:30,30.6,64,978.6,100,16.3,20.7,31.7,376.8,320.0,679.9,13,221,3,1,0,139.57,50.0,196.98
2024-08-08 14:00:00+05:30,31.4,61,977.7,100,17.4,22.3,33.1,476.4,303.0,714.8,14,221,3,1,0,149.51,50.0,241.47
2024-08-08 15:00:00+05:30,31.0,62,977.1,100,18.3,23.2,33.5,219.6,314.0,456.9,15,221,3,1,0,101.55,50.0,237.18
2024-08-08 16:00:00+05:30,30.8,61,976.8,100,17.9,23.3,33.5,192.9,244.0,327.5,16,221,3,1,0,77.04,50.0,235.07
2024-08-08 17:00:00+05:30,30.4,63,976.8,100,15.8,22.7,31.7,84.6,167.0,165.5,17,221,3,1,0,43.24,50.0,230.92
2024-08-08 18:00:00+05:30,29.0,69,977.5,98,11.9,18.8,24.8,31.7,103.0,68.0,18,221,3,0,1,23.4,50.0,192.29
2024-08-08 19:00:00+05:30,28.1,73,978.0,100,12.2,20.8,20.2,0.0,18.0,0.0,19,221,3,0,1,0.0,50.0,184.35
2024-08-08 20:00:00+05:30,27.6,76,978.9,98,10.4,19.2,19.4,0.0,0.0,0.0,20,221,3,0,1,0.0,50.0,180.26
2024-08-08 21:00:00+05:30,27.2,79,979.6,100,9.6,18.4,16.6,0.0,0.0,0.0,21,221,3,0,1,0.0,50.0,177.18
2024-08-08 22:00:00+05:30,26.8,80,980.0,67,8.7,18.4,15.5,0.0,0.0,0.0,22,221,3,0,1,0.0,50.0,174.29
2024-08-08 23:00:00+05:30,26.7,79,979.9,47,10.0,19.7,15.8,0.0,0.0,0.0,23,221,3,0,1,0.0,50.0,173.6
2024-08-09 00:00:00+05:30,26.5,80,979.3,80,11.0,20.9,17.3,0.0,0.0,0.0,0,222,4,0,0,0.0,50.0,77.26
2024-08-09 01:00:00+05:30,26.4,82,979.0,99,12.6,22.6,20.2,0.0,0.0,0.0,1,222,4,0,0,0.0,50.0,76.61
2024-08-09 02:00:00+05:30,26.2,84,978.9,99,14.3,24.3,23.4,0.0,0.0,0.0,2,222,4,0,0,0.0,50.0,75.37
2024-08-09 03:00:00+05:30,26.0,86,978.9,100,14.8,23.9,24.5,0.0,0.0,0.0,3,222,4,0,0,0.0,50.0,74.2
2024-08-09 04:00:00+05:30,25.9,88,978.8,100,14.8,23.2,24.5,0.0,0.0,0.0,4,222,4,0,0,0.0,50.0,73.64
2024-08-09 05:00:00+05:30,25.7,90,979.2,100,14.4,22.7,24.5,0.0,0.0,0.0,5,222,4,0,0,0.0,50.0,72.59
2024-08-09 06:00:00+05:30,26.1,88,979.3,82,13.0,20.0,23.8,0.0,2.0,13.0,6,222,4,0,0,0.0,50.0,74.78
2024-08-09 07:00:00+05:30,26.4,87,980.1,100,13.8,18.9,24.8,38.4,51.0,93.7,7,222,4,0,0,11.93,50.0,116.61
2024-08-09 08:00:00+05:30,26.5,87,980.7,100,13.1,17.4,24.5,9.9,94.0,123.5,8,222,4,0,0,21.28,50.0,117.26
2024-08-09 09:00:00+05:30,27.2,83,981.1,100,12.2,15.8,24.1,68.0,145.0,213.9,9,222,4,1,0,39.62,50.0,202.18
2024-08-09 10:00:00+05:30,28.2,81,980.9,100,15.1,19.2,28.1,75.2,257.0,343.6,10,222,4,1,0,66.48,50.0,210.19
2024-08-09 11:00:00+05:30,27.9,82,980.7,100,14.1,18.3,28.1,21.2,258.0,290.8,11,222,4,1,0,58.89,50.0,207.68
2024-08-09 12:00:00+05:30,27.7,85,980.2,100,15.9,20.6,29.5,60.1,301.0,365.1,12,222,4,1,0,75.88,50.0,206.05
2024-08-09 13:00:00+05:30,28.4,82,979.5,100,15.1,19.6,30.6,48.0,302.0,344.3,13,222,4,1,0,73.57,50.0,175.92
2024-08-09 14:00:00+05:30,29.4,77,979.0,100,15.8,20.3,29.9,111.5,368.0,450.9,14,222,4,1,0,97.73,50.0,221.04
2024-08-09 15:00:00+05:30,29.4,76,978.3,100,16.0,20.7,30.2,78.1,308.0,342.8,15,222,4,1,0,77.81,50.0,221.04
2024-08-09 16:00:00+05:30,29.9,72,977.7,100,17.0,22.2,30.2,150.9,278.0,331.6,16,222,4,1,0,78.54,50.0,225.89
2024-08-09 17:00:00+05:30,29.9,71,977.8,100,16.2,22.0,30.6,91.0,190.0,185.8,17,222,4,1,0,48.64,50.0,225.89
2024-08-09 18:00:00+05:30,29.3,75,978.2,100,11.1,17.6,24.1,21.3,86.0,55.5,18,222,4,0,1,19.34,50.0,195.09
2024-08-09 19:00:00+05:30,27.2,85,979.4,100,11.9,17.5,18.4,0.0,9.0,0.0,19,222,4,0,1,0.0,50.0,177.18
2024-08-09 20:00:00+05:30,26.8,90,979.2,100,9.3,17.7,22.0,0.0,0.0,0.0,20,222,4,0,1,0.0,50.0,174.29
2024-08-09 21:00:00+05:30,26.4,92,980.2,100,10.4,19.2,17.3,0.0,0.0,0.0,21,222,4,0,1,0.0,50.0,171.61
2024-08-09 22:00:00+05:30,26.3,92,980.4,100,11.7,21.3,18.7,0.0,0.0,0.0,22,222,4,0,1,0.0,50.0,170.99
2024-08-09 23:00:00+05:30,26.1,93,979.9,100,15.6,25.6,25.6,0.0,0.0,0.0,23,222,4,0,1,0.0,50.0,169.78
2024-08-10 00:00:00+05:30,25.6,94,979.6,100,14.8,23.7,27.0,0.0,0.0,0.0,0,223,5,0,0,0.0,50.0,72.11
2024-08-10 01:00:00+05:30,25.3,95,979.2,100,13.8,22.7,24.1,0.0,0.0,0.0,1,223,5,0,0,0.0,50.0,70.83
2024-08-10 02:00:00+05:30,25.2,96,978.3,100,15.3,25.2,25.9,0.0,0.0,0.0,2,223,5,0,0,0.0,50.0,70.48
2024-08-10 03:00:00+05:30,25.2,97,978.1,100,14.8,23.7,25.9,0.0,0.0,0.0,3,223,5,0,0,0.0,50.0,70.48
2024-08-10 04:00:00+05:30,25.2,97,978.2,100,14.0,23.2,24.8,0.0,0.0,0.0,4,223,5,0,0,0.0,50.0,70.48
2024-08-10 05:00:00+05:30,25.1,97,978.4,100,16.0,26.3,25.9,0.0,0.0,0.0,5,223,5,0,0,0.0,50.0,70.19
2024-08-10 06:00:00+05:30,26.0,92,979.5,100,15.6,22.6,26.3,0.0,2.0,13.3,6,223,5,0,0,0.0,50.0,74.2
2024-08-10 07:00:00+05:30,26.5,89,979.7,100,17.7,24.7,31.3,11.1,44.0,74.6,7,223,5,0,0,9.92,50.0,117.26
2024-08-10 08:00:00+05:30,27.4,84,980.0,100,18.4,24.3,32.8,84.8,144.0,224.6,8,223,5,0,0,37.26,50.0,123.69
2024-08-10 09:00:00+05:30,28.6,78,980.4,100,18.2,23.3,33.1,259.1,223.0,436.0,9,223,5,0,0,77.82,50.0,153.67
2024-08-10 10:00:00+05:30,29.4,75,980.5,100,19.4,24.9,35.3,154.5,334.0,494.2,10,223,5,0,0,93.62,50.0,161.04
2024-08-10 11:00:00+05:30,29.5,74,980.1,100,19.2,24.9,36.0,95.1,383.0,491.4,11,223,5,0,0,96.86,50.0,162.0
2024-08-10 12:00:00+05:30,30.6,70,979.1,100,19.8,25.1,37.1,318.4,364.0,682.4,12,223,5,0,0,136.15,50.0,172.98
2024-08-10 13:00:00+05:30,31.0,68,978.2,100,19.3,24.8,37.1,319.3,376.0,678.7,13,223,5,0,0,139.11,50.0,159.18
2024-08-10 14:00:00+05:30,30.9,69,977.3,99,19.9,26.0,36.4,237.2,344.0,539.7,14,223,5,0,0,115.53,50.0,176.12
2024-08-10 15:00:00+05:30,31.1,67,976.4,100,19.1,25.3,36.7,336.0,268.0,502.5,15,223,5,0,0,111.42,50.0,178.24
2024-08-10 16:00:00+05:30,31.2,66,976.1,100,20.9,27.2,37.8,230.7,258.0,360.9,16,223,5,0,0,84.62,50.0,179.31
2024-08-10 17:00:00+05:30,30.7,67,976.3,100,20.0,27.9,38.2,186.9,167.0,204.4,17,223,5,0,0,52.49,50.0,174.02
2024-08-10 18:00:00+05:30,29.8,71,977.1,100,13.9,22.0,31.0,75.4,100.0,72.4,18,223,5,0,1,24.47,50.0,199.91
2024-08-10 19:00:00+05:30,28.8,75,977.3,100,11.7,20.9,22.7,9.5,20.0,0.0,19,223,5,0,1,0.0,50.0,190.47
2024-08-10 20:00:00+05:30,28.3,77,977.7,100,13.4,23.8,21.2,0.0,0.0,0.0,20,223,5,0,1,0.0,50.0,186.05
2024-08-10 21:00:00+05:30,27.9,80,978.4,100,14.3,24.8,23.0,0.0,0.0,0.0,21,223,5,0,1,0.0,50.0,182.68
2024-08-10 22:00:00+05:30,27.5,82,978.9,100,13.9,24.1,23.4,0.0,0.0,0.0,22,223,5,0,1,0.0,50.0,179.47
2024-08-10 23:00:00+05:30,27.0,84,978.8,100,14.7,24.7,24.1,0.0,0.0,0.0,23,223,5,0,1,0.0,50.0,175.71
2024-08-11 00:00:00+05:30,26.7,87,977.9,100,16.6,26.9,26.6,0.0,0.0,0.0,0,224,6,0,0,0.0,50.0,78.6
2024-08-11 01:00:00+05:30,26.3,90,976.8,100,19.4,30.8,32.4,0.0,0.0,0.0,1,224,6,0,0,0.0,0.0,75.99
2024-08-11 02:00:00+05:30,25.9,91,976.6,100,19.9,31.1,32.4,0.0,0.0,0.0,2,224,6,0,0,0.0,0.0,73.64
2024-08-11 03:00:00+05:30,25.8,91,976.5,100,20.7,31.0,37.4,0.0,0.0,0.0,3,224,6,0,0,0.0,0.0,73.11
2024-08-11 04:00:00+05:30,25.6,92,976.6,100,19.3,28.7,34.6,0.0,0.0,0.0,4,224,6,0,0,0.0,50.0,72.11
2024-08-11 05:00:00+05:30,25.7,92,976.7,100,20.9,30.6,35.6,0.0,0.0,0.0,5,224,6,0,0,0.0,0.0,72.59
2024-08-11 06:00:00+05:30,26.2,90,977.0,100,18.2,26.2,32.4,0.0,1.0,6.8,6,224,6,0,0,0.0,50.0,75.37
2024-08-11 07:00:00+05:30,26.4,90,977.6,100,17.3,24.0,31.7,0.0,24.0,39.0,7,224,6,0,0,5.32,50.0,116.61
2024-08-11 08:00:00+05:30,26.8,88,977.7,100,17.7,24.1,30.6,10.0,99.0,130.1,8,224,6,0,0,22.35,50.0,119.29
2024-08-11 09:00:00+05:30,27.6,83,977.8,100,20.1,27.1,35.6,48.3,200.0,263.5,9,224,6,0,0,48.75,50.0,85.26
2024-08-11 10:00:00+05:30,29.3,75,978.1,100,21.1,27.4,38.5,315.9,288.0,579.4,10,224,6,0,0,108.87,50.0,100.09
2024-08-11 11:00:00+05:30,29.7,73,977.7,100,20.4,26.2,38.9,202.7,331.0,537.6,11,224,6,0,0,105.79,50.0,103.93
2024-08-11 12:00:00+05:30,30.4,69,977.1,98,20.3,26.3,37.1,185.8,385.0,573.5,12,224,6,0,0,115.67,50.0,110.92
2024-08-11 13:00:00+05:30,30.4,70,976.5,98,20.8,27.2,38.2,152.6,393.0,534.6,13,224,6,0,0,111.31,50.0,110.92
2024-08-11 14:00:00+05:30,30.8,68,975.8,99,19.7,25.8,37.8,238.6,304.0,502.3,14,224,6,0,0,108.33,50.0,115.07
2024-08-11 15:00:00+05:30,31.0,67,975.3,99,19.1,25.8,35.6,195.4,306.0,429.8,15,224,6,0,0,96.2,50.0,117.18
2024-08-11 16:00:00+05:30,31.2,66,974.4,100,22.6,29.8,39.6,363.9,238.0,421.5,16,224,6,0,0,97.93,0.0,119.31
2024-08-11 17:00:00+05:30,30.5,69,974.5,100,19.1,26.5,41.0,126.5,191.0,199.3,17,224,6,0,0,51.95,50.0,111.95
2024-08-11 18:00:00+05:30,29.6,73,975.8,100,14.6,22.5,28.8,54.4,105.0,71.3,18,224,6,0,1,24.68,50.0,197.96
2024-08-11 19:00:00+05:30,28.7,77,976.1,100,12.9,22.0,24.1,0.0,19.0,0.0,19,224,6,0,1,0.0,50.0,189.57
2024-08-11 20:00:00+05:30,28.3,79,976.8,100,13.0,22.9,21.2,0.0,0.0,0.0,20,224,6,0,1,0.0,50.0,186.05
2024-08-11 21:00:00+05:30,27.7,81,977.2,100,15.3,25.4,25.2,0.0,0.0,0.0,21,224,6,0,1,0.0,50.0,181.05
2024-08-11 22:00:00+05:30,27.3,83,977.5,92,13.9,24.1,25.2,0.0,0.0,0.0,22,224,6,0,1,0.0,50.0,177.93
2024-08-11 23:00:00+05:30,26.9,84,977.5,100,13.4,23.5,22.7,0.0,0.0,0.0,23,224,6,0,1,0.0,50.0,174.99
2024-08-12 00:00:00+05:30,26.6,85,977.1,100,13.7,23.6,22.7,0.0,0.0,0.0,0,225,0,0,0,0.0,50.0,77.92
2024-08-12 01:00:00+05:30,26.3,86,976.8,99,13.0,22.8,22.7,0.0,0.0,0.0,1,225,0,0,0,0.0,50.0,75.99
2024-08-12 02:00:00+05:30,26.1,87,976.6,100,13.8,23.2,22.3,0.0,0.0,0.0,2,225,0,0,0,0.0,50.0,74.78
2024-08-12 03:00:00+05:30,25.9,89,977.0,100,12.3,21.4,22.3,0.0,0.0,0.0,3,225,0,0,0,0.0,50.0,73.64
2024-08-12 04:00:00+05:30,26.0,89,977.2,100,13.5,21.4,23.0,0.0,0.0,0.0,4,225,0,0,0,0.0,50.0,74.2
2024-08-12 05:00:00+05:30,26.0,90,977.7,100,14.3,21.0,23.8,0.0,0.0,0.0,5,225,0,0,0,0.0,50.0,74.2
2024-08-12 06:00:00+05:30,26.0,90,977.7,100,13.0,19.4,24.1,0.0,2.0,14.0,6,225,0,0,0,0.0,50.0,74.2
2024-08-12 07:00:00+05:30,26.4,89,978.4,86,15.1,20.6,26.3,39.4,54.0,99.6,7,225,0,0,0,12.62,50.0,116.61
2024-08-12 08:00:00+05:30,27.3,84,978.7,95,15.3,19.7,28.1,180.7,137.0,264.2,8,225,0,0,0,42.69,50.0,122.93
2024-08-12 09:00:00+05:30,28.3,80,978.9,97,14.4,18.6,28.1,230.0,213.0,404.1,9,225,0,1,0,72.68,50.0,211.05
2024-08-12 10:00:00+05:30,29.3,75,979.4,98,11.9,14.5,27.7,369.7,234.0,565.3,10,225,0,1,0,106.58,50.0,220.09
2024-08-12 11:00:00+05:30,30.5,71,979.4,97,10.5,12.8,24.5,519.1,251.0,749.8,11,225,0,1,0,144.57,50.0,231.95
2024-08-12 12:00:00+05:30,31.1,70,979.0,100,11.5,14.0,24.5,448.9,307.0,751.5,12,225,0,1,0,149.3,50.0,238.24
2024-08-12 13:00:00+05:30,31.8,68,978.2,100,12.2,15.1,25.9,540.5,268.0,784.1,13,225,0,1,0,159.51,50.0,209.86
2024-08-12 14:00:00+05:30,31.8,68,977.4,100,13.2,16.3,26.6,443.5,313.0,692.2,14,225,0,1,0,145.77,50.0,245.86
2024-08-12 15:00:00+05:30,31.5,68,976.6,100,13.7,17.1,27.4,258.7,304.0,475.5,15,225,0,1,0,105.83,50.0,242.56
2024-08-12 16:00:00+05:30,31.1,67,976.2,100,15.8,20.8,28.8,280.8,215.0,351.7,16,225,0,1,0,82.8,50.0,238.24
2024-08-12 17:00:00+05:30,30.6,70,976.3,100,15.0,20.5,28.8,252.2,180.0,238.3,17,225,0,1,0,61.01,50.0,232.98
2024-08-12 18:00:00+05:30,29.8,73,976.8,100,10.0,16.3,24.1,65.9,99.0,69.0,18,225,0,0,1,23.85,50.0,199.91
2024-08-12 19:00:00+05:30,29.0,76,977.5,100,7.4,15.4,16.2,0.0,18.0,0.0,19,225,0,0,1,0.0,42.69,192.29
2024-08-12 20:00:00+05:30,28.5,79,978.1,100,7.1,15.3,12.6,0.0,0.0,0.0,20,225,0,0,1,0.0,40.05,187.79
2024-08-12 21:00:00+05:30,28.2,80,979.1,100,6.8,14.7,11.2,0.0,0.0,0.0,21,225,0,0,1,0.0,35.35,185.19
2024-08-12 22:00:00+05:30,28.1,80,978.6,100,11.9,22.0,19.4,0.0,0.0,0.0,22,225,0,0,1,0.0,50.0,184.35
2024-08-12 23:00:00+05:30,27.7,83,978.8,100,10.8,20.2,19.1,0.0,0.0,0.0,23,225,0,0,1,0.0,50.0,181.05
2024-08-13 00:00:00+05:30,27.4,84,978.6,100,12.5,22.2,20.2,0.0,0.0,0.0,0,226,1,0,0,0.0,50.0,83.69
2024-08-13 01:00:00+05:30,26.9,86,978.4,99,12.5,21.9,20.5,0.0,0.0,0.0,1,226,1,0,0,0.0,50.0,79.99
2024-08-13 02:00:00+05:30,26.5,89,978.2,57,13.5,22.9,22.0,0.0,0.0,0.0,2,226,1,0,0,0.0,50.0,77.26
2024-08-13 03:00:00+05:30,26.2,91,978.2,90,13.2,22.7,22.3,0.0,0.0,0.0,3,226,1,0,0,0.0,50.0,75.37
2024-08-13 04:00:00+05:30,25.9,93,978.3,52,12.3,21.2,21.6,0.0,0.0,0.0,4,226,1,0,0,0.0,50.0,73.64
2024-08-13 05:00:00+05:30,25.6,94,978.8,70,11.8,20.2,20.2,0.0,0.0,0.0,5,226,1,0,0,0.0,50.0,72.11
2024-08-13 06:00:00+05:30,26.0,91,979.3,15,10.8,17.3,20.5,0.0,3.0,21.6,6,226,1,0,0,0.0,50.0,74.2
2024-08-13 07:00:00+05:30,26.7,88,980.0,100,14.2,18.9,24.5,107.9,60.0,129.5,7,226,1,0,0,15.15,50.0,118.6
2024-08-13 08:00:00+05:30,27.8,83,980.7,98,13.2,17.2,25.9,123.4,151.0,253.0,8,226,1,0,0,41.5,50.0,126.86
2024-08-13 09:00:00+05:30,28.9,78,981.0,94,11.8,14.8,24.8,110.2,223.0,332.8,9,226,1,1,0,60.6,50.0,216.37
2024-08-13 10:00:00+05:30,30.2,72,981.0,51,9.3,11.4,23.4,367.5,255.0,586.1,10,226,1,1,0,109.97,34.2,228.89
2024-08-13 11:00:00+05:30,31.2,68,980.4,24,7.9,9.5,20.9,456.8,288.0,729.8,11,226,1,1,0,140.63,19.87,239.31
2024-08-13 12:00:00+05:30,32.2,64,979.5,91,7.9,9.4,19.8,575.2,260.0,826.7,12,226,1,1,0,162.67,19.42,250.35
2024-08-13 13:00:00+05:30,32.7,63,978.7,28,8.1,9.7,20.2,567.8,253.0,794.9,13,226,1,1,0,161.23,21.19,220.07
2024-08-13 14:00:00+05:30,32.7,64,978.2,100,11.8,14.4,23.0,518.5,268.0,714.9,14,226,1,1,0,150.11,50.0,256.07
2024-08-13 15:00:00+05:30,29.3,79,977.7,63,7.3,10.0,34.6,308.9,287.0,497.4,15,226,1,1,0,111.66,19.64,220.09
2024-08-13 16:00:00+05:30,30.9,74,977.1,96,9.2,12.1,19.1,284.6,216.0,354.1,16,226,1,1,0,83.58,37.17,236.12
2024-08-13 17:00:00+05:30,29.5,79,977.3,97,15.0,19.8,29.9,276.1,151.0,223.7,17,226,1,1,0,57.54,50.0,222.0
2024-08-13 18:00:00+05:30,28.8,81,978.4,100,14.8,20.7,27.4,62.9,88.0,61.4,18,226,1,0,1,21.48,50.0,190.47
2024-08-13 19:00:00+05:30,27.9,85,978.9,100,9.2,15.5,25.2,0.0,16.0,0.0,19,226,1,0,1,0.0,50.0,182.68
2024-08-13 20:00:00+05:30,26.9,89,979.7,100,3.4,6.8,18.0,0.0,0.0,0.0,20,226,1,0,1,0.0,3.14,174.99
2024-08-13 21:00:00+05:30,26.8,92,980.2,100,3.6,4.9,7.2,0.0,0.0,0.0,21,226,1,0,1,0.0,1.61,174.29
2024-08-13 22:00:00+05:30,26.3,95,980.4,100,7.0,9.2,11.2,0.0,0.0,0.0,22,226,1,0,1,0.0,16.19,170.99
2024-08-13 23:00:00+05:30,25.7,98,980.5,100,10.2,19.1,16.6,0.0,0.0,0.0,23,226,1,0,1,0.0,50.0,167.59
2024-08-14 00:00:00+05:30,25.5,97,980.4,100,7.6,18.5,16.9,0.0,0.0,0.0,0,227,2,0,0,0.0,50.0,71.65
2024-08-14 01:00:00+05:30,25.5,97,979.3,100,8.7,20.5,13.0,0.0,0.0,0.0,1,227,2,0,0,0.0,50.0,71.65
2024-08-14 02:00:00+05:30,25.6,96,978.5,100,9.1,20.6,14.4,0.0,0.0,0.0,2,227,2,0,0,0.0,50.0,72.11
2024-08-14 03:00:00+05:30,25.8,95,978.4,100,9.9,18.7,16.2,0.0,0.0,0.0,3,227,2,0,0,0.0,50.0,73.11
2024-08-14 04:00:00+05:30,25.8,96,978.4,100,10.2,18.6,16.6,0.0,0.0,0.0,4,227,2,0,0,0.0,50.0,73.11
2024-08-14 05:00:00+05:30,25.9,96,979.0,86,10.6,18.8,17.3,0.0,0.0,0.0,5,227,2,0,0,0.0,50.0,73.64
2024-08-14 06:00:00+05:30,26.5,89,980.3,99,9.5,15.8,15.8,0.0,2.0,14.9,6,227,2,0,0,0.0,50.0,77.26
2024-08-14 07:00:00+05:30,27.0,88,981.0,100,13.0,19.8,21.6,28.6,32.0,60.9,7,227,2,0,0,7.59,50.0,120.71
2024-08-14 08:00:00+05:30,27.2,88,981.3,98,13.7,18.6,25.2,37.9,110.0,158.3,8,227,2,0,0,26.72,50.0,122.18
2024-08-14 09:00:00+05:30,28.0,86,981.5,100,12.5,16.2,25.2,133.8,197.0,319.1,9,227,2,1,0,58.31,50.0,208.51
2024-08-14 10:00:00+05:30,29.1,82,981.5,100,11.5,14.5,24.5,82.2,314.0,411.5,10,227,2,1,0,78.9,50.0,218.22
2024-08-14 11:00:00+05:30,30.1,79,981.0,100,10.5,12.9,23.8,192.1,364.0,561.8,11,227,2,1,0,110.23,50.0,227.89
2024-08-14 12:00:00+05:30,30.5,77,980.4,100,10.1,12.5,22.7,109.3,408.0,521.6,12,227,2,1,0,105.59,44.71,231.95
2024-08-14 13:00:00+05:30,30.9,75,979.4,100,10.2,12.6,23.8,99.7,408.0,498.0,13,227,2,1,0,103.81,50.0,200.12
2024-08-14 14:00:00+05:30,31.4,73,978.3,100,10.5,13.1,24.5,200.8,385.0,544.9,14,227,2,1,0,116.57,50.0,241.47
2024-08-14 15:00:00+05:30,31.2,74,977.5,100,13.2,16.1,26.6,138.4,343.0,419.2,15,227,2,1,0,94.06,50.0,239.31
2024-08-14 16:00:00+05:30,31.0,75,977.8,100,9.4,11.9,27.0,69.9,245.0,253.2,16,227,2,1,0,60.9,37.16,237.18
2024-08-14 17:00:00+05:30,28.2,84,977.9,100,10.8,15.3,23.4,14.5,106.0,88.5,17,227,2,1,0,24.23,50.0,210.19
2024-08-14 18:00:00+05:30,28.1,88,978.3,100,9.4,13.7,15.5,0.0,54.0,31.3,18,227,2,0,1,11.69,50.0,184.35
2024-08-14 19:00:00+05:30,27.2,92,978.9,100,7.1,12.5,16.2,0.0,10.0,0.0,19,227,2,0,1,0.0,28.28,177.18
2024-08-14 20:00:00+05:30,26.9,91,979.2,100,4.6,10.4,11.5,0.0,0.0,0.0,20,227,2,0,1,0.0,11.31,174.99
2024-08-14 21:00:00+05:30,25.9,97,980.2,100,5.4,5.4,11.5,0.0,0.0,0.0,21,227,2,0,1,0.0,5.14,168.64
2024-08-14 22:00:00+05:30,26.0,97,980.2,100,6.7,14.3,11.2,0.0,0.0,0.0,22,227,2,0,1,0.0,33.31,169.2
2024-08-14 23:00:00+05:30,26.1,96,980.4,100,4.5,11.4,10.1,0.0,0.0,0.0,23,227,2,0,1,0.0,13.02,169.78
2024-08-15 00:00:00+05:30,25.9,95,979.3,100,10.2,17.7,16.6,0.0,0.0,0.0,0,228,3,0,0,0.0,50.0,73.64
2024-08-15 01:00:00+05:30,25.8,95,978.8,100,8.1,15.3,16.9,0.0,0.0,0.0,1,228,3,0,0,0.0,50.0,73.11
2024-08-15 02:00:00+05:30,25.8,96,978.3,100,7.0,15.3,13.0,0.0,0.0,0.0,2,228,3,0,0,0.0,39.67,73.11
2024-08-15 03:00:00+05:30,25.9,96,978.0,100,10.4,18.9,16.9,0.0,0.0,0.0,3,228,3,0,0,0.0,50.0,73.64
2024-08-15 04:00:00+05:30,25.9,96,978.1,100,10.4,18.9,17.6,0.0,0.0,0.0,4,228,3,0,0,0.0,50.0,73.64
2024-08-15 05:00:00+05:30,26.1,95,978.1,100,14.9,24.4,23.0,0.0,0.0,0.0,5,228,3,0,0,0.0,50.0,74.78
2024-08-15 06:00:00+05:30,26.2,94,979.3,74,12.7,20.6,20.5,0.0,2.0,15.3,6,228,3,0,0,0.0,50.0,75.37
2024-08-15 07:00:00+05:30,27.0,88,979.5,99,17.5,24.6,29.2,104.0,59.0,127.2,7,228,3,0,0,14.88,50.0,120.71
2024-08-15 08:00:00+05:30,27.5,85,980.1,100,17.2,23.7,32.4,76.0,142.0,218.0,8,228,3,0,0,36.29,50.0,124.47
2024-08-15 09:00:00+05:30,28.0,85,980.7,100,15.6,20.3,30.6,103.9,200.0,301.9,9,228,3,1,0,55.4,50.0,208.51
2024-08-15 10:00:00+05:30,29.2,79,980.5,100,14.4,18.8,31.0,164.6,295.0,459.6,10,228,3,1,0,87.82,50.0,219.15
2024-08-15 11:00:00+05:30,28.8,80,980.0,100,15.0,19.0,28.8,67.5,346.0,426.4,11,228,3,1,0,85.02,50.0,215.47
2024-08-15 12:00:00+05:30,28.9,81,979.2,100,12.1,15.6,28.4,96.9,333.0,433.1,12,228,3,1,0,89.31,50.0,216.37
2024-08-15 13:00:00+05:30,30.8,74,978.3,100,12.8,16.3,25.9,185.3,359.0,531.4,13,228,3,1,0,111.16,50.0,199.07
2024-08-15 14:00:00+05:30,31.4,71,977.1,100,14.2,17.9,27.7,267.1,352.0,571.5,14,228,3,1,0,122.38,50.0,241.47
2024-08-15 15:00:00+05:30,30.7,73,976.6,100,15.3,19.5,29.2,172.7,334.0,436.4,15,228,3,1,0,98.12,50.0,234.02
2024-08-15 16:00:00+05:30,30.7,75,976.1,100,12.5,15.6,28.8,149.1,236.0,291.1,16,228,3,1,0,69.76,50.0,234.02
2024-08-15 17:00:00+05:30,29.1,82,976.0,100,13.3,18.1,24.8,93.7,191.0,184.6,17,228,3,1,0,49.23,50.0,218.22
2024-08-15 18:00:00+05:30,27.3,89,976.6,100,10.0,16.2,17.6,0.0,56.0,32.2,18,228,3,0,1,12.16,50.0,177.93
2024-08-15 19:00:00+05:30,26.8,92,977.1,100,5.5,11.4,16.6,0.0,12.0,0.0,19,228,3,0,1,0.0,17.03,174.29
2024-08-15 20:00:00+05:30,26.6,94,977.5,100,3.9,9.8,9.0,0.0,0.0,0.0,20,228,3,0,1,0.0,8.02,172.92
2024-08-15 21:00:00+05:30,26.4,94,978.1,100,7.1,14.1,10.4,0.0,0.0,0.0,21,228,3,0,1,0.0,34.98,171.61
2024-08-15 22:00:00+05:30,26.1,93,978.1,100,11.9,21.7,19.1,0.0,0.0,0.0,22,228,3,0,1,0.0,50.0,169.78
2024-08-15 23:00:00+05:30,25.8,94,978.0,100,12.7,22.8,20.9,0.0,0.0,0.0,23,228,3,0,1,0.0,50.0,168.11
2024-08-16 00:00:00+05:30,25.8,95,977.6,100,11.9,21.5,20.5,0.0,0.0,0.0,0,229,4,0,0,0.0,50.0,73.11
2024-08-16 01:00:00+05:30,25.5,96,977.1,100,11.5,20.2,19.8,0.0,0.0,0.0,1,229,4,0,0,0.0,50.0,71.65
2024-08-16 02:00:00+05:30,25.4,96,976.7,100,10.4,18.9,19.1,0.0,0.0,0.0,2,229,4,0,0,0.0,50.0,71.22
2024-08-16 03:00:00+05:30,25.5,96,976.2,100,11.5,20.1,18.0,0.0,0.0,0.0,3,229,4,0,0,0.0,50.0,71.65
2024-08-16 04:00:00+05:30,25.5,95,976.2,100,12.0,20.6,19.8,0.0,0.0,0.0,4,229,4,0,0,0.0,50.0,71.65
2024-08-16 05:00:00+05:30,25.6,94,976.3,100,16.1,26.6,25.9,0.0,0.0,0.0,5,229,4,0,0,0.0,50.0,72.11
2024-08-16 06:00:00+05:30,25.5,95,976.8,100,15.1,25.3,27.0,0.0,1.0,7.9,6,229,4,0,0,0.0,50.0,71.65
2024-08-16 07:00:00+05:30,25.6,94,977.5,100,14.5,23.7,25.2,0.0,20.0,33.2,7,229,4,0,0,4.45,50.0,112.11
2024-08-16 08:00:00+05:30,26.0,91,978.0,100,14.5,22.2,23.8,0.0,75.0,95.1,8,229,4,0,0,16.47,50.0,114.2
2024-08-16 09:00:00+05:30,25.9,91,978.4,100,13.5,20.3,24.1,1.7,102.0,118.7,9,229,4,1,0,22.52,50.0,193.64
2024-08-16 10:00:00+05:30,26.5,90,978.2,100,13.6,17.9,24.5,0.0,145.0,158.3,10,229,4,1,0,31.46,50.0,197.26
2024-08-16 11:00:00+05:30,27.8,84,978.0,100,13.6,17.3,26.3,48.4,258.0,316.1,11,229,4,1,0,64.1,50.0,206.86
2024-08-16 12:00:00+05:30,26.3,93,977.7,100,18.9,26.1,33.5,44.9,289.0,337.5,12,229,4,1,0,70.89,50.0,195.99
2024-08-16 13:00:00+05:30,26.4,91,977.0,100,16.4,22.7,33.1,0.0,145.0,142.9,13,229,4,1,0,31.43,50.0,160.61
2024-08-16 14:00:00+05:30,26.4,91,976.2,100,14.1,20.0,29.5,0.0,112.0,106.8,14,229,4,1,0,24.36,50.0,196.61
2024-08-16 15:00:00+05:30,27.5,85,975.5,100,15.4,20.3,28.1,47.6,258.0,272.2,15,229,4,1,0,63.15,50.0,204.47
2024-08-16 16:00:00+05:30,27.6,84,975.0,100,14.2,19.0,28.1,70.3,204.0,217.3,16,229,4,1,0,53.37,50.0,205.26
2024-08-16 17:00:00+05:30,28.0,82,974.9,99,12.4,16.6,27.0,171.6,161.0,189.7,17,229,4,1,0,50.37,50.0,208.51
2024-08-16 18:00:00+05:30,27.2,85,975.4,100,11.0,17.1,22.7,0.0,49.0,27.9,18,229,4,0,1,10.65,50.0,177.18
2024-08-16 19:00:00+05:30,26.7,87,976.7,100,9.2,15.8,18.0,0.0,5.0,0.0,19,229,4,0,1,0.0,50.0,173.6
2024-08-16 20:00:00+05:30,26.3,90,977.4,100,10.1,18.0,16.6,0.0,0.0,0.0,20,229,4,0,1,0.0,50.0,170.99
2024-08-16 21:00:00+05:30,26.1,91,978.1,100,11.5,20.6,18.0,0.0,0.0,0.0,21,229,4,0,1,0.0,50.0,169.78
2024-08-16 22:00:00+05:30,26.1,90,978.7,100,12.5,21.9,20.5,0.0,0.0,0.0,22,229,4,0,1,0.0,50.0,169.78
2024-08-16 23:00:00+05:30,25.8,90,978.4,100,12.9,22.5,20.9,0.0,0.0,0.0,23,229,4,0,1,0.0,50.0,168.11
2024-08-17 00:00:00+05:30,25.7,90,978.1,100,13.8,23.8,22.3,0.0,0.0,0.0,0,230,5,0,0,0.0,50.0,72.59
2024-08-17 01:00:00+05:30,25.7,88,977.8,100,15.2,25.2,24.8,0.0,0.0,0.0,1,230,5,0,0,0.0,50.0,72.59
2024-08-17 02:00:00+05:30,25.6,88,977.8,100,14.5,24.2,24.8,0.0,0.0,0.0,2,230,5,0,0,0.0,50.0,72.11
2024-08-17 03:00:00+05:30,25.5,89,977.8,100,15.4,25.2,25.2,0.0,0.0,0.0,3,230,5,0,0,0.0,50.0,71.65
2024-08-17 04:00:00+05:30,25.5,90,977.8,100,16.9,27.1,28.1,0.0,0.0,0.0,4,230,5,0,0,0.0,50.0,71.65
2024-08-17 05:00:00+05:30,25.4,91,978.1,100,13.8,22.3,28.1,0.0,0.0,0.0,5,230,5,0,0,0.0,50.0,71.22
2024-08-17 06:00:00+05:30,25.1,89,978.4,100,11.9,18.8,24.1,0.0,2.0,16.3,6,230,5,0,0,0.0,50.0,70.19
2024-08-17 07:00:00+05:30,25.6,87,979.0,100,15.5,21.6,26.6,0.0,39.0,65.0,7,230,5,0,0,8.66,50.0,112.11
2024-08-17 08:00:00+05:30,25.9,86,979.8,100,17.3,23.1,31.0,5.1,70.0,91.4,8,230,5,0,0,15.77,50.0,113.64
2024-08-17 09:00:00+05:30,25.5,92,980.5,100,15.5,22.8,30.6,0.0,84.0,96.9,9,230,5,0,0,18.44,50.0,131.65
2024-08-17 10:00:00+05:30,25.9,90,981.0,98,16.0,23.1,28.1,0.0,95.0,103.7,10,230,5,0,0,20.78,50.0,133.64
2024-08-17 11:00:00+05:30,28.0,78,980.7,83,19.2,25.1,34.9,130.8,316.0,453.7,11,230,5,0,0,90.99,50.0,148.51
2024-08-17 12:00:00+05:30,29.8,69,979.9,89,20.6,26.6,37.8,402.2,335.0,731.9,12,230,5,0,0,147.29,50.0,164.91
2024-08-17 13:00:00+05:30,30.2,68,979.3,91,20.0,26.1,38.5,384.9,307.0,670.2,13,230,5,0,0,139.74,50.0,150.89
2024-08-17 14:00:00+05:30,30.9,67,978.5,100,19.4,24.9,38.5,485.0,277.0,690.4,14,230,5,0,0,147.45,50.0,176.12
2024-08-17 15:00:00+05:30,30.5,67,978.0,100,19.6,25.5,37.8,350.7,293.0,531.3,15,230,5,0,0,119.01,50.0,171.95
2024-08-17 16:00:00+05:30,30.0,70,977.5,98,16.3,22.2,37.4,234.2,225.0,329.6,16,230,5,0,0,79.06,50.0,166.89
2024-08-17 17:00:00+05:30,30.1,70,977.4,95,16.0,21.9,31.7,349.3,148.0,244.6,17,230,5,0,0,63.28,50.0,167.89
2024-08-17 18:00:00+05:30,28.5,75,978.6,100,10.7,16.9,29.2,181.5,86.0,75.0,18,230,5,0,1,25.79,50.0,187.79
2024-08-17 19:00:00+05:30,27.5,80,979.3,100,4.3,11.5,17.6,10.5,16.0,0.0,19,230,5,0,1,0.0,12.35,179.47
2024-08-17 20:00:00+05:30,27.0,86,979.9,100,5.5,8.4,6.5,0.0,0.0,0.0,20,230,5,0,1,0.0,9.8,175.71
2024-08-17 21:00:00+05:30,26.6,87,980.6,100,4.7,7.8,6.1,0.0,0.0,0.0,21,230,5,0,1,0.0,6.83,172.92
2024-08-17 22:00:00+05:30,26.3,87,981.0,100,4.2,9.8,6.1,0.0,0.0,0.0,22,230,5,0,1,0.0,8.95,170.99
2024-08-17 23:00:00+05:30,26.1,88,981.1,100,4.7,12.1,6.8,0.0,0.0,0.0,23,230,5,0,1,0.0,15.4,169.78
2024-08-18 00:00:00+05:30,25.9,88,980.8,100,4.6,11.9,6.8,0.0,0.0,0.0,0,231,6,0,0,0.0,14.51,73.64
2024-08-18 01:00:00+05:30,25.8,89,980.7,100,5.4,13.5,8.3,0.0,0.0,0.0,1,231,6,0,0,0.0,22.6,73.11
2024-08-18 02:00:00+05:30,25.8,88,980.6,67,6.5,15.0,10.4,0.0,0.0,0.0,2,231,6,0,0,0.0,34.82,73.11
2024-08-18 03:00:00+05:30,25.5,90,980.2,60,6.4,14.4,10.8,0.0,0.0,0.0,3,231,6,0,0,0.0,31.78,71.65
2024-08-18 04:00:00+05:30,25.3,90,980.3,4,6.8,15.5,10.4,0.0,0.0,0.0,4,231,6,0,0,0.0,39.2,70.83
2024-08-18 05:00:00+05:30,25.2,90,980.5,3,8.5,17.4,13.3,0.0,0.0,0.0,5,231,6,0,0,0.0,50.0,70.48
2024-08-18 06:00:00+05:30,25.4,87,981.2,24,10.4,18.6,16.6,0.0,2.0,16.8,6,231,6,0,0,0.0,50.0,71.22
2024-08-18 07:00:00+05:30,26.1,86,982.1,82,10.1,16.6,17.6,100.9,57.0,123.8,7,231,6,0,0,14.51,50.0,114.78
2024-08-18 08:00:00+05:30,27.2,82,982.2,90,13.2,17.3,24.1,273.7,136.0,308.8,8,231,6,0,0,49.53,50.0,122.18
2024-08-18 09:00:00+05:30,28.5,75,982.5,100,15.7,20.1,29.5,364.0,196.0,475.3,9,231,6,0,0,85.27,50.0,92.79
2024-08-18 10:00:00+05:30,29.3,72,982.5,23,15.4,19.6,31.0,354.2,275.0,595.2,10,231,6,0,0,112.76,50.0,100.09
2024-08-18 11:00:00+05:30,30.4,67,982.1,37,15.8,19.8,30.6,542.9,238.0,755.1,11,231,6,0,0,147.15,50.0,110.92
2024-08-18 12:00:00+05:30,31.0,65,981.8,99,15.6,19.8,31.0,524.0,275.0,788.8,12,231,6,0,0,157.83,50.0,117.18
2024-08-18 13:00:00+05:30,31.4,64,981.2,90,15.1,18.9,30.6,495.0,288.0,755.9,13,231,6,0,0,155.83,50.0,121.47
2024-08-18 14:00:00+05:30,31.5,64,980.5,100,14.5,18.6,29.5,430.4,283.0,647.3,14,231,6,0,0,138.74,50.0,122.56
2024-08-18 15:00:00+05:30,31.7,65,979.7,44,15.2,19.3,28.8,449.6,247.0,562.2,15,231,6,0,0,125.42,50.0,124.76
2024-08-18 16:00:00+05:30,31.5,65,979.1,21,14.9,19.4,29.5,441.4,189.0,416.6,16,231,6,0,0,98.4,50.0,122.56
2024-08-18 17:00:00+05:30,31.2,64,978.7,62,14.7,19.8,27.4,355.5,148.0,245.6,17,231,6,0,0,63.53,50.0,119.31
2024-08-18 18:00:00+05:30,30.0,70,979.7,96,8.2,14.5,18.0,187.6,86.0,74.7,18,231,6,0,1,25.85,43.98,201.89
2024-08-18 19:00:00+05:30,28.8,75,980.1,100,6.0,14.0,13.3,21.3,14.0,0.0,19,231,6,0,1,0.0,27.45,190.47
2024-08-18 20:00:00+05:30,28.2,78,980.7,100,5.7,14.1,9.4,0.0,0.0,0.0,20,231,6,0,1,0.0,26.03,185.19
2024-08-18 21:00:00+05:30,27.9,79,981.4,97,6.9,15.7,10.8,0.0,0.0,0.0,21,231,6,0,1,0.0,40.56,182.68
2024-08-18 22:00:00+05:30,27.3,81,982.0,96,6.4,15.3,10.8,0.0,0.0,0.0,22,231,6,0,1,0.0,35.19,177.93
2024-08-18 23:00:00+05:30,26.9,83,982.0,95,7.1,16.1,11.2,0.0,0.0,0.0,23,231,6,0,1,0.0,44.17,174.99
2024-08-19 00:00:00+05:30,26.4,86,981.8,99,5.0,13.2,11.2,0.0,0.0,0.0,0,232,0,0,0,0.0,19.56,76.61
2024-08-19 01:00:00+05:30,25.9,89,981.5,7,4.3,11.7,7.6,0.0,0.0,0.0,1,232,0,0,0,0.0,12.84,73.64
2024-08-19 02:00:00+05:30,25.7,91,980.9,12,4.3,11.5,6.1,0.0,0.0,0.0,2,232,0,0,0,0.0,12.44,72.59
2024-08-19 03:00:00+05:30,25.4,93,980.7,15,4.7,10.9,6.5,0.0,0.0,0.0,3,232,0,0,0,0.0,12.77,71.22
2024-08-19 04:00:00+05:30,25.1,94,980.3,71,4.6,10.9,6.5,0.0,0.0,0.0,4,232,0,0,0,0.0,12.41,70.19
2024-08-19 05:00:00+05:30,24.9,95,980.4,81,4.1,11.5,6.1,0.0,0.0,0.0,5,232,0,0,0,0.0,11.67,70.0
2024-08-19 06:00:00+05:30,25.9,85,981.3,96,7.4,16.4,11.9,0.0,2.0,17.3,6,232,0,0,0,0.0,50.0,73.64
2024-08-19 07:00:00+05:30,26.5,83,981.6,100,8.4,17.1,15.1,119.8,57.0,129.3,7,232,0,0,0,14.87,50.0,117.26
2024-08-19 08:00:00+05:30,27.5,81,982.0,100,9.8,12.7,19.8,290.0,133.0,312.9,8,232,0,0,0,50.1,44.68,124.47
2024-08-19 09:00:00+05:30,28.8,76,982.1,100,9.7,12.1,20.5,450.7,180.0,515.8,9,232,0,1,0,92.13,40.35,215.47
2024-08-19 10:00:00+05:30,30.0,69,982.1,100,10.5,13.1,23.0,528.0,218.0,677.2,10,232,0,1,0,127.41,50.0,226.89
2024-08-19 11:00:00+05:30,30.9,64,981.8,95,10.5,13.1,23.0,556.0,236.0,764.6,11,232,0,1,0,148.81,50.0,236.12
2024-08-19 12:00:00+05:30,31.5,61,981.2,100,11.5,14.0,24.8,573.9,277.0,838.5,12,232,0,1,0,166.76,50.0,242.56
2024-08-19 13:00:00+05:30,31.8,59,980.4,84,12.7,15.8,25.9,515.4,275.0,761.7,13,232,0,1,0,157.05,50.0,209.86
2024-08-19 14:00:00+05:30,32.2,57,979.5,67,13.4,16.5,26.3,540.1,250.0,711.0,14,232,0,1,0,151.45,50.0,250.35
2024-08-19 15:00:00+05:30,32.1,57,978.7,100,14.5,18.5,27.7,512.1,244.0,605.0,15,232,0,1,0,134.35,50.0,249.22
2024-08-19 16:00:00+05:30,31.8,58,978.0,39,15.6,20.8,28.4,441.5,201.0,425.7,16,232,0,1,0,100.58,50.0,245.86
2024-08-19 17:00:00+05:30,31.1,62,977.7,93,15.2,20.7,28.4,381.0,142.0,249.0,17,232,0,1,0,64.58,50.0,238.24
2024-08-19 18:00:00+05:30,30.4,69,978.2,38,6.6,13.1,19.4,193.8,85.0,73.9,18,232,0,0,1,25.8,27.54,205.92
2024-08-19 19:00:00+05:30,28.8,77,978.6,6,4.7,11.5,10.4,21.6,13.0,0.0,19,232,0,0,1,0.0,13.89,190.47
2024-08-19 20:00:00+05:30,28.0,80,979.0,8,5.1,11.5,6.8,0.0,0.0,0.0,20,232,0,0,1,0.0,15.58,183.51
2024-08-19 21:00:00+05:30,27.7,82,979.7,66,5.2,12.3,7.2,0.0,0.0,0.0,21,232,0,0,1,0.0,18.07,181.05
2024-08-19 22:00:00+05:30,27.4,83,980.0,99,5.1,12.5,7.2,0.0,0.0,0.0,22,232,0,0,1,0.0,18.14,178.69
2024-08-19 23:00:00+05:30,27.2,83,979.7,100,5.1,13.6,7.2,0.0,0.0,0.0,23,232,0,0,1,0.0,21.08,177.18
2024-08-20 00:00:00+05:30,27.3,80,979.4,100,6.6,15.5,10.1,0.0,0.0,0.0,0,233,1,0,0,0.0,37.39,82.93
2024-08-20 01:00:00+05:30,27.0,82,979.1,97,4.8,12.2,10.4,0.0,0.0,0.0,1,233,1,0,0,0.0,16.0,80.71
2024-08-20 02:00:00+05:30,26.7,84,978.6,100,4.8,11.3,7.6,0.0,0.0,0.0,2,233,1,0,0,0.0,13.95,78.6
2024-08-20 03:00:00+05:30,26.4,86,978.4,99,5.6,12.3,8.6,0.0,0.0,0.0,3,233,1,0,0,0.0,20.04,76.61
2024-08-20 04:00:00+05:30,26.1,88,978.5,81,6.6,14.8,10.8,0.0,0.0,0.0,4,233,1,0,0,0.0,34.6,74.78
2024-08-20 05:00:00+05:30,25.9,90,978.6,32,5.6,13.8,10.8,0.0,0.0,0.0,5,233,1,0,0,0.0,24.61,73.64
2024-08-20 06:00:00+05:30,26.0,88,979.2,0,5.7,11.1,9.7,0.0,2.0,17.9,6,233,1,0,0,0.0,17.13,74.2
2024-08-20 07:00:00+05:30,26.8,87,979.8,6,5.2,9.6,10.8,126.9,56.0,129.9,7,233,1,0,0,14.81,11.59,119.29
2024-08-20 08:00:00+05:30,28.1,81,980.2,85,5.9,7.4,14.0,327.0,124.0,319.5,8,233,1,0,0,50.88,8.52,129.35
2024-08-20 09:00:00+05:30,29.2,75,980.9,47,6.9,8.4,19.4,477.0,170.0,521.7,9,233,1,1,0,93.18,13.35,219.15
2024-08-20 10:00:00+05:30,30.0,72,981.3,79,7.1,8.7,21.2,535.4,196.0,658.7,10,233,1,1,0,124.56,14.76,226.89
2024-08-20 11:00:00+05:30,30.4,70,981.1,58,8.7,10.7,21.6,450.3,263.0,694.2,11,233,1,1,0,136.38,27.99,230.92
2024-08-20 12:00:00+05:30,31.2,66,980.7,36,10.0,12.2,24.1,567.3,250.0,803.9,12,233,1,1,0,161.26,42.22,239.31
2024-08-20 13:00:00+05:30,31.7,65,980.0,16,11.2,13.8,24.8,589.8,253.0,809.8,13,233,1,1,0,166.67,50.0,208.76
2024-08-20 14:00:00+05:30,32.1,62,979.0,18,12.4,15.0,25.2,569.5,239.0,725.1,14,233,1,1,0,154.67,50.0,249.22
2024-08-20 15:00:00+05:30,31.8,62,978.3,25,13.6,17.0,26.3,535.5,218.0,597.4,15,233,1,1,0,133.43,50.0,245.86
2024-08-20 16:00:00+05:30,31.5,64,977.9,17,13.5,17.6,26.6,441.6,183.0,408.9,16,233,1,1,0,97.27,50.0,242.56
2024-08-20 17:00:00+05:30,31.2,64,977.6,24,11.9,16.4,25.2,344.7,141.0,233.7,17,233,1,1,0,61.1,50.0,239.31
2024-08-20 18:00:00+05:30,30.8,68,978.4,6,5.7,11.5,14.0,200.2,83.0,72.6,18,233,1,0,1,25.56,17.94,210.07
2024-08-20 19:00:00+05:30,29.3,75,979.1,27,4.5,10.6,9.0,22.0,13.0,0.0,19,233,1,0,1,0.0,11.26,195.09
2024-08-20 20:00:00+05:30,28.6,77,979.8,83,5.1,10.4,7.2,0.0,0.0,0.0,20,233,1,0,1,0.0,12.98,188.67
2024-08-20 21:00:00+05:30,28.4,77,980.5,98,5.1,8.6,7.2,0.0,0.0,0.0,21,233,1,0,1,0.0,9.17,186.92
2024-08-20 22:00:00+05:30,28.5,74,981.0,97,5.6,11.8,8.6,0.0,0.0,0.0,22,233,1,0,1,0.0,18.53,187.79
2024-08-20 23:00:00+05:30,28.1,76,981.2,100,6.0,13.7,9.0,0.0,0.0,0.0,23,233,1,0,1,0.0,26.52,184.35
2024-08-21 00:00:00+05:30,27.7,79,980.7,99,6.2,14.9,9.4,0.0,0.0,0.0,0,234,2,0,0,0.0,32.12,86.05
2024-08-21 01:00:00+05:30,27.5,80,980.3,100,6.5,16.6,10.1,0.0,0.0,0.0,1,234,2,0,0,0.0,41.3,84.47
2024-08-21 02:00:00+05:30,27.3,80,980.0,100,7.2,17.7,11.5,0.0,0.0,0.0,2,234,2,0,0,0.0,50.0,82.93
2024-08-21 03:00:00+05:30,27.1,80,979.8,99,7.9,17.6,12.2,0.0,0.0,0.0,3,234,2,0,0,0.0,50.0,81.44
2024-08-21 04:00:00+05:30,26.8,81,979.8,55,7.2,16.9,12.2,0.0,0.0,0.0,4,234,2,0,0,0.0,50.0,79.29
2024-08-21 05:00:00+05:30,26.5,82,980.2,63,6.1,15.3,11.2,0.0,0.0,0.0,5,234,2,0,0,0.0,33.04,77.26
2024-08-21 06:00:00+05:30,26.8,81,980.6,3,6.9,13.0,10.8,0.0,1.0,9.3,6,234,2,0,0,0.0,29.25,79.29
2024-08-21 07:00:00+05:30,27.3,81,981.0,0,6.4,12.4,11.9,97.6,56.0,121.9,7,234,2,0,0,14.24,24.32,122.93
2024-08-21 08:00:00+05:30,28.4,77,981.8,8,9.8,12.9,19.1,310.0,126.0,313.4,8,234,2,0,0,50.1,45.76,131.92
2024-08-21 09:00:00+05:30,29.4,76,982.3,23,10.7,13.5,22.3,408.4,186.0,493.0,9,234,2,1,0,88.48,50.0,221.04
2024-08-21 10:00:00+05:30,30.3,73,982.3,20,8.9,10.8,22.3,484.7,226.0,648.9,10,234,2,1,0,122.72,29.38,229.9
2024-08-21 11:00:00+05:30,31.0,71,981.9,37,7.4,9.0,20.9,529.0,238.0,740.4,11,234,2,1,0,144.91,16.55,237.18
2024-08-21 12:00:00+05:30,31.6,68,981.4,32,7.1,8.6,19.4,511.4,266.0,765.2,12,234,2,1,0,153.98,14.38,243.66
2024-08-21 13:00:00+05:30,32.1,66,980.6,48,7.2,8.7,18.7,504.5,263.0,737.8,13,234,2,1,0,152.98,14.93,213.22
2024-08-21 14:00:00+05:30,32.2,64,979.5,42,6.4,7.4,19.1,468.9,253.0,649.6,14,234,2,1,0,139.84,9.43,250.35
2024-08-21 15:00:00+05:30,32.1,65,978.9,86,8.1,9.7,19.1,514.7,222.0,584.3,15,234,2,1,0,130.82,21.23,249.22
2024-08-21 16:00:00+05:30,31.3,69,978.5,100,9.0,11.1,19.1,351.9,195.0,367.2,16,234,2,1,0,88.12,31.06,240.39
2024-08-21 17:00:00+05:30,30.5,73,978.3,100,9.0,12.1,18.7,129.2,155.0,166.0,17,234,2,1,0,44.73,36.2,231.95
2024-08-21 18:00:00+05:30,29.9,75,979.3,99,6.3,9.4,16.6,24.3,68.0,39.9,18,234,2,0,1,15.54,14.38,200.89
2024-08-21 19:00:00+05:30,29.1,80,979.9,98,1.8,2.9,9.7,0.0,10.0,0.0,19,234,2,0,1,0.0,0.0,193.22
2024-08-21 20:00:00+05:30,28.7,81,980.3,100,6.6,7.6,10.8,0.0,0.0,0.0,20,234,2,0,1,0.0,10.47,189.57
2024-08-21 21:00:00+05:30,28.6,80,980.6,100,7.4,11.4,12.2,0.0,0.0,0.0,21,234,2,0,1,0.0,25.35,188.67
2024-08-21 22:00:00+05:30,28.4,81,980.9,100,8.9,16.9,14.0,0.0,0.0,0.0,22,234,2,0,1,0.0,50.0,186.92
2024-08-21 23:00:00+05:30,28.3,83,980.7,100,9.8,17.2,16.9,0.0,0.0,0.0,23,234,2,0,1,0.0,50.0,186.05
2024-08-22 00:00:00+05:30,27.9,83,980.6,100,8.1,14.8,15.8,0.0,0.0,0.0,0,235,3,0,0,0.0,45.2,87.68
2024-08-22 01:00:00+05:30,27.5,85,980.0,54,6.6,12.6,13.3,0.0,0.0,0.0,1,235,3,0,0,0.0,26.02,84.47
2024-08-22 02:00:00+05:30,27.0,88,979.6,89,5.0,12.0,10.4,0.0,0.0,0.0,2,235,3,0,0,0.0,16.43,80.71
2024-08-22 03:00:00+05:30,26.8,89,979.4,98,4.2,9.7,8.3,0.0,0.0,0.0,3,235,3,0,0,0.0,8.75,79.29
2024-08-22 04:00:00+05:30,26.6,91,979.7,100,4.1,8.8,6.8,0.0,0.0,0.0,4,235,3,0,0,0.0,7.04,77.92
2024-08-22 05:00:00+05:30,26.6,91,980.2,99,3.8,8.8,7.9,0.0,0.0,0.0,5,235,3,0,0,0.0,6.31,77.92
2024-08-22 06:00:00+05:30,26.7,91,980.6,100,3.4,6.1,5.4,0.0,1.0,9.6,6,235,3,0,0,0.0,2.47,78.6
2024-08-22 07:00:00+05:30,27.0,89,981.2,100,5.7,8.0,10.4,6.2,41.0,71.4,7,235,3,0,0,9.18,9.43,120.71
2024-08-22 08:00:00+05:30,27.6,85,981.4,70,6.2,7.6,13.3,25.9,118.0,163.2,8,235,3,0,0,27.58,9.63,125.26
2024-08-22 09:00:00+05:30,28.3,82,981.5,51,9.4,11.9,18.7,39.1,196.0,252.9,9,235,3,1,0,46.82,37.64,211.05
2024-08-22 10:00:00+05:30,29.8,74,981.7,35,9.1,11.2,20.5,391.8,237.0,583.4,10,235,3,1,0,111.39,32.28,224.91
2024-08-22 11:00:00+05:30,30.7,71,981.3,38,8.9,10.8,20.9,392.5,317.0,696.3,11,235,3,1,0,136.47,29.31,234.02
2024-08-22 12:00:00+05:30,31.1,70,980.7,49,8.4,10.1,21.2,391.1,304.0,686.9,12,235,3,1,0,139.38,24.07,238.24
2024-08-22 13:00:00+05:30,31.9,67,979.8,31,8.6,10.5,21.2,552.1,309.0,827.3,13,235,3,1,0,169.71,26.5,210.98
2024-08-22 14:00:00+05:30,31.7,64,978.8,78,8.6,10.1,21.6,522.5,254.0,696.1,14,235,3,1,0,149.67,24.74,244.76
2024-08-22 15:00:00+05:30,31.3,67,978.0,71,9.4,11.2,20.9,428.2,235.0,531.0,15,235,3,1,0,120.17,33.41,240.39
2024-08-22 16:00:00+05:30,31.1,67,977.3,100,7.9,9.4,20.5,286.0,194.0,328.1,16,235,3,1,0,79.39,19.45,238.24
2024-08-22 17:00:00+05:30,30.6,66,977.7,100,9.1,11.2,17.3,216.8,160.0,200.3,17,235,3,1,0,53.61,32.06,232.98
2024-08-22 18:00:00+05:30,27.3,76,978.4,100,11.0,15.8,20.5,37.0,53.0,33.0,18,235,3,0,1,12.97,50.0,177.93
2024-08-22 19:00:00+05:30,26.8,78,978.8,100,8.9,16.6,20.2,0.0,6.0,0.0,19,235,3,0,1,0.0,50.0,174.29
2024-08-22 20:00:00+05:30,26.7,81,979.8,100,10.5,17.9,16.9,0.0,0.0,0.0,20,235,3,0,1,0.0,50.0,173.6
2024-08-22 21:00:00+05:30,26.3,83,980.3,96,10.8,19.1,19.4,0.0,0.0,0.0,21,235,3,0,1,0.0,50.0,170.99
2024-08-22 22:00:00+05:30,26.0,84,980.3,100,9.4,16.1,18.0,0.0,0.0,0.0,22,235,3,0,1,0.0,50.0,169.2
2024-08-22 23:00:00+05:30,25.9,83,980.2,96,9.2,15.3,15.8,0.0,0.0,0.0,23,235,3,0,1,0.0,50.0,168.64
2024-08-23 00:00:00+05:30,25.7,84,980.0,100,9.4,15.9,15.8,0.0,0.0,0.0,0,236,4,0,0,0.0,50.0,72.59
2024-08-23 01:00:00+05:30,25.4,85,979.6,99,9.5,16.0,15.8,0.0,0.0,0.0,1,236,4,0,0,0.0,50.0,71.22
2024-08-23 02:00:00+05:30,25.2,88,979.3,100,10.3,18.2,18.0,0.0,0.0,0.0,2,236,4,0,0,0.0,50.0,70.48
2024-08-23 03:00:00+05:30,25.2,88,978.9,99,8.6,15.3,16.6,0.0,0.0,0.0,3,236,4,0,0,0.0,50.0,70.48
2024-08-23 04:00:00+05:30,25.1,88,978.9,99,4.8,10.8,13.0,0.0,0.0,0.0,4,236,4,0,0,0.0,12.92,70.19
2024-08-23 05:00:00+05:30,25.1,88,979.2,94,5.5,10.7,9.0,0.0,0.0,0.0,5,236,4,0,0,0.0,15.32,70.19
2024-08-23 06:00:00+05:30,26.0,86,979.9,95,2.1,6.6,9.4,0.0,1.0,9.9,6,236,4,0,0,0.0,0.85,74.2
2024-08-23 07:00:00+05:30,26.7,85,980.6,99,4.1,6.5,9.4,62.1,45.0,93.9,7,236,4,0,0,11.2,3.87,118.6
2024-08-23 08:00:00+05:30,27.9,82,981.1,94,5.8,7.4,14.0,197.6,130.0,262.9,8,236,4,0,0,42.93,8.33,127.68
2024-08-23 09:00:00+05:30,29.4,76,981.6,47,9.9,12.3,20.9,406.6,184.0,488.7,9,236,4,1,0,88.13,42.55,221.04
2024-08-23 10:00:00+05:30,30.6,72,981.5,25,8.8,10.6,21.2,517.9,216.0,664.4,10,236,4,1,0,125.88,27.95,232.98
2024-08-23 11:00:00+05:30,31.4,70,981.0,61,7.7,9.4,20.5,547.5,259.0,778.2,11,236,4,1,0,151.79,18.84,241.47
2024-08-23 12:00:00+05:30,31.9,68,980.6,54,7.3,8.6,19.8,546.5,278.0,809.8,12,236,4,1,0,162.37,14.91,246.98
2024-08-23 13:00:00+05:30,32.3,66,979.6,43,7.9,9.4,19.4,474.9,289.0,733.6,13,236,4,1,0,152.26,19.42,215.48
2024-08-23 14:00:00+05:30,32.4,66,979.0,98,8.0,9.4,19.4,445.6,297.0,669.2,14,236,4,1,0,143.66,19.73,252.62
2024-08-23 15:00:00+05:30,32.4,66,978.0,98,8.0,9.4,19.4,414.5,280.0,560.8,15,236,4,1,0,125.79,19.71,252.62
2024-08-23 16:00:00+05:30,32.0,67,977.9,99,6.5,8.0,18.4,302.5,235.0,371.6,16,236,4,1,0,89.21,11.11,248.09
2024-08-23 17:00:00+05:30,31.3,68,978.0,100,8.1,10.6,15.8,148.4,172.0,184.4,17,236,4,1,0,49.75,24.88,240.39
2024-08-23 18:00:00+05:30,29.1,75,979.0,94,6.2,7.9,13.0,79.2,74.0,48.8,18,236,4,0,1,19.0,10.27,193.22
2024-08-23 19:00:00+05:30,28.4,81,979.1,100,7.9,13.3,12.2,11.6,7.0,0.0,19,236,4,0,1,0.0,36.19,186.92
2024-08-23 20:00:00+05:30,27.8,85,979.9,100,9.2,15.7,14.8,0.0,0.0,0.0,20,236,4,0,1,0.0,50.0,181.86
2024-08-23 21:00:00+05:30,27.4,88,979.9,100,7.9,14.2,14.8,0.0,0.0,0.0,21,236,4,0,1,0.0,40.73,178.69
2024-08-23 22:00:00+05:30,27.1,90,980.5,95,7.9,14.0,13.7,0.0,0.0,0.0,22,236,4,0,1,0.0,39.8,176.44
2024-08-23 23:00:00+05:30,26.7,92,980.6,84,7.3,13.2,12.2,0.0,0.0,0.0,23,236,4,0,1,0.0,32.4,173.6
2024-08-24 00:00:00+05:30,26.5,93,980.3,96,9.1,15.5,14.8,0.0,0.0,0.0,0,237,5,0,0,0.0,50.0,77.26
2024-08-24 01:00:00+05:30,26.3,93,979.5,97,8.0,13.8,14.8,0.0,0.0,0.0,1,237,5,0,0,0.0,39.54,75.99
2024-08-24 02:00:00+05:30,26.1,93,979.0,100,6.3,11.7,13.0,0.0,0.0,0.0,2,237,5,0,0,0.0,21.53,74.78
2024-08-24 03:00:00+05:30,25.6,95,978.9,100,6.8,13.8,13.7,0.0,0.0,0.0,3,237,5,0,0,0.0,31.93,72.11
2024-08-24 04:00:00+05:30,25.6,96,978.8,100,6.1,11.5,13.7,0.0,0.0,0.0,4,237,5,0,0,0.0,20.02,72.11
2024-08-24 05:00:00+05:30,25.7,94,979.2,100,3.9,7.9,9.7,0.0,0.0,0.0,5,237,5,0,0,0.0,5.32,72.59
2024-08-24 06:00:00+05:30,25.1,95,980.1,100,5.4,7.2,10.4,0.0,1.0,10.3,6,237,5,0,0,0.0,7.2,70.19
2024-08-24 07:00:00+05:30,25.8,92,980.6,100,4.0,5.2,10.1,62.4,57.0,114.9,7,237,5,0,0,13.9,2.28,113.11
2024-08-24 08:00:00+05:30,27.1,84,980.9,100,3.2,3.7,11.2,198.3,146.0,283.6,8,237,5,0,0,46.54,0.47,121.44
2024-08-24 09:00:00+05:30,28.6,75,981.2,99,1.8,1.8,11.2,354.5,205.0,477.3,9,237,5,0,0,86.59,0.0,153.67
2024-08-24 10:00:00+05:30,29.9,70,981.2,99,2.7,3.1,12.2,441.9,253.0,641.5,10,237,5,0,0,122.08,0.0,165.89
2024-08-24 11:00:00+05:30,31.0,65,980.8,86,3.5,4.2,16.2,576.7,244.0,788.7,11,237,5,0,0,154.39,0.97,177.18
2024-08-24 12:00:00+05:30,32.0,61,980.0,25,4.7,5.4,16.9,609.5,241.0,832.1,12,237,5,0,0,167.12,3.2,188.09
2024-08-24 13:00:00+05:30,32.5,61,979.2,19,6.2,7.3,18.0,592.6,240.0,795.4,13,237,5,0,0,164.79,8.78,175.76
2024-08-24 14:00:00+05:30,33.0,60,977.9,4,7.3,8.7,18.4,609.4,228.0,744.2,14,237,5,0,0,159.19,15.13,199.57
2024-08-24 15:00:00+05:30,32.9,60,976.9,4,9.0,10.9,19.8,568.9,204.0,603.4,15,237,5,0,0,135.51,29.88,198.4
2024-08-24 16:00:00+05:30,32.7,60,975.9,25,7.9,10.1,20.2,498.1,175.0,427.9,16,237,5,0,0,102.37,21.94,196.07
2024-08-24 17:00:00+05:30,31.8,64,976.1,71,9.7,12.4,19.4,351.5,135.0,226.1,17,237,5,0,0,60.18,41.44,185.86
2024-08-24 18:00:00+05:30,30.8,70,976.9,40,4.0,7.2,14.0,169.2,77.0,60.5,18,237,5,0,1,22.94,4.51,210.07
2024-08-24 19:00:00+05:30,30.1,78,977.4,61,2.9,3.9,6.5,11.9,9.0,0.0,19,237,5,0,1,0.0,0.41,202.89
2024-08-24 20:00:00+05:30,29.3,79,978.0,94,6.6,12.4,11.5,0.0,0.0,0.0,20,237,5,0,1,0.0,25.09,195.09
2024-08-24 21:00:00+05:30,28.5,84,977.9,67,3.3,8.9,11.2,0.0,0.0,0.0,21,237,5,0,1,0.0,5.18,187.79
2024-08-24 22:00:00+05:30,27.8,88,978.1,20,3.8,7.9,6.1,0.0,0.0,0.0,22,237,5,0,1,0.0,5.07,181.86
2024-08-24 23:00:00+05:30,27.5,88,978.5,23,4.6,10.0,7.2,0.0,0.0,0.0,23,237,5,0,1,0.0,10.49,179.47
2024-08-25 00:00:00+05:30,27.1,88,977.9,30,7.2,14.7,16.2,0.0,0.0,0.0,0,238,6,0,0,0.0,38.23,81.44
2024-08-25 01:00:00+05:30,25.4,94,978.0,95,12.5,18.2,25.6,0.0,0.0,0.0,1,238,6,0,0,0.0,50.0,71.22
2024-08-25 02:00:00+05:30,25.4,96,976.8,84,8.7,15.8,20.5,0.0,0.0,0.0,2,238,6,0,0,0.0,50.0,71.22
2024-08-25 03:00:00+05:30,25.5,96,976.6,86,7.4,16.5,13.3,0.0,0.0,0.0,3,238,6,0,0,0.0,50.0,71.65
2024-08-25 04:00:00+05:30,25.7,93,976.5,90,5.6,13.8,12.6,0.0,0.0,0.0,4,238,6,0,0,0.0,24.57,72.59
2024-08-25 05:00:00+05:30,25.3,94,976.5,95,6.4,13.2,16.2,0.0,0.0,0.0,5,238,6,0,0,0.0,27.2,70.83
2024-08-25 06:00:00+05:30,25.5,94,977.5,100,4.8,9.4,11.9,0.0,1.0,10.7,6,238,6,0,0,0.0,9.99,71.65
2024-08-25 07:00:00+05:30,25.6,94,978.0,100,3.5,4.7,16.6,43.9,43.0,86.1,7,238,6,0,0,10.46,1.37,112.11
2024-08-25 08:00:00+05:30,26.0,93,978.2,100,7.1,8.9,12.6,44.5,74.0,116.3,8,238,6,0,0,19.7,15.53,114.2
2024-08-25 09:00:00+05:30,26.5,90,978.5,100,7.3,9.1,20.5,102.5,209.0,311.0,9,238,6,0,0,57.76,16.77,77.26
2024-08-25 10:00:00+05:30,27.8,82,977.4,94,9.8,12.1,22.0,163.0,239.0,395.6,10,238,6,0,0,77.43,40.84,86.86
2024-08-25 11:00:00+05:30,30.0,74,976.9,99,12.1,15.0,31.0,423.7,329.0,736.2,11,238,6,0,0,144.71,50.0,106.89
2024-08-25 12:00:00+05:30,31.0,72,976.3,100,12.4,15.3,31.0,414.0,353.0,756.8,12,238,6,0,0,152.69,50.0,117.18
2024-08-25 13:00:00+05:30,31.3,70,975.3,100,15.8,19.5,32.8,343.9,374.0,691.9,13,238,6,0,0,144.16,50.0,120.39
2024-08-25 14:00:00+05:30,27.7,83,975.0,100,20.5,27.9,40.0,170.9,204.0,341.5,14,238,6,0,0,77.7,50.0,86.05
2024-08-25 15:00:00+05:30,27.3,87,973.9,100,8.4,16.1,38.2,0.0,80.0,73.0,15,238,6,0,0,17.39,50.0,82.93
2024-08-25 16:00:00+05:30,28.9,83,973.1,100,9.8,13.4,18.0,44.9,175.0,175.1,16,238,6,0,0,43.6,50.0,96.37
2024-08-25 17:00:00+05:30,28.5,80,973.2,100,19.5,28.3,34.9,57.5,157.0,139.9,17,238,6,0,0,38.89,50.0,92.79
2024-08-25 18:00:00+05:30,28.9,78,973.6,100,12.0,19.2,24.8,8.6,81.0,42.3,18,238,6,0,1,17.74,50.0,191.37
2024-08-25 19:00:00+05:30,28.1,82,974.1,100,11.0,19.3,19.4,0.0,7.0,0.0,19,238,6,0,1,0.0,50.0,184.35
2024-08-25 20:00:00+05:30,27.8,82,974.3,100,11.3,20.5,19.1,0.0,0.0,0.0,20,238,6,0,1,0.0,50.0,181.86
2024-08-25 21:00:00+05:30,27.6,83,974.7,100,11.6,21.1,18.7,0.0,0.0,0.0,21,238,6,0,1,0.0,50.0,180.26
2024-08-25 22:00:00+05:30,27.5,84,974.6,63,12.6,22.4,20.5,0.0,0.0,0.0,22,238,6,0,1,0.0,50.0,179.47
2024-08-25 23:00:00+05:30,27.3,84,974.3,63,12.9,22.4,21.2,0.0,0.0,0.0,23,238,6,0,1,0.0,50.0,177.93
2024-08-26 00:00:00+05:30,27.0,84,974.1,84,12.3,21.7,21.2,0.0,0.0,0.0,0,239,0,0,0,0.0,50.0,80.71
2024-08-26 01:00:00+05:30,26.7,85,973.8,27,11.9,21.1,20.2,0.0,0.0,0.0,1,239,0,0,0,0.0,50.0,78.6
2024-08-26 02:00:00+05:30,26.5,85,973.0,76,14.7,24.7,23.4,0.0,0.0,0.0,2,239,0,0,0,0.0,50.0,77.26
2024-08-26 03:00:00+05:30,26.4,85,972.6,77,16.1,27.0,27.7,0.0,0.0,0.0,3,239,0,0,0,0.0,50.0,76.61
2024-08-26 04:00:00+05:30,26.2,86,972.8,32,14.8,25.0,26.6,0.0,0.0,0.0,4,239,0,0,0,0.0,50.0,75.37
2024-08-26 05:00:00+05:30,26.1,86,972.9,23,15.3,25.2,25.2,0.0,0.0,0.0,5,239,0,0,0,0.0,50.0,74.78
2024-08-26 06:00:00+05:30,25.8,91,973.5,98,16.6,26.2,27.7,0.0,1.0,11.1,6,239,0,0,0,0.0,50.0,73.11
2024-08-26 07:00:00+05:30,26.1,89,973.7,98,19.4,29.1,31.3,69.2,51.0,107.2,7,239,0,0,0,12.75,50.0,114.78
2024-08-26 08:00:00+05:30,27.4,80,974.2,95,19.7,27.0,35.3,296.8,128.0,308.4,8,239,0,0,0,50.21,50.0,123.69
2024-08-26 09:00:00+05:30,28.6,73,974.6,100,22.7,30.2,40.3,287.5,214.0,441.7,9,239,0,1,0,80.67,0.0,213.67
2024-08-26 10:00:00+05:30,29.2,70,974.3,90,23.8,31.9,41.0,127.4,271.0,401.1,10,239,0,1,0,77.78,0.0,219.15
2024-08-26 11:00:00+05:30,30.2,66,974.1,99,25.1,34.0,44.3,266.9,282.0,541.9,11,239,0,1,0,108.65,0.0,228.89
2024-08-26 12:00:00+05:30,31.1,64,973.4,97,25.4,34.0,47.2,472.8,259.0,717.1,12,239,0,1,0,146.67,0.0,238.24
2024-08-26 13:00:00+05:30,31.8,61,972.7,99,26.2,35.2,47.2,528.8,229.0,722.3,13,239,0,1,0,152.07,0.0,209.86
2024-08-26 14:00:00+05:30,31.7,60,971.8,97,25.9,34.8,47.2,573.5,241.0,722.8,14,239,0,1,0,156.37,0.0,244.76
2024-08-26 15:00:00+05:30,32.2,61,970.8,28,22.7,30.6,46.8,482.2,219.0,550.8,15,239,0,1,0,125.28,0.0,250.35
2024-08-26 16:00:00+05:30,30.3,67,970.8,91,27.0,36.4,49.7,466.7,179.0,410.7,16,239,0,1,0,100.1,0.0,229.9
2024-08-26 17:00:00+05:30,28.1,82,971.0,85,18.0,26.3,45.7,118.1,136.0,144.1,17,239,0,1,0,40.1,50.0,209.35
2024-08-26 18:00:00+05:30,25.9,91,972.2,100,19.8,31.8,40.3,65.4,62.0,38.6,18,239,0,0,1,16.06,0.0,168.64
2024-08-26 19:00:00+05:30,26.5,87,972.7,97,21.1,33.4,37.4,0.0,4.0,0.0,19,239,0,0,1,0.0,0.0,172.26
2024-08-26 20:00:00+05:30,26.2,89,972.8,78,20.1,32.4,34.6,0.0,0.0,0.0,20,239,0,0,1,0.0,0.0,170.37
2024-08-26 21:00:00+05:30,26.3,88,973.6,57,21.4,34.2,35.6,0.0,0.0,0.0,21,239,0,0,1,0.0,0.0,170.99
2024-08-26 22:00:00+05:30,26.2,87,973.6,68,22.0,35.0,36.4,0.0,0.0,0.0,22,239,0,0,1,0.0,0.0,170.37
2024-08-26 23:00:00+05:30,26.0,87,973.2,71,23.3,36.6,38.2,0.0,0.0,0.0,23,239,0,0,1,0.0,0.0,169.2
2024-08-27 00:00:00+05:30,26.0,86,972.8,96,24.6,38.2,41.4,0.0,0.0,0.0,0,240,1,0,0,0.0,0.0,74.2
2024-08-27 01:00:00+05:30,25.9,85,972.2,100,23.4,36.5,41.0,0.0,0.0,0.0,1,240,1,0,0,0.0,0.0,73.64
2024-08-27 02:00:00+05:30,25.8,82,972.0,100,25.7,40.0,43.2,0.0,0.0,0.0,2,240,1,0,0,0.0,0.0,73.11
2024-08-27 03:00:00+05:30,25.4,81,971.9,100,25.2,39.2,43.2,0.0,0.0,0.0,3,240,1,0,0,0.0,0.0,71.22
2024-08-27 04:00:00+05:30,25.2,80,971.8,100,25.9,40.1,43.6,0.0,0.0,0.0,4,240,1,0,0,0.0,0.0,70.48
2024-08-27 05:00:00+05:30,25.3,79,971.8,100,26.4,40.7,43.9,0.0,0.0,0.0,5,240,1,0,0,0.0,0.0,70.83
2024-08-27 06:00:00+05:30,25.3,83,972.6,80,29.6,44.9,49.0,0.0,0.0,0.0,6,240,1,0,0,0.0,0.0,70.83
2024-08-27 07:00:00+05:30,25.7,82,973.2,97,30.3,45.0,51.1,75.8,47.0,102.5,7,240,1,0,0,12.05,0.0,112.59
2024-08-27 08:00:00+05:30,26.0,81,973.8,100,29.5,42.1,54.0,34.3,100.0,144.7,8,240,1,0,0,24.57,0.0,114.2
2024-08-27 09:00:00+05:30,27.1,74,974.5,100,31.2,43.6,54.4,289.8,164.0,385.2,9,240,1,1,0,71.43,0.0,201.44
2024-08-27 10:00:00+05:30,27.7,71,974.8,100,30.3,41.6,55.1,257.9,253.0,488.6,10,240,1,1,0,95.37,0.0,206.05
2024-08-27 11:00:00+05:30,27.3,73,974.5,100,28.7,40.6,52.9,52.6,196.0,254.1,11,240,1,1,0,52.45,0.0,202.93
2024-08-27 12:00:00+05:30,28.3,70,974.3,100,27.7,38.8,49.7,122.9,259.0,380.9,12,240,1,1,0,80.45,0.0,211.05
2024-08-27 13:00:00+05:30,28.3,71,974.2,100,29.5,41.5,55.4,46.2,235.0,274.5,13,240,1,1,0,59.84,0.0,175.05
2024-08-27 14:00:00+05:30,27.9,74,973.4,100,25.9,36.4,50.8,8.9,256.0,251.0,14,240,1,1,0,56.2,0.0,207.68
2024-08-27 15:00:00+05:30,28.0,75,972.7,100,24.0,33.1,45.4,37.7,259.0,263.4,15,240,1,1,0,61.54,0.0,208.51
2024-08-27 16:00:00+05:30,28.3,74,973.0,100,20.4,28.2,41.4,139.1,215.0,260.4,16,240,1,1,0,64.8,50.0,211.05
2024-08-27 17:00:00+05:30,28.7,71,973.3,100,17.9,24.7,35.6,130.2,174.0,176.4,17,240,1,1,0,48.95,50.0,214.57
2024-08-27 18:00:00+05:30,27.4,79,974.9,100,19.5,30.1,33.8,62.0,84.0,48.3,18,240,1,0,1,20.52,50.0,178.69
2024-08-27 19:00:00+05:30,27.1,78,975.5,100,17.4,28.4,32.4,0.0,6.0,0.0,19,240,1,0,1,0.0,50.0,176.44
2024-08-27 20:00:00+05:30,27.5,74,976.1,100,21.3,34.1,34.2,0.0,0.0,0.0,20,240,1,0,1,0.0,0.0,179.47
2024-08-27 21:00:00+05:30,27.1,74,977.0,100,22.3,35.6,38.5,0.0,0.0,0.0,21,240,1,0,1,0.0,0.0,176.44
2024-08-27 22:00:00+05:30,26.2,81,977.2,100,20.9,34.0,37.4,0.0,0.0,0.0,22,240,1,0,1,0.0,0.0,170.37
2024-08-27 23:00:00+05:30,25.9,82,976.7,100,21.4,34.3,35.3,0.0,0.0,0.0,23,240,1,0,1,0.0,0.0,168.64
2024-08-28 00:00:00+05:30,25.4,85,976.4,100,19.2,31.5,34.9,0.0,0.0,0.0,0,241,2,0,0,0.0,0.0,71.22
2024-08-28 01:00:00+05:30,25.3,86,976.0,99,19.6,31.7,32.4,0.0,0.0,0.0,1,241,2,0,0,0.0,0.0,70.83
2024-08-28 02:00:00+05:30,25.5,84,975.9,39,20.3,32.2,33.5,0.0,0.0,0.0,2,241,2,0,0,0.0,0.0,71.65
2024-08-28 03:00:00+05:30,25.4,82,975.7,41,20.8,33.6,33.8,0.0,0.0,0.0,3,241,2,0,0,0.0,0.0,71.22
2024-08-28 04:00:00+05:30,25.3,80,975.3,50,23.0,36.5,37.8,0.0,0.0,0.0,4,241,2,0,0,0.0,0.0,70.83
2024-08-28 05:00:00+05:30,25.3,80,975.4,88,23.0,36.6,38.5,0.0,0.0,0.0,5,241,2,0,0,0.0,0.0,70.83
2024-08-28 06:00:00+05:30,25.1,80,976.8,85,17.5,28.4,29.2,0.0,1.0,12.1,6,241,2,0,0,0.0,50.0,70.19
2024-08-28 07:00:00+05:30,25.4,79,976.9,99,20.5,30.8,34.6,82.5,41.0,94.2,7,241,2,0,0,10.91,0.0,111.22
2024-08-28 08:00:00+05:30,26.4,76,977.1,99,20.4,28.7,36.7,208.9,120.0,255.1,8,241,2,0,0,42.25,50.0,116.61
2024-08-28 09:00:00+05:30,27.7,71,977.4,65,21.7,29.4,39.6,395.2,185.0,480.2,9,241,2,1,0,88.25,0.0,206.05
2024-08-28 10:00:00+05:30,28.9,68,977.3,43,21.6,28.5,39.6,466.0,227.0,630.8,10,241,2,1,0,121.87,0.0,216.37
2024-08-28 11:00:00+05:30,30.0,65,976.5,50,25.9,34.4,47.9,463.4,274.0,713.0,11,241,2,1,0,141.87,0.0,226.89
2024-08-28 12:00:00+05:30,30.5,64,976.0,98,25.8,34.2,47.2,540.2,271.0,792.1,12,241,2,1,0,161.62,0.0,231.95
2024-08-28 13:00:00+05:30,31.1,62,975.4,40,26.9,35.8,49.7,544.5,286.0,790.9,13,241,2,1,0,165.54,0.0,202.24
2024-08-28 14:00:00+05:30,30.9,62,974.5,47,24.5,32.7,47.9,482.0,267.0,666.2,14,241,2,1,0,145.79,0.0,236.12
2024-08-28 15:00:00+05:30,30.7,62,973.8,57,24.3,32.6,43.9,426.1,238.0,524.6,15,241,2,1,0,120.78,0.0,234.02
2024-08-28 16:00:00+05:30,30.1,66,973.2,41,21.4,29.8,42.8,263.8,187.0,303.7,16,241,2,1,0,75.31,0.0,227.89
2024-08-28 17:00:00+05:30,29.6,68,972.8,41,21.7,30.9,38.2,205.9,151.0,183.4,17,241,2,1,0,50.81,0.0,222.96
2024-08-28 18:00:00+05:30,28.9,69,974.5,20,16.2,26.0,31.0,139.7,67.0,47.4,18,241,2,0,1,19.71,50.0,191.37
2024-08-28 19:00:00+05:30,28.4,70,975.0,14,16.5,27.5,27.0,13.0,7.0,0.0,19,241,2,0,1,0.0,50.0,186.92
2024-08-28 20:00:00+05:30,28.1,71,975.6,7,19.2,31.1,31.0,0.0,0.0,0.0,20,241,2,0,1,0.0,0.0,184.35
2024-08-28 21:00:00+05:30,27.7,73,976.3,78,20.0,32.7,33.5,0.0,0.0,0.0,21,241,2,0,1,0.0,0.0,181.05
2024-08-28 22:00:00+05:30,27.3,76,976.3,80,19.4,31.1,33.1,0.0,0.0,0.0,22,241,2,0,1,0.0,0.0,177.93
2024-08-28 23:00:00+05:30,26.9,78,975.8,86,17.7,29.0,32.0,0.0,0.0,0.0,23,241,2,0,1,0.0,50.0,174.99
2024-08-29 00:00:00+05:30,26.5,80,975.3,68,17.8,28.8,29.5,0.0,0.0,0.0,0,242,3,0,0,0.0,50.0,77.26
2024-08-29 01:00:00+05:30,26.2,81,975.0,92,17.3,28.7,29.2,0.0,0.0,0.0,1,242,3,0,0,0.0,50.0,75.37
2024-08-29 02:00:00+05:30,26.1,82,974.6,93,16.3,27.1,28.8,0.0,0.0,0.0,2,242,3,0,0,0.0,50.0,74.78
2024-08-29 03:00:00+05:30,25.9,83,974.4,93,14.8,25.5,26.6,0.0,0.0,0.0,3,242,3,0,0,0.0,50.0,73.64
2024-08-29 04:00:00+05:30,25.8,83,974.3,96,14.2,24.8,24.5,0.0,0.0,0.0,4,242,3,0,0,0.0,50.0,73.11
2024-08-29 05:00:00+05:30,25.5,85,974.2,100,12.6,22.6,23.0,0.0,0.0,0.0,5,242,3,0,0,0.0,50.0,71.65
2024-08-29 06:00:00+05:30,25.9,81,975.3,94,14.2,23.7,24.5,0.0,1.0,12.6,6,242,3,0,0,0.0,50.0,73.64
2024-08-29 07:00:00+05:30,26.4,81,976.0,69,13.0,19.6,23.8,63.7,45.0,96.4,7,242,3,0,0,11.36,50.0,116.61
2024-08-29 08:00:00+05:30,27.4,78,976.6,39,11.6,15.3,23.0,153.9,127.0,237.3,8,242,3,0,0,39.43,50.0,123.69
2024-08-29 09:00:00+05:30,28.6,73,977.1,48,17.9,23.3,32.4,349.6,185.0,449.1,9,242,3,1,0,82.62,50.0,213.67
2024-08-29 10:00:00+05:30,29.8,69,977.3,22,19.5,26.0,36.4,393.5,225.0,568.5,10,242,3,1,0,110.22,50.0,224.91
2024-08-29 11:00:00+05:30,30.8,67,977.2,28,18.9,24.1,36.7,553.6,228.0,746.6,11,242,3,1,0,148.56,50.0,235.07
2024-08-29 12:00:00+05:30,29.4,70,977.0,100,25.4,33.0,45.0,585.8,240.0,803.2,12,242,3,1,0,165.26,0.0,221.04
2024-08-29 13:00:00+05:30,29.2,74,976.1,74,14.9,19.9,46.1,114.8,303.0,405.2,13,242,3,1,0,87.47,50.0,183.15
2024-08-29 14:00:00+05:30,31.0,67,974.9,12,16.4,21.4,31.7,427.5,266.0,617.5,14,242,3,1,0,135.99,50.0,237.18
2024-08-29 15:00:00+05:30,31.7,58,973.9,57,17.9,23.7,35.6,522.4,206.0,563.5,15,242,3,1,0,129.43,50.0,244.76
2024-08-29 16:00:00+05:30,31.3,63,973.8,37,16.8,22.7,36.7,441.8,185.0,397.4,16,242,3,1,0,97.56,50.0,240.39
2024-08-29 17:00:00+05:30,31.2,64,974.0,23,11.4,16.9,34.2,305.5,127.0,197.2,17,242,3,1,0,54.38,50.0,239.31
2024-08-29 18:00:00+05:30,29.3,70,975.1,7,10.5,18.5,25.9,165.0,70.0,50.2,18,242,3,0,1,21.22,50.0,195.09
2024-08-29 19:00:00+05:30,28.8,69,975.7,4,16.2,27.6,26.3,13.4,7.0,0.0,19,242,3,0,1,0.0,50.0,190.47
2024-08-29 20:00:00+05:30,28.2,70,976.7,5,16.1,27.9,27.0,0.0,0.0,0.0,20,242,3,0,1,0.0,50.0,185.19
2024-08-29 21:00:00+05:30,28.0,70,977.6,32,17.6,30.5,29.2,0.0,0.0,0.0,21,242,3,0,1,0.0,50.0,183.51
2024-08-29 22:00:00+05:30,27.6,72,977.8,54,16.1,27.7,29.5,0.0,0.0,0.0,22,242,3,0,1,0.0,50.0,180.26
2024-08-29 23:00:00+05:30,27.0,75,977.8,16,14.8,25.9,26.3,0.0,0.0,0.0,23,242,3,0,1,0.0,50.0,175.71
2024-08-30 00:00:00+05:30,26.5,78,977.5,20,13.6,24.2,23.8,0.0,0.0,0.0,0,243,4,0,0,0.0,50.0,77.26
2024-08-30 01:00:00+05:30,26.0,80,977.2,8,13.3,23.8,22.0,0.0,0.0,0.0,1,243,4,0,0,0.0,50.0,74.2
2024-08-30 02:00:00+05:30,25.7,82,977.1,100,11.9,21.9,21.6,0.0,0.0,0.0,2,243,4,0,0,0.0,50.0,72.59
2024-08-30 03:00:00+05:30,25.6,83,977.2,24,10.5,19.7,19.4,0.0,0.0,0.0,3,243,4,0,0,0.0,50.0,72.11
2024-08-30 04:00:00+05:30,25.4,84,977.6,31,9.6,18.1,16.9,0.0,0.0,0.0,4,243,4,0,0,0.0,50.0,71.22
2024-08-30 05:00:00+05:30,25.3,85,978.0,27,9.9,18.3,16.2,0.0,0.0,0.0,5,243,4,0,0,0.0,50.0,70.83
2024-08-30 06:00:00+05:30,25.2,85,979.1,36,7.4,13.7,13.0,0.0,1.0,13.2,6,243,4,0,0,0.0,35.32,70.48
2024-08-30 07:00:00+05:30,25.8,83,979.7,12,7.1,12.4,13.3,102.3,50.0,116.2,7,243,4,0,0,13.37,28.04,113.11
2024-08-30 08:00:00+05:30,26.9,78,980.5,10,10.2,13.1,20.2,308.9,125.0,309.5,8,243,4,0,0,50.99,50.0,119.99
2024-08-30 09:00:00+05:30,28.0,74,981.2,58,12.6,16.0,25.6,390.0,186.0,477.0,9,243,4,1,0,87.98,50.0,208.51
2024-08-30 10:00:00+05:30,28.8,70,981.4,26,13.7,17.1,27.0,324.7,277.0,568.6,10,243,4,1,0,110.19,50.0,215.47
2024-08-30 11:00:00+05:30,30.1,67,981.1,10,11.3,13.9,27.0,546.5,241.0,752.9,11,243,4,1,0,150.27,50.0,227.89
2024-08-30 12:00:00+05:30,31.0,65,980.7,22,11.6,14.3,27.4,589.0,250.0,815.3,12,243,4,1,0,166.55,50.0,237.18
2024-08-30 13:00:00+05:30,30.9,64,979.9,7,12.3,15.5,26.3,505.6,249.0,715.8,13,243,4,1,0,152.27,50.0,200.12
2024-08-30 14:00:00+05:30,31.1,61,978.9,9,11.5,14.4,25.9,471.1,251.0,639.2,14,243,4,1,0,140.95,50.0,238.24
2024-08-30 15:00:00+05:30,31.5,61,978.0,9,8.4,10.3,24.5,523.0,219.0,574.0,15,243,4,1,0,132.01,24.81,242.56
2024-08-30 16:00:00+05:30,31.5,60,977.4,8,7.9,9.8,19.1,512.2,169.0,419.9,16,243,4,1,0,103.3,20.92,242.56
2024-08-30 17:00:00+05:30,31.0,62,977.3,10,7.6,9.4,16.9,363.2,130.0,217.0,17,243,4,1,0,60.04,18.46,237.18
2024-08-30 18:00:00+05:30,29.6,73,979.1,50,4.4,8.1,9.4,154.0,66.0,45.9,18,243,4,0,1,19.9,6.59,197.96
2024-08-30 19:00:00+05:30,28.4,80,980.3,16,4.0,7.6,7.2,0.0,6.0,0.0,19,243,4,0,1,0.0,5.08,186.92
2024-08-30 20:00:00+05:30,27.7,86,981.3,32,4.1,3.6,6.1,0.0,0.0,0.0,20,243,4,0,1,0.0,1.77,181.05
2024-08-30 21:00:00+05:30,27.3,84,982.0,32,2.9,2.4,5.0,0.0,0.0,0.0,21,243,4,0,1,0.0,0.08,177.93
2024-08-30 22:00:00+05:30,27.0,84,982.1,92,3.3,4.3,5.0,0.0,0.0,0.0,22,243,4,0,1,0.0,0.92,175.71
2024-08-30 23:00:00+05:30,26.8,84,981.8,100,4.0,7.7,5.8,0.0,0.0,0.0,23,243,4,0,1,0.0,5.25,174.29
2024-08-31 00:00:00+05:30,26.6,84,981.7,100,9.4,17.6,14.8,0.0,0.0,0.0,0,244,5,0,0,0.0,50.0,77.92
2024-08-31 01:00:00+05:30,26.0,88,981.5,89,5.0,11.3,15.1,0.0,0.0,0.0,1,244,5,0,0,0.0,14.83,74.2
2024-08-31 02:00:00+05:30,25.7,90,981.0,29,3.8,8.2,7.6,0.0,0.0,0.0,2,244,5,0,0,0.0,5.52,72.59
2024-08-31 03:00:00+05:30,25.5,91,981.0,93,4.0,9.3,6.8,0.0,0.0,0.0,3,244,5,0,0,0.0,7.59,71.65
2024-08-31 04:00:00+05:30,25.1,94,981.0,94,3.8,6.8,6.5,0.0,0.0,0.0,4,244,5,0,0,0.0,3.79,70.19
2024-08-31 05:00:00+05:30,24.9,96,981.2,13,3.1,7.2,5.4,0.0,0.0,0.0,5,244,5,0,0,0.0,3.08,70.0
2024-08-31 06:00:00+05:30,25.1,91,981.8,27,8.4,16.2,13.0,0.0,1.0,13.8,6,244,5,0,0,0.0,50.0,70.19
2024-08-31 07:00:00+05:30,25.7,89,982.5,40,9.0,13.1,16.6,96.4,49.0,113.2,7,244,5,0,0,13.06,42.41,112.59
2024-08-31 08:00:00+05:30,26.8,84,983.0,47,9.7,12.4,19.8,261.9,124.0,285.3,8,244,5,0,0,47.31,42.43,119.29
2024-08-31 09:00:00+05:30,28.0,78,983.4,34,8.1,10.2,20.2,351.1,191.0,456.3,9,244,5,0,0,84.42,23.63,148.51
2024-08-31 10:00:00+05:30,29.2,74,983.2,17,7.4,9.2,18.7,392.2,238.0,580.6,10,244,5,0,0,113.01,17.34,159.15
2024-08-31 11:00:00+05:30,30.3,69,983.0,98,6.2,7.0,18.7,566.9,235.0,764.4,11,244,5,0,0,152.66,8.2,169.9
2024-08-31 12:00:00+05:30,30.5,67,982.4,100,5.9,6.7,17.6,368.1,308.0,662.9,12,244,5,0,0,136.97,7.02,171.95
2024-08-31 13:00:00+05:30,30.6,68,981.8,100,4.8,5.4,16.6,228.5,375.0,581.0,13,244,5,0,0,123.22,3.33,154.98
2024-08-31 14:00:00+05:30,30.7,68,980.6,100,4.1,5.2,14.8,183.6,334.0,472.8,14,244,5,0,0,104.53,2.35,174.02
2024-08-31 15:00:00+05:30,31.0,66,979.9,99,1.6,2.3,15.1,211.5,265.0,391.8,15,244,5,0,0,91.16,0.0,177.18
2024-08-31 16:00:00+05:30,31.5,65,979.9,100,0.8,1.1,13.0,282.1,236.0,352.1,16,244,5,0,0,86.78,0.0,182.56
2024-08-31 17:00:00+05:30,30.9,67,979.7,73,3.3,3.8,11.5,324.4,136.0,207.3,17,244,5,0,0,57.82,0.57,176.12
2024-08-31 18:00:00+05:30,29.8,69,980.7,28,1.3,1.5,6.1,161.5,68.0,46.2,18,244,5,0,1,20.54,0.0,199.91
2024-08-31 19:00:00+05:30,28.6,79,981.1,32,2.8,3.3,2.9,0.0,7.0,0.0,19,244,5,0,1,0.0,0.06,188.67
2024-08-31 20:00:00+05:30,27.8,80,981.4,34,3.9,8.1,5.8,0.0,0.0,0.0,20,244,5,0,1,0.0,5.56,181.86
2024-08-31 21:00:00+05:30,27.4,81,981.6,38,6.4,13.2,9.7,0.0,0.0,0.0,21,244,5,0,1,0.0,27.15,178.69
2024-08-31 22:00:00+05:30,27.2,81,982.0,30,5.6,13.1,10.1,0.0,0.0,0.0,22,244,5,0,1,0.0,22.43,177.18
2024-08-31 23:00:00+05:30,26.9,82,981.9,9,7.0,13.9,10.8,0.0,0.0,0.0,23,244,5,0,1,0.0,33.56,174.99
2024-09-01 00:00:00+05:30,26.6,84,981.7,6,7.9,16.4,12.2,0.0,0.0,0.0,0,245,6,0,0,0.0,50.0,77.92
2024-09-01 01:00:00+05:30,26.4,85,981.2,8,7.4,16.2,12.2,0.0,0.0,0.0,1,245,6,0,0,0.0,50.0,76.61
2024-09-01 02:00:00+05:30,26.2,87,980.8,7,8.0,16.6,12.6,0.0,0.0,0.0,2,245,6,0,0,0.0,50.0,75.37
2024-09-01 03:00:00+05:30,26.0,88,980.9,1,9.4,18.4,15.1,0.0,0.0,0.0,3,245,6,0,0,0.0,50.0,74.2
2024-09-01 04:00:00+05:30,25.7,90,981.1,4,9.0,17.6,15.5,0.0,0.0,0.0,4,245,6,0,0,0.0,50.0,72.59
2024-09-01 05:00:00+05:30,25.5,92,981.2,0,8.6,17.0,14.4,0.0,0.0,0.0,5,245,6,0,0,0.0,50.0,71.65
2024-09-01 06:00:00+05:30,25.3,93,981.4,9,6.4,12.3,9.7,0.0,1.0,14.5,6,245,6,0,0,0.0,24.14,70.83
2024-09-01 07:00:00+05:30,26.2,90,981.7,32,6.4,13.0,13.0,116.1,49.0,119.1,7,245,6,0,0,13.51,26.54,115.37
2024-09-01 08:00:00+05:30,27.6,82,982.1,36,7.8,10.0,16.6,316.4,119.0,304.8,8,245,6,0,0,50.38,21.69,125.26
2024-09-01 09:00:00+05:30,29.0,75,982.6,100,8.8,10.9,19.4,476.7,164.0,508.5,9,245,6,0,0,93.88,29.54,97.29
2024-09-01 10:00:00+05:30,30.1,69,982.7,100,7.6,9.4,20.2,563.2,199.0,676.9,10,245,6,0,0,131.15,18.62,107.89
2024-09-01 11:00:00+05:30,30.9,65,982.4,99,5.9,7.0,19.1,551.8,231.0,745.5,11,245,6,0,0,149.15,7.62,116.12
2024-09-01 12:00:00+05:30,31.2,64,981.5,73,4.6,5.2,17.3,487.5,265.0,731.8,12,245,6,0,0,150.97,2.85,119.31
2024-09-01 13:00:00+05:30,31.9,63,980.7,14,4.4,5.2,15.1,505.7,286.0,749.9,13,245,6,0,0,158.27,2.64,126.98
2024-09-01 14:00:00+05:30,32.3,63,979.5,6,6.5,7.6,17.3,594.9,223.0,714.6,14,245,6,0,0,156.73,10.12,131.48
2024-09-01 15:00:00+05:30,32.3,62,978.6,6,8.0,9.9,18.7,526.7,208.0,563.3,15,245,6,0,0,130.11,21.63,131.48
2024-09-01 16:00:00+05:30,32.4,61,978.4,8,8.8,11.1,18.7,493.4,171.0,407.8,16,245,6,0,0,100.83,30.03,132.62
2024-09-01 17:00:00+05:30,31.9,61,978.4,3,9.4,11.9,18.4,371.6,128.0,214.8,17,245,6,0,0,60.01,37.08,126.98
2024-09-01 18:00:00+05:30,30.3,70,979.5,39,4.7,9.4,12.2,169.4,68.0,45.6,18,245,6,0,1,20.74,9.57,204.9
2024-09-01 19:00:00+05:30,29.4,74,979.9,97,4.6,9.3,7.6,0.0,6.0,0.0,19,245,6,0,1,0.0,9.13,196.04
2024-09-01 20:00:00+05:30,29.0,75,980.5,100,7.1,12.7,11.2,0.0,0.0,0.0,20,245,6,0,1,0.0,28.95,192.29
2024-09-01 21:00:00+05:30,28.6,76,980.9,100,6.4,12.5,11.2,0.0,0.0,0.0,21,245,6,0,1,0.0,24.55,188.67
2024-09-01 22:00:00+05:30,28.3,77,981.2,99,8.2,16.5,12.6,0.0,0.0,0.0,22,245,6,0,1,0.0,50.0,186.05
2024-09-01 23:00:00+05:30,27.9,77,980.8,100,9.2,18.7,14.4,0.0,0.0,0.0,23,245,6,0,1,0.0,50.0,182.68
2024-09-02 00:00:00+05:30,27.5,80,980.4,100,9.5,19.1,14.8,0.0,0.0,0.0,0,246,0,0,0,0.0,50.0,84.47
2024-09-02 01:00:00+05:30,27.2,83,980.0,100,10.5,20.2,16.6,0.0,0.0,0.0,1,246,0,0,0,0.0,50.0,82.18
2024-09-02 02:00:00+05:30,26.8,84,979.6,100,8.8,17.8,16.6,0.0,0.0,0.0,2,246,0,0,0,0.0,50.0,79.29
2024-09-02 03:00:00+05:30,26.5,86,979.5,100,7.6,15.8,14.0,0.0,0.0,0.0,3,246,0,0,0,0.0,50.0,77.26
2024-09-02 04:00:00+05:30,26.3,88,979.8,100,6.3,13.0,12.2,0.0,0.0,0.0,4,246,0,0,0,0.0,25.93,75.99
2024-09-02 05:00:00+05:30,26.2,89,979.6,100,8.2,16.3,13.7,0.0,0.0,0.0,5,246,0,0,0,0.0,50.0,75.37
2024-09-02 06:00:00+05:30,26.4,88,980.0,100,9.4,17.3,15.5,0.0,0.0,0.0,6,246,0,0,0,0.0,50.0,76.61
2024-09-02 07:00:00+05:30,26.9,86,980.6,100,6.4,14.8,15.1,0.0,43.0,76.8,7,246,0,0,0,9.51,33.2,119.99
2024-09-02 08:00:00+05:30,27.8,83,981.3,100,3.4,5.6,11.9,13.5,116.0,155.8,8,246,0,0,0,26.25,2.02,126.86
2024-09-02 09:00:00+05:30,28.9,78,981.8,99,4.7,6.0,12.6,52.1,240.0,312.9,9,246,0,1,0,57.57,4.04,216.37
2024-09-02 10:00:00+05:30,30.6,71,981.8,100,8.4,10.2,19.1,385.6,269.0,608.1,10,246,0,1,0,117.43,24.56,232.98
2024-09-02 11:00:00+05:30,31.7,65,981.5,100,8.2,10.3,22.0,391.2,312.0,683.5,11,246,0,1,0,135.92,24.1,244.76
2024-09-02 12:00:00+05:30,32.1,64,980.5,100,9.0,10.8,23.0,256.0,380.0,628.2,12,246,0,1,0,128.3,29.59,249.22
2024-09-02 13:00:00+05:30,32.3,63,979.6,100,7.1,8.4,23.0,188.1,357.0,524.7,13,246,0,1,0,111.26,13.73,215.48
2024-09-02 14:00:00+05:30,32.0,63,978.2,100,6.9,8.1,19.1,70.9,341.0,383.3,14,246,0,1,0,84.19,12.35,248.09
2024-09-02 15:00:00+05:30,31.9,63,977.1,100,5.2,6.4,16.9,55.2,272.0,286.0,15,246,0,1,0,66.16,5.28,246.98
2024-09-02 16:00:00+05:30,32.5,61,976.7,100,4.3,5.1,16.2,285.1,206.0,325.7,16,246,0,1,0,80.92,2.41,253.76
2024-09-02 17:00:00+05:30,32.3,63,976.7,100,2.2,2.5,14.0,315.8,145.0,208.1,17,246,0,1,0,58.42,0.0,251.48
2024-09-02 18:00:00+05:30,30.6,81,977.8,100,2.3,4.0,10.1,29.6,70.0,32.8,18,246,0,0,1,16.02,0.13,207.98
2024-09-02 19:00:00+05:30,30.2,73,978.4,100,0.8,0.5,2.5,0.0,5.0,0.0,19,246,0,0,1,0.0,0.0,203.89
2024-09-02 20:00:00+05:30,29.6,76,979.0,99,1.3,0.8,2.2,0.0,0.0,0.0,20,246,0,0,1,0.0,0.0,197.96
2024-09-02 21:00:00+05:30,29.7,73,979.6,99,3.1,4.7,2.9,0.0,0.0,0.0,21,246,0,0,1,0.0,1.03,198.93
2024-09-02 22:00:00+05:30,28.5,80,980.0,100,4.3,10.9,7.2,0.0,0.0,0.0,22,246,0,0,1,0.0,11.17,187.79
2024-09-02 23:00:00+05:30,28.1,82,979.7,100,5.1,11.5,8.3,0.0,0.0,0.0,23,246,0,0,1,0.0,15.58,184.35
2024-09-03 00:00:00+05:30,27.7,85,979.2,100,8.0,14.4,14.0,0.0,0.0,0.0,0,247,1,0,0,0.0,42.36,86.05
2024-09-03 01:00:00+05:30,27.1,89,978.8,100,6.9,14.4,15.8,0.0,0.0,0.0,1,247,1,0,0,0.0,34.89,81.44
2024-09-03 02:00:00+05:30,26.2,94,978.8,100,7.3,12.8,13.3,0.0,0.0,0.0,2,247,1,0,0,0.0,30.69,75.37
2024-09-03 03:00:00+05:30,25.9,95,978.6,100,2.5,3.8,11.2,0.0,0.0,0.0,3,247,1,0,0,0.0,0.15,73.64
2024-09-03 04:00:00+05:30,25.7,97,978.7,97,2.3,4.1,6.1,0.0,0.0,0.0,4,247,1,0,0,0.0,0.17,72.59
2024-09-03 05:00:00+05:30,25.5,98,978.8,100,2.2,4.0,4.7,0.0,0.0,0.0,5,247,1,0,0,0.0,0.08,71.65
2024-09-03 06:00:00+05:30,26.9,88,979.6,78,6.2,12.3,10.4,0.0,0.0,0.0,6,247,1,0,0,0.0,22.97,79.99
2024-09-03 07:00:00+05:30,27.6,85,980.2,90,8.3,14.9,14.8,110.6,48.0,116.6,7,247,1,0,0,13.17,50.0,125.26
2024-09-03 08:00:00+05:30,28.6,80,980.7,100,8.6,11.2,18.7,208.0,135.0,273.2,8,247,1,0,0,45.38,30.03,133.67
2024-09-03 09:00:00+05:30,29.8,76,980.8,100,11.2,14.2,24.8,339.6,204.0,462.5,9,247,1,1,0,85.34,50.0,224.91
2024-09-03 10:00:00+05:30,30.7,74,981.2,100,8.5,10.6,27.0,415.9,235.0,595.0,10,247,1,1,0,115.7,26.67,234.02
2024-09-03 11:00:00+05:30,31.2,72,981.0,100,6.0,7.3,23.8,371.2,311.0,663.5,11,247,1,1,0,132.65,8.43,239.31
2024-09-03 12:00:00+05:30,31.5,72,980.5,99,5.4,6.2,22.3,413.2,309.0,704.2,12,247,1,1,0,145.16,5.28,242.56
2024-09-03 13:00:00+05:30,31.7,71,979.3,100,4.8,5.6,21.2,323.8,315.0,608.1,13,247,1,1,0,129.91,3.57,208.76
2024-09-03 14:00:00+05:30,31.6,70,977.7,100,4.3,5.2,19.8,182.9,367.0,501.6,14,247,1,1,0,110.29,2.53,243.66
2024-09-03 15:00:00+05:30,27.5,84,978.5,100,7.7,9.8,19.4,19.3,191.0,186.9,15,247,1,1,0,44.38,20.5,204.47
2024-09-03 16:00:00+05:30,26.9,88,978.5,100,6.5,8.2,16.6,0.0,56.0,47.6,16,247,1,1,0,12.22,11.83,199.99
2024-09-03 17:00:00+05:30,26.5,90,978.8,100,5.2,7.0,18.4,2.4,81.0,61.0,17,247,1,1,0,17.85,6.42,197.26
2024-09-03 18:00:00+05:30,25.9,93,980.0,100,9.1,12.2,22.0,0.0,25.0,10.5,18,247,1,0,1,5.46,37.9,168.64
2024-09-03 19:00:00+05:30,25.7,94,979.7,100,9.3,14.9,23.8,0.0,2.0,0.0,19,247,1,0,1,0.0,50.0,167.59
2024-09-03 20:00:00+05:30,25.8,95,980.7,100,7.2,13.3,15.5,0.0,0.0,0.0,20,247,1,0,1,0.0,32.33,168.11
2024-09-03 21:00:00+05:30,25.9,95,981.4,100,6.6,11.9,11.9,0.0,0.0,0.0,21,247,1,0,1,0.0,23.68,168.64
2024-09-03 22:00:00+05:30,25.8,96,981.9,100,3.6,7.6,10.8,0.0,0.0,0.0,22,247,1,0,1,0.0,4.37,168.11
2024-09-03 23:00:00+05:30,25.5,93,981.4,99,7.0,12.8,11.9,0.0,0.0,0.0,23,247,1,0,1,0.0,29.17,166.65
2024-09-04 00:00:00+05:30,25.4,94,980.0,100,6.2,10.5,11.5,0.0,0.0,0.0,0,248,2,0,0,0.0,17.44,71.22
2024-09-04 01:00:00+05:30,25.1,96,980.0,100,5.2,9.8,10.8,0.0,0.0,0.0,1,248,2,0,0,0.0,12.11,70.19
2024-09-04 02:00:00+05:30,25.0,97,979.7,99,7.1,13.8,16.2,0.0,0.0,0.0,2,248,2,0,0,0.0,33.91,70.0
2024-09-04 03:00:00+05:30,24.9,98,979.0,100,5.7,8.6,11.2,0.0,0.0,0.0,3,248,2,0,0,0.0,10.83,70.0
2024-09-04 04:00:00+05:30,24.7,96,979.4,100,6.0,10.7,15.5,0.0,0.0,0.0,4,248,2,0,0,0.0,17.28,70.0
2024-09-04 05:00:00+05:30,24.7,96,979.7,100,3.9,7.1,8.6,0.0,0.0,0.0,5,248,2,0,0,0.0,4.31,70.0
2024-09-04 06:00:00+05:30,24.8,95,979.9,100,4.1,5.4,11.9,0.0,0.0,0.0,6,248,2,0,0,0.0,2.6,70.0
2024-09-04 07:00:00+05:30,25.1,93,979.9,100,3.6,4.6,8.3,0.0,19.0,34.2,7,248,2,0,0,4.24,1.37,110.19
2024-09-04 08:00:00+05:30,25.7,91,980.3,100,3.6,4.3,10.4,10.8,82.0,110.9,8,248,2,0,0,18.9,1.13,112.59
2024-09-04 09:00:00+05:30,26.2,87,980.6,100,4.1,4.9,12.6,5.2,137.0,162.3,9,248,2,1,0,30.49,2.07,195.37
2024-09-04 10:00:00+05:30,26.7,84,980.7,100,3.4,3.9,11.9,4.0,204.0,226.4,10,248,2,1,0,44.6,0.71,198.6
2024-09-04 11:00:00+05:30,27.2,81,980.3,100,4.8,5.9,12.6,1.2,234.0,246.7,11,248,2,1,0,50.31,4.05,202.18
2024-09-04 12:00:00+05:30,27.8,78,979.7,100,7.6,9.1,17.3,25.8,312.0,340.9,12,248,2,1,0,71.36,17.65,206.86
2024-09-04 13:00:00+05:30,29.0,77,978.6,100,8.2,9.8,20.2,361.9,322.0,649.2,13,248,2,1,0,140.01,22.2,181.29
2024-09-04 14:00:00+05:30,28.9,77,977.3,99,9.5,11.1,21.2,189.1,307.0,449.3,14,248,2,1,0,101.18,33.6,216.37
2024-09-04 15:00:00+05:30,29.0,76,976.4,100,9.7,12.1,21.6,226.3,286.0,418.0,15,248,2,1,0,98.4,40.09,217.29
2024-09-04 16:00:00+05:30,28.6,76,976.5,100,7.2,9.1,20.9,73.3,198.0,206.1,16,248,2,1,0,52.24,16.31,213.67
2024-09-04 17:00:00+05:30,28.0,78,976.5,100,6.3,8.5,15.1,19.2,89.0,71.8,17,248,2,1,0,21.0,12.03,208.51
2024-09-04 18:00:00+05:30,25.4,92,977.4,100,5.6,7.5,9.0,10.3,21.0,9.4,18,248,2,0,1,4.98,8.16,166.22
2024-09-04 19:00:00+05:30,24.9,95,977.7,100,4.8,5.6,10.1,0.0,1.0,0.0,19,248,2,0,1,0.0,3.65,165.0
2024-09-04 20:00:00+05:30,24.6,97,978.3,100,5.1,6.2,9.0,0.0,0.0,0.0,20,248,2,0,1,0.0,4.94,165.0
2024-09-04 21:00:00+05:30,24.5,98,978.8,100,4.3,6.5,8.6,0.0,0.0,0.0,21,248,2,0,1,0.0,4.19,165.0
2024-09-04 22:00:00+05:30,24.3,98,978.8,99,7.0,12.4,11.9,0.0,0.0,0.0,22,248,2,0,1,0.0,27.63,165.0
2024-09-04 23:00:00+05:30,24.1,96,978.4,87,6.0,11.8,11.5,0.0,0.0,0.0,23,248,2,0,1,0.0,20.59,165.0
2024-09-05 00:00:00+05:30,23.9,97,977.7,84,5.6,12.6,10.4,0.0,0.0,0.0,0,249,3,0,0,0.0,21.07,70.0
2024-09-05 01:00:00+05:30,23.8,98,977.2,70,4.6,11.5,9.4,0.0,0.0,0.0,1,249,3,0,0,0.0,13.69,70.0
2024-09-05 02:00:00+05:30,23.7,98,976.8,77,4.9,12.0,8.6,0.0,0.0,0.0,2,249,3,0,0,0.0,16.12,70.0
2024-09-05 03:00:00+05:30,23.7,99,976.9,99,5.1,11.8,8.6,0.0,0.0,0.0,3,249,3,0,0,0.0,16.52,70.0
2024-09-05 04:00:00+05:30,23.9,98,976.8,98,6.4,10.9,11.5,0.0,0.0,0.0,4,249,3,0,0,0.0,19.49,70.0
2024-09-05 05:00:00+05:30,24.0,98,977.0,61,6.8,10.2,12.2,0.0,0.0,0.0,5,249,3,0,0,0.0,18.8,70.0
2024-09-05 06:00:00+05:30,23.9,98,977.4,14,4.7,11.5,11.9,0.0,0.0,0.0,6,249,3,0,0,0.0,14.1,70.0
2024-09-05 07:00:00+05:30,24.6,93,978.1,33,5.4,7.6,11.5,105.1,45.0,110.5,7,249,3,0,0,12.61,7.97,110.0
2024-09-05 08:00:00+05:30,25.9,86,978.7,62,5.8,6.8,14.4,283.0,124.0,294.3,8,249,3,0,0,49.58,7.13,113.64
2024-09-05 09:00:00+05:30,27.4,79,979.1,100,5.9,7.0,15.8,348.2,190.0,451.1,9,249,3,1,0,84.65,7.69,203.69
2024-09-05 10:00:00+05:30,28.6,72,979.2,88,5.7,6.7,16.2,396.0,236.0,578.7,10,249,3,1,0,114.08,6.7,213.67
2024-09-05 11:00:00+05:30,29.6,68,978.8,56,5.0,6.1,16.6,517.7,245.0,725.4,11,249,3,1,0,147.17,4.57,222.96
2024-09-05 12:00:00+05:30,30.4,66,977.8,45,3.9,4.6,16.9,447.3,286.0,711.2,12,249,3,1,0,148.18,1.58,230.92
2024-09-05 13:00:00+05:30,30.9,66,976.9,19,2.3,2.6,16.2,493.4,270.0,717.7,13,249,3,1,0,154.11,0.0,200.12
2024-09-05 14:00:00+05:30,31.4,65,975.8,29,2.2,2.5,15.5,603.0,226.0,717.3,14,249,3,1,0,159.34,0.0,241.47
2024-09-05 15:00:00+05:30,31.4,63,975.1,39,2.6,3.1,15.1,531.0,223.0,572.7,15,249,3,1,0,133.91,0.0,241.47
2024-09-05 16:00:00+05:30,31.3,64,974.7,51,3.8,4.8,15.5,437.1,182.0,380.3,16,249,3,1,0,96.02,1.67,240.39
2024-09-05 17:00:00+05:30,30.9,66,974.6,82,4.5,5.2,15.8,331.6,126.0,194.1,17,249,3,1,0,56.07,2.73,236.12
2024-09-05 18:00:00+05:30,29.4,74,975.5,12,3.7,6.5,6.5,157.3,64.0,37.0,18,249,3,0,1,19.33,3.23,196.04
2024-09-05 19:00:00+05:30,28.1,79,975.9,6,6.1,12.3,9.4,0.0,4.0,0.0,19,249,3,0,1,0.0,22.3,184.35
2024-09-05 20:00:00+05:30,27.6,81,976.9,7,6.9,15.4,10.8,0.0,0.0,0.0,20,249,3,0,1,0.0,39.08,180.26
2024-09-05 21:00:00+05:30,27.2,83,977.4,11,7.4,15.9,11.9,0.0,0.0,0.0,21,249,3,0,1,0.0,45.39,177.18
2024-09-05 22:00:00+05:30,26.8,86,977.8,51,7.4,16.8,13.0,0.0,0.0,0.0,22,249,3,0,1,0.0,50.0,174.29
2024-09-05 23:00:00+05:30,26.5,88,977.8,87,7.7,16.9,11.5,0.0,0.0,0.0,23,249,3,0,1,0.0,50.0,172.26
2024-09-06 00:00:00+05:30,26.2,91,977.7,41,10.1,19.7,16.2,0.0,0.0,0.0,0,250,4,0,0,0.0,50.0,75.37
2024-09-06 01:00:00+05:30,25.8,96,977.6,34,12.6,21.1,20.2,0.0,0.0,0.0,1,250,4,0,0,0.0,50.0,73.11
2024-09-06 02:00:00+05:30,25.3,99,977.0,83,11.5,20.2,20.2,0.0,0.0,0.0,2,250,4,0,0,0.0,50.0,70.83
2024-09-06 03:00:00+05:30,25.1,99,977.0,96,11.2,19.6,19.8,0.0,0.0,0.0,3,250,4,0,0,0.0,50.0,70.19
2024-09-06 04:00:00+05:30,24.6,100,977.4,100,6.8,9.3,17.6,0.0,0.0,0.0,4,250,4,0,0,0.0,15.91,70.0
2024-09-06 05:00:00+05:30,24.6,99,977.6,100,8.4,13.5,14.0,0.0,0.0,0.0,5,250,4,0,0,0.0,40.74,70.0
2024-09-06 06:00:00+05:30,25.1,95,978.2,100,12.9,18.2,24.1,0.0,0.0,0.0,6,250,4,0,0,0.0,50.0,70.19
2024-09-06 07:00:00+05:30,25.2,96,979.0,100,11.4,14.5,22.3,19.8,24.0,49.2,7,250,4,0,0,5.85,50.0,110.48
2024-09-06 08:00:00+05:30,25.6,94,979.5,100,10.1,12.9,23.0,0.0,97.0,125.3,8,250,4,0,0,21.29,50.0,112.11
2024-09-06 09:00:00+05:30,24.7,92,980.5,100,8.4,9.4,20.2,3.5,122.0,143.8,9,250,4,1,0,27.21,21.75,190.0
2024-09-06 10:00:00+05:30,23.5,97,980.8,100,10.0,10.6,23.0,55.5,244.0,311.8,10,250,4,1,0,62.4,37.44,190.0
2024-09-06 11:00:00+05:30,23.8,94,980.6,100,9.2,12.2,20.5,91.9,215.0,308.6,11,250,4,1,0,65.13,38.75,190.0
2024-09-06 12:00:00+05:30,26.9,82,980.0,65,2.6,2.6,20.2,155.5,332.0,482.8,12,250,4,1,0,102.27,0.0,199.99
2024-09-06 13:00:00+05:30,27.5,79,979.5,92,6.6,8.1,17.6,259.7,346.0,577.2,13,250,4,1,0,125.63,11.8,168.47
2024-09-06 14:00:00+05:30,28.7,77,978.0,57,10.4,12.6,21.6,362.2,271.0,557.9,14,250,4,1,0,126.58,50.0,214.57
2024-09-06 15:00:00+05:30,29.0,76,977.1,22,7.0,8.5,24.8,389.8,243.0,490.8,15,250,4,1,0,116.66,13.87,217.29
2024-09-06 16:00:00+05:30,29.3,75,976.9,30,10.8,13.3,21.6,400.1,181.0,358.7,16,250,4,1,0,91.8,50.0,220.09
2024-09-06 17:00:00+05:30,28.9,77,977.0,62,12.4,16.0,22.7,342.0,126.0,195.6,17,250,4,1,0,57.34,50.0,216.37
2024-09-06 18:00:00+05:30,25.8,96,978.3,100,8.3,11.2,20.2,0.0,2.0,0.8,18,250,4,0,1,0.44,28.84,168.11
2024-09-06 19:00:00+05:30,25.5,96,978.6,100,6.0,8.1,16.6,0.0,0.0,0.0,19,250,4,0,1,0.0,10.39,166.65
2024-09-06 20:00:00+05:30,25.2,97,979.4,100,6.1,9.2,10.4,0.0,0.0,0.0,20,250,4,0,1,0.0,13.44,165.48
2024-09-06 21:00:00+05:30,25.1,99,980.0,100,7.1,14.2,11.2,0.0,0.0,0.0,21,250,4,0,1,0.0,35.64,165.19
2024-09-06 22:00:00+05:30,25.1,98,980.3,100,8.7,17.2,13.3,0.0,0.0,0.0,22,250,4,0,1,0.0,50.0,165.19
2024-09-06 23:00:00+05:30,25.1,96,980.3,99,9.4,17.8,15.8,0.0,0.0,0.0,23,250,4,0,1,0.0,50.0,165.19
2024-09-07 00:00:00+05:30,25.0,96,979.7,100,8.9,16.9,15.5,0.0,0.0,0.0,0,251,5,0,0,0.0,50.0,70.0
2024-09-07 01:00:00+05:30,24.9,97,979.1,98,8.8,16.8,15.1,0.0,0.0,0.0,1,251,5,0,0,0.0,50.0,70.0
2024-09-07 02:00:00+05:30,24.8,97,978.8,90,7.1,14.2,14.4,0.0,0.0,0.0,2,251,5,0,0,0.0,35.63,70.0
2024-09-07 03:00:00+05:30,24.6,97,978.7,76,5.8,12.9,11.9,0.0,0.0,0.0,3,251,5,0,0,0.0,23.0,70.0
2024-09-07 04:00:00+05:30,24.4,97,979.0,25,6.8,14.1,10.8,0.0,0.0,0.0,4,251,5,0,0,0.0,33.29,70.0
2024-09-07 05:00:00+05:30,24.4,97,979.5,65,6.8,14.1,11.9,0.0,0.0,0.0,5,251,5,0,0,0.0,33.3,70.0
2024-09-07 06:00:00+05:30,24.3,98,979.7,29,2.5,6.6,10.8,0.0,0.0,0.0,6,251,5,0,0,0.0,1.72,70.0
2024-09-07 07:00:00+05:30,25.2,94,980.3,72,6.1,6.6,11.5,92.8,43.0,104.3,7,251,5,0,0,11.9,7.79,110.48
2024-09-07 08:00:00+05:30,26.6,87,980.9,61,9.0,11.2,18.7,266.1,126.0,288.4,8,251,5,0,0,48.73,32.12,117.92
2024-09-07 09:00:00+05:30,28.3,78,981.3,51,7.6,9.1,18.7,337.7,207.0,463.0,9,251,5,0,0,86.66,17.65,151.05
2024-09-07 10:00:00+05:30,29.3,76,981.7,45,5.8,7.1,22.0,261.9,274.0,510.9,10,251,5,0,0,100.32,7.67,160.09
2024-09-07 11:00:00+05:30,30.5,73,981.3,49,5.5,6.4,21.6,537.3,250.0,746.3,11,251,5,0,0,151.09,5.8,171.95
2024-09-07 12:00:00+05:30,31.0,68,980.4,100,7.3,8.7,20.5,338.8,269.0,590.3,12,251,5,0,0,124.44,15.27,177.18
2024-09-07 13:00:00+05:30,30.9,69,979.7,98,5.6,6.6,19.4,165.7,316.0,461.2,13,251,5,0,0,99.77,6.3,158.12
2024-09-07 14:00:00+05:30,31.4,67,978.6,100,5.0,6.0,17.6,248.0,329.0,516.9,14,251,5,0,0,115.2,4.39,181.47
2024-09-07 15:00:00+05:30,31.1,71,978.0,100,9.4,10.9,20.9,434.5,216.0,495.9,15,251,5,0,0,117.64,31.88,178.24
2024-09-07 16:00:00+05:30,27.8,82,978.1,58,16.4,20.8,33.5,299.7,161.0,288.9,16,251,5,0,0,75.19,50.0,146.86
2024-09-07 17:00:00+05:30,27.3,83,978.2,59,14.6,22.8,33.8,226.8,130.0,162.6,17,251,5,0,0,48.32,50.0,142.93
2024-09-07 18:00:00+05:30,29.0,80,978.6,75,6.7,13.0,16.6,98.6,57.0,27.4,18,251,5,0,1,15.72,27.87,192.29
2024-09-07 19:00:00+05:30,25.9,93,979.7,100,10.9,18.4,22.0,0.0,2.0,0.0,19,251,5,0,1,0.0,50.0,168.64
2024-09-07 20:00:00+05:30,26.2,90,979.9,100,10.0,18.1,18.0,0.0,0.0,0.0,20,251,5,0,1,0.0,50.0,170.37
2024-09-07 21:00:00+05:30,26.2,90,980.7,100,10.5,19.8,17.6,0.0,0.0,0.0,21,251,5,0,1,0.0,50.0,170.37
2024-09-07 22:00:00+05:30,26.0,93,981.1,100,9.4,17.9,16.6,0.0,0.0,0.0,22,251,5,0,1,0.0,50.0,169.2
2024-09-07 23:00:00+05:30,25.6,95,980.8,100,8.7,17.8,15.1,0.0,0.0,0.0,23,251,5,0,1,0.0,50.0,167.11
2024-09-08 00:00:00+05:30,25.5,95,980.6,100,10.9,20.8,17.3,0.0,0.0,0.0,0,252,6,0,0,0.0,50.0,71.65
2024-09-08 01:00:00+05:30,25.3,96,980.4,100,11.6,21.5,19.1,0.0,0.0,0.0,1,252,6,0,0,0.0,50.0,70.83
2024-09-08 02:00:00+05:30,25.0,97,980.2,95,10.8,20.3,19.1,0.0,0.0,0.0,2,252,6,0,0,0.0,50.0,70.0
2024-09-08 03:00:00+05:30,24.7,97,979.9,53,10.2,19.5,18.0,0.0,0.0,0.0,3,252,6,0,0,0.0,50.0,70.0
2024-09-08 04:00:00+05:30,24.5,96,980.0,15,9.5,18.5,16.9,0.0,0.0,0.0,4,252,6,0,0,0.0,50.0,70.0
2024-09-08 05:00:00+05:30,24.3,97,980.1,9,9.0,17.9,15.8,0.0,0.0,0.0,5,252,6,0,0,0.0,50.0,70.0
2024-09-08 06:00:00+05:30,24.5,96,980.5,48,9.7,18.4,19.4,0.0,0.0,0.0,6,252,6,0,0,0.0,50.0,70.0
2024-09-08 07:00:00+05:30,25.4,92,981.0,46,10.0,14.5,18.4,119.9,46.0,117.7,7,252,6,0,0,13.28,50.0,111.22
2024-09-08 08:00:00+05:30,27.0,86,981.7,54,10.1,13.0,20.5,291.9,122.0,295.1,8,252,6,0,0,49.95,50.0,120.71
2024-09-08 09:00:00+05:30,28.3,82,982.1,12,9.5,11.9,20.5,354.4,174.0,435.3,9,252,6,0,0,82.26,38.19,91.05
2024-09-08 10:00:00+05:30,30.0,75,981.9,18,11.1,14.0,28.4,567.1,197.0,671.8,10,252,6,0,0,132.53,50.0,106.89
2024-09-08 11:00:00+05:30,30.9,75,981.5,19,10.7,13.0,27.7,467.2,241.0,672.8,11,252,6,0,0,137.25,50.0,116.12
2024-09-08 12:00:00+05:30,32.0,71,980.8,100,10.1,12.6,28.8,607.6,223.0,794.0,12,252,6,0,0,165.41,45.13,128.09
2024-09-08 13:00:00+05:30,32.0,69,979.8,99,10.2,12.5,27.0,306.3,275.0,548.5,13,252,6,0,0,119.18,45.04,128.09
2024-09-08 14:00:00+05:30,32.4,66,978.7,37,11.5,14.0,26.3,277.4,296.0,509.2,14,252,6,0,0,113.93,50.0,132.62
2024-09-08 15:00:00+05:30,30.2,72,978.4,66,17.9,22.3,31.3,350.9,209.0,430.4,15,252,6,0,0,103.32,50.0,108.89
2024-09-08 16:00:00+05:30,29.7,76,977.8,20,6.6,8.0,34.2,291.5,187.0,305.4,16,252,6,0,0,78.66,11.43,103.93
2024-09-08 17:00:00+05:30,29.7,76,977.7,16,5.9,6.3,15.5,238.9,124.0,160.5,17,252,6,0,0,47.63,6.85,103.93
2024-09-08 18:00:00+05:30,30.6,68,978.1,4,7.6,16.4,16.9,168.0,58.0,30.9,18,252,6,0,1,18.19,50.0,207.98
2024-09-08 19:00:00+05:30,29.4,73,978.4,6,6.3,14.8,12.2,0.0,3.0,0.0,19,252,6,0,1,0.0,32.17,196.04
2024-09-08 20:00:00+05:30,28.8,77,978.9,6,7.6,14.6,12.2,0.0,0.0,0.0,20,252,6,0,1,0.0,40.39,190.47
2024-09-08 21:00:00+05:30,27.7,88,979.4,6,8.8,16.9,14.0,0.0,0.0,0.0,21,252,6,0,1,0.0,50.0,181.05
2024-09-08 22:00:00+05:30,27.0,94,979.6,3,9.4,18.5,14.4,0.0,0.0,0.0,22,252,6,0,1,0.0,50.0,175.71
2024-09-08 23:00:00+05:30,26.7,94,979.3,0,9.3,19.1,14.4,0.0,0.0,0.0,23,252,6,0,1,0.0,50.0,173.6
2024-09-09 00:00:00+05:30,26.3,93,979.1,0,11.5,22.4,18.4,0.0,0.0,0.0,0,253,0,0,0,0.0,50.0,75.99
2024-09-09 01:00:00+05:30,26.1,93,978.5,0,13.7,25.2,22.0,0.0,0.0,0.0,1,253,0,0,0,0.0,50.0,74.78
2024-09-09 02:00:00+05:30,26.0,93,978.4,0,13.1,24.6,22.3,0.0,0.0,0.0,2,253,0,0,0,0.0,50.0,74.2
2024-09-09 03:00:00+05:30,25.8,95,978.3,0,11.6,22.0,21.2,0.0,0.0,0.0,3,253,0,0,0,0.0,50.0,73.11
2024-09-09 04:00:00+05:30,25.5,96,978.3,2,11.2,20.9,19.1,0.0,0.0,0.0,4,253,0,0,0,0.0,50.0,71.65
2024-09-09 05:00:00+05:30,25.4,97,978.4,8,11.9,21.6,19.1,0.0,0.0,0.0,5,253,0,0,0,0.0,50.0,71.22
2024-09-09 06:00:00+05:30,25.7,93,978.9,35,12.8,21.3,23.4,0.0,0.0,0.0,6,253,0,0,0,0.0,50.0,72.59
2024-09-09 07:00:00+05:30,26.3,90,979.4,40,10.2,13.9,20.5,80.3,39.0,94.3,7,253,0,0,0,10.72,50.0,115.99
2024-09-09 08:00:00+05:30,26.9,88,979.8,40,9.0,11.5,18.7,232.3,111.0,252.6,8,253,0,0,0,43.01,33.57,119.99
2024-09-09 09:00:00+05:30,28.1,83,980.1,22,9.4,11.6,19.4,316.5,175.0,411.0,9,253,0,1,0,77.94,35.97,209.35
2024-09-09 10:00:00+05:30,30.1,74,979.9,23,10.7,13.4,25.9,464.8,205.0,597.4,10,253,0,1,0,118.56,50.0,227.89
2024-09-09 11:00:00+05:30,31.1,73,979.6,18,11.3,13.7,27.0,554.8,245.0,754.7,11,253,0,1,0,153.02,50.0,238.24
2024-09-09 12:00:00+05:30,31.7,72,978.8,16,12.0,14.7,29.2,566.6,230.0,761.5,12,253,0,1,0,159.55,50.0,244.76
2024-09-09 13:00:00+05:30,32.2,69,977.7,43,10.8,13.0,29.2,584.0,248.0,772.9,13,253,0,1,0,166.01,50.0,214.35
2024-09-09 14:00:00+05:30,31.8,70,976.7,80,9.9,12.0,26.3,330.1,263.0,520.3,14,253,0,1,0,117.66,40.24,245.86
2024-09-09 15:00:00+05:30,32.4,67,975.8,62,11.5,14.2,28.1,559.6,197.0,561.2,15,253,0,1,0,132.85,50.0,252.62
2024-09-09 16:00:00+05:30,32.2,68,975.2,62,12.0,14.6,28.8,444.0,170.0,366.4,16,253,0,1,0,93.95,50.0,250.35
2024-09-09 17:00:00+05:30,31.0,73,975.0,76,1.6,2.7,28.8,319.1,122.0,180.9,17,253,0,1,0,53.83,0.0,237.18
2024-09-09 18:00:00+05:30,30.7,65,975.9,29,7.0,15.7,15.5,148.9,57.0,27.8,18,253,0,0,1,17.26,40.72,209.02
2024-09-09 19:00:00+05:30,29.9,66,976.2,19,6.5,14.8,11.5,0.0,2.0,0.0,19,253,0,0,1,0.0,33.41,200.89
2024-09-09 20:00:00+05:30,29.0,72,976.9,2,5.7,12.2,10.1,0.0,0.0,0.0,20,253,0,0,1,0.0,20.02,192.29
2024-09-09 21:00:00+05:30,28.1,76,977.3,3,6.6,13.8,10.1,0.0,0.0,0.0,21,253,0,0,1,0.0,30.38,184.35
2024-09-09 22:00:00+05:30,27.4,78,977.4,5,6.9,14.0,11.2,0.0,0.0,0.0,22,253,0,0,1,0.0,33.13,178.69
2024-09-09 23:00:00+05:30,26.6,87,977.1,2,8.0,15.2,12.2,0.0,0.0,0.0,23,253,0,0,1,0.0,50.0,172.92
2024-09-10 00:00:00+05:30,26.2,92,977.0,0,7.9,16.1,14.8,0.0,0.0,0.0,0,254,1,0,0,0.0,50.0,75.37
2024-09-10 01:00:00+05:30,25.8,92,976.5,1,8.5,16.7,13.7,0.0,0.0,0.0,1,254,1,0,0,0.0,50.0,73.11
2024-09-10 02:00:00+05:30,25.4,92,975.9,0,8.2,16.9,13.7,0.0,0.0,0.0,2,254,1,0,0,0.0,50.0,71.22
2024-09-10 03:00:00+05:30,25.3,93,975.7,0,8.9,17.9,14.0,0.0,0.0,0.0,3,254,1,0,0,0.0,50.0,70.83
2024-09-10 04:00:00+05:30,25.3,95,976.0,0,9.4,18.3,15.1,0.0,0.0,0.0,4,254,1,0,0,0.0,50.0,70.83
2024-09-10 05:00:00+05:30,25.3,97,976.6,0,8.4,17.2,14.8,0.0,0.0,0.0,5,254,1,0,0,0.0,50.0,70.83
2024-09-10 06:00:00+05:30,25.6,94,977.5,25,4.7,5.2,7.6,0.0,0.0,0.0,6,254,1,0,0,0.0,3.09,72.11
2024-09-10 07:00:00+05:30,26.2,92,978.2,38,5.1,6.7,11.5,107.6,45.0,113.4,7,254,1,0,0,12.78,5.73,115.37
2024-09-10 08:00:00+05:30,27.5,87,978.7,100,4.6,5.2,12.6,261.0,121.0,278.8,8,254,1,0,0,47.38,2.88,124.47
2024-09-10 09:00:00+05:30,29.0,81,979.3,100,4.3,5.1,17.6,308.5,196.0,429.7,9,254,1,1,0,80.96,2.45,217.29
2024-09-10 10:00:00+05:30,29.7,78,979.3,91,3.4,3.7,19.1,318.3,270.0,550.4,10,254,1,1,0,108.47,0.64,223.93
2024-09-10 11:00:00+05:30,30.7,72,978.7,40,3.1,3.1,19.1,337.8,309.0,626.6,11,254,1,1,0,127.24,0.28,234.02
2024-09-10 12:00:00+05:30,31.5,69,978.1,42,2.7,3.1,19.4,575.6,222.0,760.3,12,254,1,1,0,160.0,0.0,242.56
2024-09-10 13:00:00+05:30,31.9,67,977.3,54,3.6,4.0,19.4,535.7,245.0,724.7,13,254,1,1,0,156.99,0.91,210.98
2024-09-10 14:00:00+05:30,32.0,66,976.0,99,4.3,4.7,18.0,361.2,310.0,589.1,14,254,1,1,0,131.8,2.12,248.09
2024-09-10 15:00:00+05:30,31.7,69,975.3,73,5.0,5.8,18.0,241.2,261.0,400.0,15,254,1,1,0,94.82,4.08,244.76
2024-09-10 16:00:00+05:30,30.3,76,974.8,59,12.3,14.7,21.6,160.1,181.0,232.2,16,254,1,1,0,59.92,50.0,229.9
2024-09-10 17:00:00+05:30,27.8,83,974.8,41,15.1,22.1,31.3,129.4,98.0,107.8,17,254,1,1,0,32.76,50.0,206.86
2024-09-10 18:00:00+05:30,30.0,74,975.6,60,8.4,16.3,17.3,152.5,55.0,25.8,18,254,1,0,1,16.96,50.0,201.89
2024-09-10 19:00:00+05:30,29.0,80,976.5,32,5.4,13.0,13.3,0.0,2.0,0.0,19,254,1,0,1,0.0,20.83,192.29
2024-09-10 20:00:00+05:30,28.6,83,977.0,36,7.1,14.7,11.2,0.0,0.0,0.0,20,254,1,0,1,0.0,37.3,188.67
2024-09-10 21:00:00+05:30,28.3,84,977.7,14,7.8,16.1,12.6,0.0,0.0,0.0,21,254,1,0,1,0.0,50.0,186.05
2024-09-10 22:00:00+05:30,28.0,84,977.5,10,8.5,17.4,13.0,0.0,0.0,0.0,22,254,1,0,1,0.0,50.0,183.51
2024-09-10 23:00:00+05:30,27.8,85,977.0,35,9.8,20.2,15.1,0.0,0.0,0.0,23,254,1,0,1,0.0,50.0,181.86
2024-09-11 00:00:00+05:30,27.7,84,976.2,30,14.2,26.7,22.7,0.0,0.0,0.0,0,255,2,0,0,0.0,50.0,86.05
2024-09-11 01:00:00+05:30,27.4,85,975.8,10,16.0,28.6,25.6,0.0,0.0,0.0,1,255,2,0,0,0.0,50.0,83.69
2024-09-11 02:00:00+05:30,26.9,88,975.9,0,13.7,25.3,25.6,0.0,0.0,0.0,2,255,2,0,0,0.0,50.0,79.99
2024-09-11 03:00:00+05:30,26.5,90,975.7,15,11.2,21.5,22.0,0.0,0.0,0.0,3,255,2,0,0,0.0,50.0,77.26
2024-09-11 04:00:00+05:30,26.2,91,975.9,90,10.0,19.5,18.0,0.0,0.0,0.0,4,255,2,0,0,0.0,50.0,75.37
2024-09-11 05:00:00+05:30,25.9,93,976.7,100,6.8,14.9,15.5,0.0,0.0,0.0,5,255,2,0,0,0.0,36.38,73.64
2024-09-11 06:00:00+05:30,26.0,94,977.3,95,6.9,13.5,12.6,0.0,0.0,0.0,6,255,2,0,0,0.0,31.23,74.2
2024-09-11 07:00:00+05:30,26.5,91,977.9,98,7.3,13.0,13.7,94.6,44.0,108.4,7,255,2,0,0,12.25,31.48,117.26
2024-09-11 08:00:00+05:30,27.7,86,978.7,100,9.4,12.5,19.4,326.2,114.0,299.8,8,255,2,0,0,51.18,40.97,126.05
2024-09-11 09:00:00+05:30,29.0,79,979.2,44,9.4,11.5,21.2,453.3,172.0,496.1,9,255,2,1,0,94.11,35.3,217.29
2024-09-11 10:00:00+05:30,30.3,74,979.2,8,9.9,11.7,25.6,488.9,226.0,638.0,10,255,2,1,0,126.31,38.79,229.9
2024-09-11 11:00:00+05:30,31.3,70,978.7,27,11.3,14.1,26.6,625.5,203.0,771.4,11,255,2,1,0,157.68,50.0,240.39
2024-09-11 12:00:00+05:30,32.0,69,978.1,14,9.0,10.9,26.6,589.0,237.0,786.6,12,255,2,1,0,164.74,30.0,248.09
2024-09-11 13:00:00+05:30,32.4,67,977.1,41,8.4,9.9,23.8,600.3,229.0,765.7,13,255,2,1,0,165.58,23.05,216.62
2024-09-11 14:00:00+05:30,32.5,67,976.0,31,11.2,13.4,25.6,503.7,266.0,662.6,14,255,2,1,0,148.57,50.0,253.76
2024-09-11 15:00:00+05:30,32.9,62,975.0,21,13.2,16.9,28.1,540.5,180.0,528.8,15,255,2,1,0,126.44,50.0,258.4
2024-09-11 16:00:00+05:30,33.5,54,974.9,6,9.4,12.2,25.6,457.9,156.0,357.8,16,255,2,1,0,92.34,38.38,265.5
2024-09-11 17:00:00+05:30,32.7,61,975.0,12,11.2,17.6,18.4,374.2,116.0,188.8,17,255,2,1,0,56.75,50.0,256.07
2024-09-11 18:00:00+05:30,31.0,71,975.9,100,4.9,12.3,15.5,114.3,56.0,22.6,18,255,2,0,1,15.77,16.43,212.18
2024-09-11 19:00:00+05:30,29.7,79,976.8,100,4.3,3.8,7.6,0.0,2.0,0.0,19,255,2,0,1,0.0,2.14,198.93
2024-09-11 20:00:00+05:30,29.4,74,977.2,100,8.3,17.1,13.0,0.0,0.0,0.0,20,255,2,0,1,0.0,50.0,196.04
2024-09-11 21:00:00+05:30,28.8,76,977.4,99,6.6,17.3,13.3,0.0,0.0,0.0,21,255,2,0,1,0.0,44.95,190.47
2024-09-11 22:00:00+05:30,28.0,79,977.6,72,10.8,20.5,16.9,0.0,0.0,0.0,22,255,2,0,1,0.0,50.0,183.51
2024-09-11 23:00:00+05:30,27.5,82,977.3,75,13.2,23.9,20.9,0.0,0.0,0.0,23,255,2,0,1,0.0,50.0,179.47
2024-09-12 00:00:00+05:30,27.2,84,976.8,52,17.0,28.6,27.0,0.0,0.0,0.0,0,256,3,0,0,0.0,50.0,82.18
2024-09-12 01:00:00+05:30,26.7,89,976.1,50,19.1,31.4,31.0,0.0,0.0,0.0,1,256,3,0,0,0.0,0.0,78.6
2024-09-12 02:00:00+05:30,26.5,90,975.8,89,19.1,31.6,31.3,0.0,0.0,0.0,2,256,3,0,0,0.0,0.0,77.26
2024-09-12 03:00:00+05:30,26.4,90,976.0,89,17.7,29.8,31.3,0.0,0.0,0.0,3,256,3,0,0,0.0,50.0,76.61
2024-09-12 04:00:00+05:30,26.1,91,976.2,100,16.1,27.0,28.8,0.0,0.0,0.0,4,256,3,0,0,0.0,50.0,74.78
2024-09-12 05:00:00+05:30,25.9,92,976.8,100,17.6,28.8,28.4,0.0,0.0,0.0,5,256,3,0,0,0.0,50.0,73.64
2024-09-12 06:00:00+05:30,25.4,94,977.2,100,18.2,29.8,31.0,0.0,0.0,0.0,6,256,3,0,0,0.0,50.0,71.22
2024-09-12 07:00:00+05:30,26.2,90,978.1,98,20.9,28.5,34.2,129.0,43.0,116.5,7,256,3,0,0,12.99,50.0,115.37
2024-09-12 08:00:00+05:30,27.5,84,978.8,90,24.5,32.9,42.5,336.0,115.0,305.3,8,256,3,0,0,52.33,0.0,124.47
2024-09-12 09:00:00+05:30,28.8,78,979.1,63,25.2,33.0,44.3,424.3,181.0,486.9,9,256,3,1,0,92.53,0.0,215.47
2024-09-12 10:00:00+05:30,30.2,71,979.2,20,23.2,30.7,44.6,476.3,237.0,639.1,10,256,3,1,0,126.61,0.0,228.89
2024-09-12 11:00:00+05:30,31.0,71,978.8,48,22.1,28.9,42.1,561.0,237.0,748.3,11,256,3,1,0,153.05,0.0,237.18
2024-09-12 12:00:00+05:30,31.8,70,978.3,50,22.8,29.6,42.1,690.2,213.0,854.4,12,256,3,1,0,178.8,0.0,245.86
2024-09-12 13:00:00+05:30,32.2,67,977.6,18,23.8,31.0,43.2,574.7,240.0,751.8,13,256,3,1,0,163.04,0.0,214.35
2024-09-12 14:00:00+05:30,32.6,63,976.9,10,22.5,29.5,43.2,577.5,221.0,678.4,14,256,3,1,0,153.26,0.0,254.92
2024-09-12 15:00:00+05:30,32.9,60,976.3,4,22.1,29.1,40.7,585.8,192.0,568.1,15,256,3,1,0,135.48,0.0,258.4
2024-09-12 16:00:00+05:30,32.6,60,975.9,5,22.5,30.8,39.6,520.6,155.0,385.8,16,256,3,1,0,100.23,0.0,254.92
2024-09-12 17:00:00+05:30,31.9,64,976.0,35,20.0,30.1,39.2,378.1,116.0,188.0,17,256,3,1,0,57.16,0.0,246.98
2024-09-12 18:00:00+05:30,29.9,71,977.2,23,18.9,30.2,34.2,135.3,49.0,20.1,18,256,3,0,1,15.02,50.0,200.89
2024-09-12 19:00:00+05:30,29.1,73,977.6,19,21.1,33.6,34.6,0.0,1.0,0.0,19,256,3,0,1,0.0,0.0,193.22
2024-09-12 20:00:00+05:30,28.7,76,978.4,17,19.6,31.3,34.9,0.0,0.0,0.0,20,256,3,0,1,0.0,0.0,189.57
2024-09-12 21:00:00+05:30,28.0,78,978.8,10,18.6,30.8,32.0,0.0,0.0,0.0,21,256,3,0,1,0.0,50.0,183.51
2024-09-12 22:00:00+05:30,27.5,80,978.9,4,21.5,34.2,34.6,0.0,0.0,0.0,22,256,3,0,1,0.0,0.0,179.47
2024-09-12 23:00:00+05:30,27.1,80,978.4,0,23.7,37.4,38.9,0.0,0.0,0.0,23,256,3,0,1,0.0,0.0,176.44
2024-09-13 00:00:00+05:30,26.8,79,977.8,1,24.3,39.0,40.3,0.0,0.0,0.0,0,257,4,0,0,0.0,0.0,79.29
2024-09-13 01:00:00+05:30,26.5,80,977.3,4,23.8,38.2,40.3,0.0,0.0,0.0,1,257,4,0,0,0.0,0.0,77.26
2024-09-13 02:00:00+05:30,26.1,81,977.1,0,22.9,36.9,40.0,0.0,0.0,0.0,2,257,4,0,0,0.0,0.0,74.78
2024-09-13 03:00:00+05:30,25.6,85,977.3,5,20.7,33.1,38.2,0.0,0.0,0.0,3,257,4,0,0,0.0,0.0,72.11
2024-09-13 04:00:00+05:30,25.2,89,977.5,19,22.2,34.7,36.4,0.0,0.0,0.0,4,257,4,0,0,0.0,0.0,70.48
2024-09-13 05:00:00+05:30,24.9,91,977.7,21,23.6,36.5,39.2,0.0,0.0,0.0,5,257,4,0,0,0.0,0.0,70.0
2024-09-13 06:00:00+05:30,24.6,92,978.0,23,24.2,36.7,43.2,0.0,0.0,0.0,6,257,4,0,0,0.0,0.0,70.0
2024-09-13 07:00:00+05:30,24.8,89,978.7,25,22.0,31.2,40.0,122.9,43.0,115.3,7,257,4,0,0,12.94,0.0,110.0
2024-09-13 08:00:00+05:30,25.7,84,979.4,25,25.4,34.4,43.6,295.2,120.0,292.6,8,257,4,0,0,50.55,0.0,112.59
2024-09-13 09:00:00+05:30,27.0,76,979.9,86,27.2,36.4,47.5,438.0,174.0,487.0,9,257,4,1,0,93.65,0.0,200.71
2024-09-13 10:00:00+05:30,28.0,71,980.1,96,27.5,37.0,49.0,278.0,295.0,544.0,10,257,4,1,0,107.91,0.0,208.51
2024-09-13 11:00:00+05:30,28.7,69,979.8,100,26.2,35.1,49.0,197.3,375.0,568.8,11,257,4,1,0,115.46,0.0,214.57
2024-09-13 12:00:00+05:30,29.3,67,979.3,100,25.0,33.1,46.4,205.4,397.0,591.8,12,257,4,1,0,123.64,0.0,220.09
2024-09-13 13:00:00+05:30,30.0,63,978.7,100,25.2,33.6,44.3,194.7,352.0,519.3,13,257,4,1,0,112.85,0.0,190.89
2024-09-13 14:00:00+05:30,30.7,60,978.1,87,25.0,33.1,45.4,298.5,358.0,579.9,14,257,4,1,0,130.06,0.0,234.02
2024-09-13 15:00:00+05:30,30.4,61,977.4,50,23.9,32.3,44.6,224.4,311.0,430.7,15,257,4,1,0,102.14,0.0,230.92
2024-09-13 16:00:00+05:30,30.4,59,976.9,9,23.4,31.3,43.2,312.7,203.0,322.4,16,257,4,1,0,84.03,0.0,230.92
2024-09-13 17:00:00+05:30,29.7,63,976.8,5,20.1,29.5,42.5,327.2,125.0,178.5,17,257,4,1,0,55.06,50.0,223.93
2024-09-13 18:00:00+05:30,28.3,68,978.0,10,12.9,22.5,27.0,130.9,52.0,19.2,18,257,4,0,1,15.55,50.0,186.05
2024-09-13 19:00:00+05:30,27.4,70,978.3,2,12.8,23.5,21.2,0.0,1.0,0.0,19,257,4,0,1,0.0,50.0,178.69
2024-09-13 20:00:00+05:30,26.9,73,978.6,4,13.7,25.5,22.0,0.0,0.0,0.0,20,257,4,0,1,0.0,50.0,174.99
2024-09-13 21:00:00+05:30,26.6,75,979.2,1,16.4,28.4,26.3,0.0,0.0,0.0,21,257,4,0,1,0.0,50.0,172.92
2024-09-13 22:00:00+05:30,26.3,76,979.3,25,16.4,28.9,27.0,0.0,0.0,0.0,22,257,4,0,1,0.0,50.0,170.99
2024-09-13 23:00:00+05:30,26.1,77,979.2,49,16.9,28.7,28.1,0.0,0.0,0.0,23,257,4,0,1,0.0,50.0,169.78
2024-09-14 00:00:00+05:30,25.6,79,978.5,31,16.8,27.9,27.7,0.0,0.0,0.0,0,258,5,0,0,0.0,50.0,72.11
2024-09-14 01:00:00+05:30,25.2,82,978.2,91,16.3,26.9,27.4,0.0,0.0,0.0,1,258,5,0,0,0.0,50.0,70.48
2024-09-14 02:00:00+05:30,25.0,84,978.0,59,15.8,25.8,26.6,0.0,0.0,0.0,2,258,5,0,0,0.0,50.0,70.0
2024-09-14 03:00:00+05:30,24.5,87,978.0,12,14.9,25.4,25.9,0.0,0.0,0.0,3,258,5,0,0,0.0,50.0,70.0
2024-09-14 04:00:00+05:30,24.3,89,978.0,22,14.9,25.6,24.8,0.0,0.0,0.0,4,258,5,0,0,0.0,50.0,70.0
2024-09-14 05:00:00+05:30,24.1,89,978.3,31,16.1,26.5,26.3,0.0,0.0,0.0,5,258,5,0,0,0.0,50.0,70.0
2024-09-14 06:00:00+05:30,24.0,91,978.7,54,15.3,24.5,26.3,0.0,0.0,0.0,6,258,5,0,0,0.0,50.0,70.0
2024-09-14 07:00:00+05:30,24.3,89,979.3,68,16.6,23.0,29.2,89.2,39.0,98.9,7,258,5,0,0,11.2,50.0,110.0
2024-09-14 08:00:00+05:30,25.1,84,979.9,27,16.5,22.4,29.9,155.3,106.0,209.5,8,258,5,0,0,36.28,50.0,110.19
2024-09-14 09:00:00+05:30,26.3,76,980.2,20,17.3,22.7,32.4,346.1,192.0,447.7,9,258,5,0,0,86.15,50.0,135.99
2024-09-14 10:00:00+05:30,27.6,69,980.4,49,20.9,26.8,38.2,578.0,199.0,676.4,10,258,5,0,0,136.76,50.0,145.26
2024-09-14 11:00:00+05:30,28.4,65,980.2,43,21.5,28.1,40.0,393.2,285.0,647.4,11,258,5,0,0,134.2,0.0,151.92
2024-09-14 12:00:00+05:30,29.2,61,979.7,100,22.0,28.4,40.0,351.3,352.0,679.8,12,258,5,0,0,143.38,0.0,159.15
2024-09-14 13:00:00+05:30,29.3,60,979.0,100,21.3,27.7,40.0,148.1,387.0,511.4,13,258,5,0,0,110.6,50.0,142.09
2024-09-14 14:00:00+05:30,29.6,59,978.3,100,19.9,26.0,38.2,187.3,324.0,456.9,14,258,5,0,0,103.79,50.0,162.96
2024-09-14 15:00:00+05:30,29.6,58,977.6,7,19.4,25.1,37.1,237.6,262.0,394.3,15,258,5,0,0,95.13,50.0,162.96
2024-09-14 16:00:00+05:30,29.9,57,977.3,5,17.9,23.8,34.6,494.6,163.0,375.4,16,258,5,0,0,99.42,50.0,165.89
2024-09-14 17:00:00+05:30,29.2,59,977.5,0,15.4,23.6,31.7,354.6,121.0,181.2,17,258,5,0,0,56.59,50.0,159.15
2024-09-14 18:00:00+05:30,26.9,64,978.4,10,7.7,16.3,19.1,151.6,51.0,18.1,18,258,5,0,1,16.06,50.0,174.99
2024-09-14 19:00:00+05:30,26.4,65,978.8,0,7.1,16.5,12.6,0.0,1.0,0.0,19,258,5,0,1,0.0,46.02,171.61
2024-09-14 20:00:00+05:30,25.7,67,979.1,0,7.7,18.1,11.9,0.0,0.0,0.0,20,258,5,0,1,0.0,50.0,167.59
2024-09-14 21:00:00+05:30,24.8,72,979.8,0,5.8,14.7,11.9,0.0,0.0,0.0,21,258,5,0,1,0.0,28.96,165.0
2024-09-14 22:00:00+05:30,24.3,78,980.2,0,6.7,16.2,10.4,0.0,0.0,0.0,22,258,5,0,1,0.0,41.64,165.0
2024-09-14 23:00:00+05:30,23.9,86,980.2,0,7.8,17.7,12.6,0.0,0.0,0.0,23,258,5,0,1,0.0,50.0,165.0
2024-09-15 00:00:00+05:30,23.5,89,980.0,1,7.7,17.7,12.6,0.0,0.0,0.0,0,259,6,0,0,0.0,50.0,70.0
2024-09-15 01:00:00+05:30,23.3,90,979.6,0,7.6,17.7,12.2,0.0,0.0,0.0,1,259,6,0,0,0.0,50.0,70.0
2024-09-15 02:00:00+05:30,23.0,91,979.3,2,7.9,17.9,12.6,0.0,0.0,0.0,2,259,6,0,0,0.0,50.0,70.0
2024-09-15 03:00:00+05:30,22.9,91,979.5,18,8.3,18.3,13.0,0.0,0.0,0.0,3,259,6,0,0,0.0,50.0,70.0
2024-09-15 04:00:00+05:30,23.0,90,979.5,16,8.6,18.6,13.7,0.0,0.0,0.0,4,259,6,0,0,0.0,50.0,70.0
2024-09-15 05:00:00+05:30,23.2,89,979.9,11,10.6,20.3,16.6,0.0,0.0,0.0,5,259,6,0,0,0.0,50.0,70.0
2024-09-15 06:00:00+05:30,23.9,86,980.3,6,11.0,19.0,17.6,0.0,0.0,0.0,6,259,6,0,0,0.0,50.0,70.0
2024-09-15 07:00:00+05:30,24.3,86,980.9,5,11.8,17.6,21.2,69.0,38.0,91.8,7,259,6,0,0,10.44,50.0,110.0
2024-09-15 08:00:00+05:30,25.4,81,981.5,23,14.8,19.2,27.0,292.1,117.0,286.6,8,259,6,0,0,49.93,50.0,111.22
2024-09-15 09:00:00+05:30,26.6,77,981.6,2,12.0,14.9,27.7,496.4,161.0,508.3,9,259,6,0,0,98.74,50.0,77.92
2024-09-15 10:00:00+05:30,27.9,71,981.8,27,11.8,14.8,25.2,596.1,195.0,685.2,10,259,6,0,0,138.74,50.0,87.68
2024-09-15 11:00:00+05:30,28.7,66,981.7,44,12.7,15.6,26.3,510.5,245.0,708.3,11,259,6,0,0,147.5,50.0,94.57
2024-09-15 12:00:00+05:30,29.4,63,981.3,61,13.0,16.1,27.0,502.4,273.0,737.5,12,259,6,0,0,157.32,50.0,101.04
2024-09-15 13:00:00+05:30,29.8,60,980.4,71,12.7,16.1,27.0,385.2,329.0,665.0,13,259,6,0,0,145.46,50.0,104.91
2024-09-15 14:00:00+05:30,30.3,58,979.8,51,11.7,14.5,26.3,406.5,302.0,611.4,14,259,6,0,0,139.27,50.0,109.9
2024-09-15 15:00:00+05:30,30.4,56,979.1,38,10.2,13.0,24.1,332.4,240.0,436.3,15,259,6,0,0,105.88,50.0,110.92
2024-09-15 16:00:00+05:30,30.5,55,978.9,32,10.5,13.0,21.2,430.1,174.0,351.4,16,259,6,0,0,93.09,50.0,111.95
2024-09-15 17:00:00+05:30,29.9,59,979.0,15,10.0,15.1,20.5,350.5,116.0,174.7,17,259,6,0,0,54.96,50.0,105.89
2024-09-15 18:00:00+05:30,27.4,66,980.1,16,6.8,15.0,15.8,134.4,50.0,15.6,18,259,6,0,1,15.2,36.75,178.69
2024-09-15 19:00:00+05:30,25.9,72,980.5,0,6.6,15.4,11.2,0.0,1.0,0.0,19,259,6,0,1,0.0,37.19,168.64
2024-09-15 20:00:00+05:30,24.9,77,981.1,0,5.9,14.9,9.7,0.0,0.0,0.0,20,259,6,0,1,0.0,30.37,165.0
2024-09-15 21:00:00+05:30,24.8,76,981.9,0,8.0,19.6,12.2,0.0,0.0,0.0,21,259,6,0,1,0.0,50.0,165.0
2024-09-15 22:00:00+05:30,24.6,75,982.0,0,8.0,19.1,13.0,0.0,0.0,0.0,22,259,6,0,1,0.0,50.0,165.0
2024-09-15 23:00:00+05:30,24.2,76,981.5,0,9.0,20.6,14.4,0.0,0.0,0.0,23,259,6,0,1,0.0,50.0,165.0
2024-09-16 00:00:00+05:30,23.9,77,981.0,0,7.9,19.3,14.4,0.0,0.0,0.0,0,260,0,0,0,0.0,50.0,70.0
2024-09-16 01:00:00+05:30,23.4,81,980.6,0,6.9,17.8,12.6,0.0,0.0,0.0,1,260,0,0,0,0.0,50.0,70.0
2024-09-16 02:00:00+05:30,22.9,85,980.2,0,5.7,15.7,10.4,0.0,0.0,0.0,2,260,0,0,0,0.0,31.97,70.0
2024-09-16 03:00:00+05:30,22.7,86,980.1,0,7.1,17.5,11.2,0.0,0.0,0.0,3,260,0,0,0,0.0,50.0,70.0
2024-09-16 04:00:00+05:30,22.6,87,980.4,0,8.7,19.4,13.0,0.0,0.0,0.0,4,260,0,0,0,0.0,50.0,70.0
2024-09-16 05:00:00+05:30,22.5,88,980.8,0,9.7,20.9,15.1,0.0,0.0,0.0,5,260,0,0,0,0.0,50.0,70.0
2024-09-16 06:00:00+05:30,22.7,87,981.4,0,9.3,19.5,15.5,0.0,0.0,0.0,6,260,0,0,0,0.0,50.0,70.0
2024-09-16 07:00:00+05:30,23.5,86,982.3,0,10.6,19.8,17.3,131.7,42.0,117.3,7,260,0,0,0,13.17,50.0,110.0
2024-09-16 08:00:00+05:30,25.0,81,983.1,0,10.8,15.3,21.2,370.3,111.0,314.2,8,260,0,0,0,55.27,50.0,110.0
2024-09-16 09:00:00+05:30,26.6,77,983.6,0,10.9,14.0,23.4,537.6,152.0,523.5,9,260,0,1,0,102.2,50.0,197.92
2024-09-16 10:00:00+05:30,28.1,72,983.6,0,10.9,13.7,24.1,635.1,179.0,697.3,10,260,0,1,0,141.74,50.0,209.35
2024-09-16 11:00:00+05:30,29.4,66,983.3,12,12.0,14.9,25.6,690.4,196.0,814.2,11,260,0,1,0,169.29,50.0,221.04
2024-09-16 12:00:00+05:30,30.4,60,982.9,39,12.3,15.3,26.6,655.5,223.0,825.5,12,260,0,1,0,175.7,50.0,230.92
2024-09-16 13:00:00+05:30,30.9,57,982.2,42,12.0,14.8,26.3,555.3,266.0,752.9,13,260,0,1,0,165.02,50.0,200.12
2024-09-16 14:00:00+05:30,31.3,55,981.4,42,11.7,14.3,25.6,586.1,230.0,685.7,14,260,0,1,0,157.05,50.0,240.39
2024-09-16 15:00:00+05:30,31.2,53,981.1,44,11.2,13.5,24.1,543.9,210.0,547.4,15,260,0,1,0,133.01,50.0,239.31
2024-09-16 16:00:00+05:30,30.9,54,980.8,8,10.7,13.0,23.0,494.4,168.0,375.0,16,260,0,1,0,99.72,50.0,236.12
2024-09-16 17:00:00+05:30,30.1,59,980.8,2,9.4,14.3,20.2,368.0,116.0,177.3,17,260,0,1,0,56.29,50.0,227.89
2024-09-16 18:00:00+05:30,27.6,68,981.5,1,5.4,11.9,12.2,155.8,49.0,14.3,18,260,0,0,1,15.61,17.97,180.26
2024-09-16 19:00:00+05:30,26.7,69,981.5,1,7.9,17.0,12.2,0.0,1.0,0.0,19,260,0,0,1,0.0,50.0,173.6
2024-09-16 20:00:00+05:30,26.2,71,982.3,0,9.4,20.3,14.4,0.0,0.0,0.0,20,260,0,0,1,0.0,50.0,170.37
2024-09-16 21:00:00+05:30,25.6,73,983.1,0,9.4,20.9,15.1,0.0,0.0,0.0,21,260,0,0,1,0.0,50.0,167.11
2024-09-16 22:00:00+05:30,24.9,76,983.3,0,8.5,20.3,15.1,0.0,0.0,0.0,22,260,0,0,1,0.0,50.0,165.0
2024-09-16 23:00:00+05:30,24.3,78,983.2,0,8.2,19.3,13.7,0.0,0.0,0.0,23,260,0,0,1,0.0,50.0,165.0
2024-09-17 00:00:00+05:30,23.8,81,983.0,0,8.9,20.1,13.7,0.0,0.0,0.0,0,261,1,0,0,0.0,50.0,70.0
2024-09-17 01:00:00+05:30,23.6,83,982.7,0,8.7,20.4,14.4,0.0,0.0,0.0,1,261,1,0,0,0.0,50.0,70.0
2024-09-17 02:00:00+05:30,23.2,84,981.8,0,7.6,18.6,13.7,0.0,0.0,0.0,2,261,1,0,0,0.0,50.0,70.0
2024-09-17 03:00:00+05:30,22.8,86,981.8,0,8.4,18.2,12.6,0.0,0.0,0.0,3,261,1,0,0,0.0,50.0,70.0
2024-09-17 04:00:00+05:30,22.3,89,981.8,0,6.4,16.8,13.3,0.0,0.0,0.0,4,261,1,0,0,0.0,42.11,70.0
2024-09-17 05:00:00+05:30,22.0,91,982.2,0,7.1,16.3,10.4,0.0,0.0,0.0,5,261,1,0,0,0.0,45.89,70.0
2024-09-17 06:00:00+05:30,22.6,87,983.2,0,7.9,18.7,14.8,0.0,0.0,0.0,6,261,1,0,0,0.0,50.0,70.0
2024-09-17 07:00:00+05:30,23.5,85,983.7,0,8.2,15.5,14.0,132.4,42.0,118.0,7,261,1,0,0,13.24,50.0,110.0
2024-09-17 08:00:00+05:30,25.2,80,984.1,0,7.4,11.0,15.8,380.6,110.0,317.2,8,261,1,0,0,55.98,24.16,110.48
2024-09-17 09:00:00+05:30,26.8,76,984.5,0,9.4,11.7,20.5,550.1,151.0,529.5,9,261,1,1,0,103.62,36.84,199.29
2024-09-17 10:00:00+05:30,28.2,71,984.6,0,9.7,11.7,22.0,647.9,178.0,705.0,10,261,1,1,0,143.57,38.23,210.19
2024-09-17 11:00:00+05:30,29.6,62,984.3,0,8.1,9.9,22.0,702.9,195.0,822.5,11,261,1,1,0,171.17,22.32,222.96
2024-09-17 12:00:00+05:30,30.5,56,983.7,0,7.1,8.7,20.5,730.7,203.0,871.9,12,261,1,1,0,185.56,14.77,231.95
2024-09-17 13:00:00+05:30,31.1,53,983.0,0,5.9,6.9,19.1,733.3,202.0,845.7,13,261,1,1,0,185.63,7.42,202.24
2024-09-17 14:00:00+05:30,31.5,50,981.9,0,5.4,6.5,17.3,712.8,193.0,749.4,14,261,1,1,0,171.86,5.8,242.56
2024-09-17 15:00:00+05:30,31.5,49,981.1,0,4.2,5.2,15.8,663.1,177.0,593.7,15,261,1,1,0,144.88,2.44,242.56
2024-09-17 16:00:00+05:30,31.3,50,980.7,0,4.0,4.7,13.3,572.0,151.0,395.1,16,261,1,1,0,105.79,1.76,240.39
2024-09-17 17:00:00+05:30,30.5,56,981.0,0,3.9,4.8,10.8,407.8,113.0,183.4,17,261,1,1,0,58.8,1.77,231.95
2024-09-17 18:00:00+05:30,29.9,52,981.8,33,1.3,1.8,4.7,158.0,48.0,12.2,18,261,1,0,1,15.27,0.0,200.89
2024-09-17 19:00:00+05:30,27.3,66,981.9,17,4.8,4.0,5.4,0.0,0.0,0.0,19,261,1,0,1,0.0,3.35,177.93
2024-09-17 20:00:00+05:30,25.7,71,982.1,54,7.9,7.2,9.0,0.0,0.0,0.0,20,261,1,0,1,0.0,17.92,167.59
2024-09-17 21:00:00+05:30,25.5,69,982.5,39,7.3,6.2,10.1,0.0,0.0,0.0,21,261,1,0,1,0.0,13.98,166.65
2024-09-17 22:00:00+05:30,25.3,69,982.5,31,6.9,12.8,10.1,0.0,0.0,0.0,22,261,1,0,1,0.0,28.67,165.83
2024-09-17 23:00:00+05:30,24.8,73,981.9,0,7.6,16.7,13.0,0.0,0.0,0.0,23,261,1,0,1,0.0,50.0,165.0
2024-09-18 00:00:00+05:30,24.5,73,981.3,0,10.3,21.9,16.2,0.0,0.0,0.0,0,262,2,0,0,0.0,50.0,70.0
2024-09-18 01:00:00+05:30,24.1,74,980.7,0,10.8,23.4,16.9,0.0,0.0,0.0,1,262,2,0,0,0.0,50.0,70.0
2024-09-18 02:00:00+05:30,23.9,75,980.1,0,12.3,25.2,19.4,0.0,0.0,0.0,2,262,2,0,0,0.0,50.0,70.0
2024-09-18 03:00:00+05:30,23.6,78,980.0,0,12.3,24.7,19.4,0.0,0.0,0.0,3,262,2,0,0,0.0,50.0,70.0
2024-09-18 04:00:00+05:30,23.3,81,980.0,0,11.4,23.5,19.4,0.0,0.0,0.0,4,262,2,0,0,0.0,50.0,70.0
2024-09-18 05:00:00+05:30,23.0,82,980.1,0,11.5,23.4,18.0,0.0,0.0,0.0,5,262,2,0,0,0.0,50.0,70.0
2024-09-18 06:00:00+05:30,23.4,82,980.7,0,13.6,25.6,23.8,0.0,0.0,0.0,6,262,2,0,0,0.0,50.0,70.0
2024-09-18 07:00:00+05:30,24.1,80,981.4,0,11.8,21.4,21.6,133.1,40.0,114.9,7,262,2,0,0,12.84,50.0,110.0
2024-09-18 08:00:00+05:30,25.9,76,982.1,0,5.6,12.0,18.7,376.6,108.0,312.2,8,262,2,0,0,55.21,19.28,113.64
2024-09-18 09:00:00+05:30,27.7,70,982.6,0,1.6,1.8,13.3,539.1,150.0,520.3,9,262,2,1,0,101.84,0.0,206.05
2024-09-18 10:00:00+05:30,29.4,65,982.7,0,2.4,2.6,12.6,639.9,175.0,694.1,10,262,2,1,0,141.23,0.0,221.04
2024-09-18 11:00:00+05:30,30.9,59,982.1,0,3.6,4.3,14.4,694.1,191.0,808.8,11,262,2,1,0,168.15,1.11,236.12
2024-09-18 12:00:00+05:30,32.1,54,981.4,15,5.2,6.2,16.6,713.9,200.0,851.5,12,262,2,1,0,180.88,4.98,249.22
2024-09-18 13:00:00+05:30,33.3,45,980.4,11,4.0,5.4,16.6,662.4,209.0,787.7,13,262,2,1,0,172.63,2.43,227.11
2024-09-18 14:00:00+05:30,34.2,39,979.2,7,3.7,4.8,14.0,580.1,202.0,650.1,14,262,2,1,0,149.11,1.58,274.02
2024-09-18 15:00:00+05:30,34.9,36,978.3,5,7.9,10.3,15.8,608.7,176.0,554.6,15,262,2,1,0,134.41,22.61,282.76
2024-09-18 16:00:00+05:30,34.1,39,977.7,4,12.0,18.1,20.9,535.2,151.0,375.3,16,262,2,1,0,99.95,50.0,272.79
2024-09-18 17:00:00+05:30,32.6,44,977.6,0,8.4,19.5,20.5,365.6,113.0,170.5,17,262,2,1,0,54.7,50.0,254.92
2024-09-18 18:00:00+05:30,31.2,44,978.3,1,11.7,25.4,19.1,140.3,45.0,9.4,18,262,2,0,1,13.96,50.0,214.31
2024-09-18 19:00:00+05:30,30.4,47,978.9,1,12.9,25.5,20.9,0.0,0.0,0.0,19,262,2,0,1,0.0,50.0,205.92
2024-09-18 20:00:00+05:30,29.2,50,979.5,3,9.7,21.3,20.9,0.0,0.0,0.0,20,262,2,0,1,0.0,50.0,194.15
2024-09-18 21:00:00+05:30,27.8,54,979.9,16,7.1,16.0,15.5,0.0,0.0,0.0,21,262,2,0,1,0.0,43.47,181.86
2024-09-18 22:00:00+05:30,27.8,54,979.8,15,9.2,18.1,14.8,0.0,0.0,0.0,22,262,2,0,1,0.0,50.0,181.86
2024-09-18 23:00:00+05:30,26.3,61,979.7,21,6.4,11.2,14.0,0.0,0.0,0.0,23,262,2,0,1,0.0,20.35,170.99
2024-09-19 00:00:00+05:30,25.1,70,979.3,5,7.3,9.2,10.8,0.0,0.0,0.0,0,263,3,0,0,0.0,17.19,70.19
2024-09-19 01:00:00+05:30,25.4,67,979.1,0,5.1,6.8,8.3,0.0,0.0,0.0,1,263,3,0,0,0.0,5.92,71.22
2024-09-19 02:00:00+05:30,23.9,76,978.8,8,4.5,3.8,6.5,0.0,0.0,0.0,2,263,3,0,0,0.0,2.63,70.0
2024-09-19 03:00:00+05:30,24.0,79,979.0,8,3.3,4.6,6.1,0.0,0.0,0.0,3,263,3,0,0,0.0,1.14,70.0
2024-09-19 04:00:00+05:30,25.1,71,979.2,1,5.8,9.7,5.8,0.0,0.0,0.0,4,263,3,0,0,0.0,13.81,70.19
2024-09-19 05:00:00+05:30,23.5,78,979.6,0,7.0,13.6,9.7,0.0,0.0,0.0,5,263,3,0,0,0.0,32.6,70.0
2024-09-19 06:00:00+05:30,23.3,90,980.6,0,5.6,9.6,12.2,0.0,0.0,0.0,6,263,3,0,0,0.0,13.01,70.0
2024-09-19 07:00:00+05:30,24.5,84,981.0,0,2.6,4.4,7.2,126.8,38.0,109.7,7,263,3,0,0,12.24,0.5,110.0
2024-09-19 08:00:00+05:30,26.4,78,981.4,0,4.8,6.5,12.6,361.0,107.0,303.4,8,263,3,0,0,53.72,4.94,116.61
2024-09-19 09:00:00+05:30,28.2,71,981.9,0,4.6,5.7,14.4,526.3,148.0,508.8,9,263,3,1,0,99.8,3.51,210.19
2024-09-19 10:00:00+05:30,29.7,66,982.1,0,4.0,4.8,14.4,620.7,175.0,677.7,10,263,3,1,0,138.27,1.86,223.93
2024-09-19 11:00:00+05:30,31.1,60,981.7,18,8.7,10.2,19.4,672.0,193.0,789.9,11,263,3,1,0,164.73,25.69,238.24
2024-09-19 12:00:00+05:30,32.1,54,980.9,21,12.5,15.6,25.9,632.2,217.0,792.7,12,263,3,1,0,169.38,50.0,249.22
2024-09-19 13:00:00+05:30,32.8,51,980.0,8,12.4,15.5,27.4,621.1,211.0,751.3,13,263,3,1,0,165.99,50.0,221.23
2024-09-19 14:00:00+05:30,33.5,49,979.1,11,11.0,14.1,27.7,633.8,198.0,686.6,14,263,3,1,0,157.93,50.0,265.5
2024-09-19 15:00:00+05:30,33.7,46,978.4,14,10.6,13.7,24.1,603.6,175.0,547.8,15,263,3,1,0,134.06,50.0,267.91
2024-09-19 16:00:00+05:30,33.5,47,978.4,27,11.7,15.6,23.0,435.2,164.0,337.4,16,263,3,1,0,90.26,50.0,265.5
2024-09-19 17:00:00+05:30,32.5,52,978.2,31,8.1,15.6,20.2,297.1,115.0,153.0,17,263,3,1,0,49.35,50.0,253.76
2024-09-19 18:00:00+05:30,30.1,59,979.3,17,13.4,23.5,21.2,101.7,40.0,6.2,18,263,3,0,1,11.71,50.0,202.89
2024-09-19 19:00:00+05:30,28.8,62,979.9,5,13.6,24.9,23.8,0.0,0.0,0.0,19,263,3,0,1,0.0,50.0,190.47
2024-09-19 20:00:00+05:30,28.1,64,980.0,6,10.5,20.0,22.0,0.0,0.0,0.0,20,263,3,0,1,0.0,50.0,184.35
2024-09-19 21:00:00+05:30,27.3,67,980.5,20,7.4,15.8,16.6,0.0,0.0,0.0,21,263,3,0,1,0.0,45.02,177.93
2024-09-19 22:00:00+05:30,26.6,72,980.6,10,5.0,12.8,11.5,0.0,0.0,0.0,22,263,3,0,1,0.0,18.48,172.92
2024-09-19 23:00:00+05:30,25.8,78,980.3,1,6.5,9.7,7.6,0.0,0.0,0.0,23,263,3,0,1,0.0,16.12,168.11
2024-09-20 00:00:00+05:30,25.7,76,979.8,1,5.1,12.0,8.6,0.0,0.0,0.0,0,264,4,0,0,0.0,16.96,72.59
2024-09-20 01:00:00+05:30,24.8,84,979.3,9,6.4,8.9,7.9,0.0,0.0,0.0,1,264,4,0,0,0.0,13.54,70.0
2024-09-20 02:00:00+05:30,25.3,80,979.2,9,4.5,6.2,7.2,0.0,0.0,0.0,2,264,4,0,0,0.0,4.07,70.83
2024-09-20 03:00:00+05:30,25.4,78,979.3,0,2.8,5.0,5.0,0.0,0.0,0.0,3,264,4,0,0,0.0,1.0,71.22
2024-09-20 04:00:00+05:30,25.2,79,979.6,3,1.3,3.1,3.2,0.0,0.0,0.0,4,264,4,0,0,0.0,0.0,70.48
2024-09-20 05:00:00+05:30,24.3,86,980.0,31,1.8,2.4,2.5,0.0,0.0,0.0,5,264,4,0,0,0.0,0.0,70.0
2024-09-20 06:00:00+05:30,24.8,83,980.4,15,2.3,3.3,2.9,0.0,0.0,0.0,6,264,4,0,0,0.0,0.0,70.0
2024-09-20 07:00:00+05:30,25.3,84,981.0,4,1.1,2.6,5.4,113.4,38.0,106.5,7,264,4,0,0,11.85,0.0,110.83
2024-09-20 08:00:00+05:30,27.3,75,981.8,0,0.8,1.8,7.9,339.5,108.0,294.5,8,264,4,0,0,52.08,0.0,122.93
2024-09-20 09:00:00+05:30,29.0,68,982.4,1,2.2,2.5,10.8,498.8,153.0,496.2,9,264,4,1,0,97.19,0.0,217.29
2024-09-20 10:00:00+05:30,30.3,62,982.3,19,5.6,6.9,15.8,602.9,179.0,666.8,10,264,4,1,0,136.07,6.89,229.9
2024-09-20 11:00:00+05:30,31.3,58,982.0,34,8.3,9.9,20.2,610.1,207.0,749.0,11,264,4,1,0,156.63,22.88,240.39
2024-09-20 12:00:00+05:30,31.8,58,981.4,46,8.8,10.7,21.2,611.7,229.0,784.4,12,264,4,1,0,168.02,28.3,245.86
2024-09-20 13:00:00+05:30,32.8,53,980.5,45,8.0,10.3,20.9,549.4,230.0,705.1,13,264,4,1,0,156.33,23.2,221.23
2024-09-20 14:00:00+05:30,32.9,52,979.4,15,4.1,5.6,19.4,286.4,263.0,472.6,14,264,4,1,0,108.96,2.75,258.4
2024-09-20 15:00:00+05:30,33.6,49,978.9,31,1.3,2.2,12.6,445.3,221.0,484.7,15,264,4,1,0,118.26,0.0,266.7
2024-09-20 16:00:00+05:30,33.6,49,978.5,70,2.8,3.9,9.0,312.2,170.0,283.8,16,264,4,1,0,75.94,0.35,266.7
2024-09-20 17:00:00+05:30,32.5,57,978.2,72,4.7,7.3,8.3,156.0,105.0,110.1,17,264,4,1,0,35.45,5.88,253.76
2024-09-20 18:00:00+05:30,30.0,70,979.4,14,4.4,7.9,5.8,117.0,40.0,4.7,18,264,4,0,1,12.15,6.27,201.89
2024-09-20 19:00:00+05:30,28.8,74,979.6,3,4.7,9.6,7.6,0.0,0.0,0.0,19,264,4,0,1,0.0,10.0,190.47
2024-09-20 20:00:00+05:30,28.2,79,980.0,10,4.7,6.7,7.2,0.0,0.0,0.0,20,264,4,0,1,0.0,5.05,185.19
2024-09-20 21:00:00+05:30,27.8,77,980.8,10,5.1,12.7,7.2,0.0,0.0,0.0,21,264,4,0,1,0.0,18.65,181.86
2024-09-20 22:00:00+05:30,27.8,76,981.1,6,6.7,15.9,10.8,0.0,0.0,0.0,22,264,4,0,1,0.0,39.88,181.86
2024-09-20 23:00:00+05:30,27.4,76,981.0,3,7.0,15.9,10.8,0.0,0.0,0.0,23,264,4,0,1,0.0,42.31,178.69
2024-09-21 00:00:00+05:30,26.9,79,980.7,7,7.1,16.3,11.9,0.0,0.0,0.0,0,265,5,0,0,0.0,45.07,79.99
2024-09-21 01:00:00+05:30,26.6,80,980.2,9,6.3,15.9,11.2,0.0,0.0,0.0,1,265,5,0,0,0.0,36.87,77.92
2024-09-21 02:00:00+05:30,26.4,81,980.0,10,6.9,16.9,10.8,0.0,0.0,0.0,2,265,5,0,0,0.0,46.26,76.61
2024-09-21 03:00:00+05:30,26.0,82,979.9,5,5.9,15.2,10.8,0.0,0.0,0.0,3,265,5,0,0,0.0,31.29,74.2
2024-09-21 04:00:00+05:30,25.7,83,980.1,9,6.2,14.2,9.4,0.0,0.0,0.0,4,265,5,0,0,0.0,29.71,72.59
2024-09-21 05:00:00+05:30,25.5,83,980.6,12,6.4,15.3,9.7,0.0,0.0,0.0,5,265,5,0,0,0.0,35.35,71.65
2024-09-21 06:00:00+05:30,25.4,85,981.4,13,4.5,11.2,6.8,0.0,0.0,0.0,6,265,5,0,0,0.0,12.65,71.22
2024-09-21 07:00:00+05:30,26.4,81,982.0,3,6.8,12.8,11.9,99.8,37.0,101.2,7,265,5,0,0,11.21,28.0,116.61
2024-09-21 08:00:00+05:30,27.9,74,982.6,0,6.8,9.2,14.8,332.4,108.0,290.9,8,265,5,0,0,51.47,15.51,127.68
2024-09-21 09:00:00+05:30,29.3,70,983.1,0,8.2,10.0,18.7,509.6,150.0,498.7,9,265,5,0,0,97.95,23.09,160.09
2024-09-21 10:00:00+05:30,30.6,66,983.3,0,7.4,8.9,19.1,611.7,176.0,669.1,10,265,5,0,0,136.8,16.27,172.98
2024-09-21 11:00:00+05:30,32.0,60,983.2,15,7.0,8.6,19.1,666.2,193.0,781.4,11,265,5,0,0,163.27,14.11,188.09
2024-09-21 12:00:00+05:30,33.0,55,982.6,27,7.5,9.3,19.4,672.1,203.0,810.6,12,265,5,0,0,173.45,17.77,199.57
2024-09-21 13:00:00+05:30,33.6,51,981.7,26,6.8,8.3,19.1,622.1,217.0,753.8,13,265,5,0,0,166.58,12.63,188.7
2024-09-21 14:00:00+05:30,34.0,49,980.8,15,5.0,6.5,17.6,607.8,200.0,663.3,14,265,5,0,0,153.42,5.12,211.56
2024-09-21 15:00:00+05:30,34.2,48,980.0,17,3.6,4.7,14.8,605.8,175.0,544.2,15,265,5,0,0,133.89,1.41,214.02
2024-09-21 16:00:00+05:30,34.2,48,979.7,12,3.9,4.8,11.9,507.2,148.0,352.7,16,265,5,0,0,95.55,1.74,214.02
2024-09-21 17:00:00+05:30,33.2,56,979.6,14,6.5,9.7,10.8,370.5,108.0,162.2,17,265,5,0,0,53.62,15.72,201.93
2024-09-21 18:00:00+05:30,30.9,72,980.5,22,5.1,5.4,5.4,125.8,39.0,2.8,18,265,5,0,1,12.11,4.13,211.12
2024-09-21 19:00:00+05:30,29.8,66,980.5,9,9.4,15.8,14.8,0.0,0.0,0.0,19,265,5,0,1,0.0,50.0,199.91
2024-09-21 20:00:00+05:30,29.1,67,981.0,8,5.4,11.3,14.8,0.0,0.0,0.0,20,265,5,0,1,0.0,16.29,193.22
2024-09-21 21:00:00+05:30,29.2,67,981.7,88,14.1,25.8,22.0,0.0,0.0,0.0,21,265,5,0,1,0.0,50.0,194.15
2024-09-21 22:00:00+05:30,29.2,69,982.2,85,10.1,21.0,22.3,0.0,0.0,0.0,22,265,5,0,1,0.0,50.0,194.15
2024-09-21 23:00:00+05:30,28.7,72,982.2,37,9.0,19.4,16.2,0.0,0.0,0.0,23,265,5,0,1,0.0,50.0,189.57
2024-09-22 00:00:00+05:30,28.2,73,982.0,6,10.9,21.8,17.3,0.0,0.0,0.0,0,266,6,0,0,0.0,50.0,90.19
2024-09-22 01:00:00+05:30,27.6,75,981.4,18,11.6,23.0,18.7,0.0,0.0,0.0,1,266,6,0,0,0.0,50.0,85.26
2024-09-22 02:00:00+05:30,27.2,77,981.1,16,12.0,23.1,19.4,0.0,0.0,0.0,2,266,6,0,0,0.0,50.0,82.18
2024-09-22 03:00:00+05:30,26.8,79,981.0,21,10.9,21.6,19.4,0.0,0.0,0.0,3,266,6,0,0,0.0,50.0,79.29
2024-09-22 04:00:00+05:30,26.6,80,981.1,91,10.8,21.3,17.6,0.0,0.0,0.0,4,266,6,0,0,0.0,50.0,77.92
2024-09-22 05:00:00+05:30,26.5,79,981.4,96,12.6,23.9,20.2,0.0,0.0,0.0,5,266,6,0,0,0.0,50.0,77.26
2024-09-22 06:00:00+05:30,27.4,74,982.3,97,13.0,22.3,21.6,0.0,0.0,0.0,6,266,6,0,0,0.0,50.0,83.69
2024-09-22 07:00:00+05:30,27.6,75,982.5,80,11.9,20.7,21.2,14.3,31.0,65.9,7,266,6,0,0,7.3,50.0,125.26
2024-09-22 08:00:00+05:30,28.4,72,983.2,73,9.9,15.5,19.1,38.1,115.0,167.9,8,266,6,0,0,28.18,50.0,131.92
2024-09-22 09:00:00+05:30,29.6,68,983.6,48,10.7,13.7,21.2,195.0,194.0,349.6,9,266,6,0,0,66.91,50.0,102.96
2024-09-22 10:00:00+05:30,30.9,65,983.7,5,10.5,13.2,22.7,440.0,225.0,588.1,10,266,6,0,0,119.39,50.0,116.12
2024-09-22 11:00:00+05:30,32.2,61,983.4,2,11.1,13.4,24.1,667.0,190.0,777.2,11,266,6,0,0,162.81,50.0,130.35
2024-09-22 12:00:00+05:30,33.2,56,982.5,15,10.0,12.5,24.5,703.5,194.0,827.7,12,266,6,0,0,177.31,43.83,141.93
2024-09-22 13:00:00+05:30,33.7,53,981.4,8,9.0,10.8,23.0,625.4,211.0,748.7,13,266,6,0,0,166.05,29.46,147.91
2024-09-22 14:00:00+05:30,34.2,50,980.1,5,8.1,9.8,20.9,624.9,200.0,674.3,14,266,6,0,0,156.1,21.5,154.02
2024-09-22 15:00:00+05:30,34.3,49,979.3,4,7.9,9.4,19.1,562.7,185.0,523.2,15,266,6,0,0,129.04,19.28,155.25
2024-09-22 16:00:00+05:30,34.1,50,979.2,5,8.9,10.8,17.6,529.3,145.0,357.8,16,266,6,0,0,97.58,28.92,152.79
2024-09-22 17:00:00+05:30,33.2,56,979.2,5,10.1,16.3,17.3,360.6,104.0,155.1,17,266,6,0,0,51.9,50.0,141.93
2024-09-22 18:00:00+05:30,31.5,60,980.0,13,12.7,23.9,19.8,120.7,37.0,0.7,18,266,6,0,1,11.46,50.0,217.56
2024-09-22 19:00:00+05:30,31.0,58,979.9,7,10.5,21.4,20.9,0.0,0.0,0.0,19,266,6,0,1,0.0,50.0,212.18
2024-09-22 20:00:00+05:30,30.2,62,980.4,4,10.9,22.3,17.3,0.0,0.0,0.0,20,266,6,0,1,0.0,50.0,203.89
2024-09-22 21:00:00+05:30,29.3,68,981.1,0,9.9,20.9,17.3,0.0,0.0,0.0,21,266,6,0,1,0.0,50.0,195.09
2024-09-22 22:00:00+05:30,28.9,70,981.2,1,10.2,21.8,16.2,0.0,0.0,0.0,22,266,6,0,1,0.0,50.0,191.37
2024-09-22 23:00:00+05:30,28.4,72,981.0,0,10.1,21.3,16.6,0.0,0.0,0.0,23,266,6,0,1,0.0,50.0,186.92
2024-09-23 00:00:00+05:30,28.0,74,980.8,0,9.8,21.0,16.2,0.0,0.0,0.0,0,267,0,0,0,0.0,50.0,88.51
2024-09-23 01:00:00+05:30,27.6,74,980.4,0,10.0,21.3,15.8,0.0,0.0,0.0,1,267,0,0,0,0.0,50.0,85.26
2024-09-23 02:00:00+05:30,27.4,74,979.7,0,10.2,21.5,16.6,0.0,0.0,0.0,2,267,0,0,0,0.0,50.0,83.69
2024-09-23 03:00:00+05:30,26.9,76,980.0,0,9.8,20.7,16.2,0.0,0.0,0.0,3,267,0,0,0,0.0,50.0,79.99
2024-09-23 04:00:00+05:30,26.6,78,980.5,0,9.0,19.7,15.5,0.0,0.0,0.0,4,267,0,0,0,0.0,50.0,77.92
2024-09-23 05:00:00+05:30,26.3,78,980.8,0,9.0,19.0,14.4,0.0,0.0,0.0,5,267,0,0,0,0.0,50.0,75.99
2024-09-23 06:00:00+05:30,27.0,72,981.9,92,8.3,16.2,14.8,0.0,0.0,0.0,6,267,0,0,0,0.0,50.0,80.71
2024-09-23 07:00:00+05:30,27.4,73,982.5,90,8.0,14.4,13.3,36.1,28.0,66.4,7,267,0,0,0,7.32,42.55,123.69
2024-09-23 08:00:00+05:30,28.5,70,983.3,84,5.4,9.2,13.0,117.8,109.0,195.6,8,267,0,0,0,33.7,11.28,132.79
2024-09-23 09:00:00+05:30,29.9,66,983.8,8,5.7,6.9,14.8,367.4,165.0,424.4,9,267,0,1,0,83.09,7.09,225.89
2024-09-23 10:00:00+05:30,31.0,64,983.8,3,6.4,7.7,16.9,417.4,219.0,562.9,10,267,0,1,0,114.76,10.23,237.18
2024-09-23 11:00:00+05:30,32.4,61,983.5,0,7.6,9.0,19.1,598.6,223.0,750.9,11,267,0,1,0,156.92,17.11,252.62
2024-09-23 12:00:00+05:30,33.4,58,982.7,6,7.1,8.8,19.8,697.9,197.0,823.5,12,267,0,1,0,176.7,14.92,264.31
2024-09-23 13:00:00+05:30,34.3,53,981.9,14,6.5,7.6,19.1,668.4,205.0,777.8,13,267,0,1,0,172.14,10.08,239.25
2024-09-23 14:00:00+05:30,34.7,51,980.4,5,5.8,7.0,17.6,633.7,197.0,675.8,14,267,0,1,0,156.64,7.33,280.24
2024-09-23 15:00:00+05:30,34.9,49,979.5,46,4.7,5.7,15.8,571.4,176.0,518.3,15,267,0,1,0,128.29,3.55,282.76
2024-09-23 16:00:00+05:30,35.0,49,978.9,49,5.5,6.8,13.0,483.5,149.0,338.2,16,267,0,1,0,92.29,6.41,284.03
2024-09-23 17:00:00+05:30,34.1,56,978.5,3,5.0,8.4,11.9,341.6,103.0,148.0,17,267,0,1,0,49.85,8.36,272.79
2024-09-23 18:00:00+05:30,31.6,63,979.4,2,5.9,11.9,10.8,122.6,36.0,0.0,18,267,0,0,1,0.0,19.95,218.66
2024-09-23 19:00:00+05:30,30.5,65,979.5,5,8.0,14.0,12.6,0.0,0.0,0.0,19,267,0,0,1,0.0,39.98,206.95
2024-09-23 20:00:00+05:30,29.7,67,980.0,5,11.0,21.2,16.6,0.0,0.0,0.0,20,267,0,0,1,0.0,50.0,198.93
2024-09-23 21:00:00+05:30,29.5,65,980.5,17,11.8,23.6,20.5,0.0,0.0,0.0,21,267,0,0,1,0.0,50.0,197.0
2024-09-23 22:00:00+05:30,28.5,71,980.7,48,5.9,14.0,18.7,0.0,0.0,0.0,22,267,0,0,1,0.0,26.89,187.79
2024-09-23 23:00:00+05:30,28.3,72,980.8,17,6.0,14.6,9.4,0.0,0.0,0.0,23,267,0,0,1,0.0,29.62,186.05
2024-09-24 00:00:00+05:30,28.1,73,980.5,48,9.0,20.1,13.3,0.0,0.0,0.0,0,268,1,0,0,0.0,50.0,89.35
2024-09-24 01:00:00+05:30,27.9,74,980.2,41,11.6,23.2,18.7,0.0,0.0,0.0,1,268,1,0,0,0.0,50.0,87.68
2024-09-24 02:00:00+05:30,27.5,76,979.7,16,10.4,21.9,18.7,0.0,0.0,0.0,2,268,1,0,0,0.0,50.0,84.47
2024-09-24 03:00:00+05:30,27.2,77,979.4,0,9.0,19.7,16.9,0.0,0.0,0.0,3,268,1,0,0,0.0,50.0,82.18
2024-09-24 04:00:00+05:30,26.7,79,979.4,0,7.9,18.4,14.0,0.0,0.0,0.0,4,268,1,0,0,0.0,50.0,78.6
2024-09-24 05:00:00+05:30,26.3,80,979.8,0,6.9,16.6,12.6,0.0,0.0,0.0,5,268,1,0,0,0.0,44.85,75.99
2024-09-24 06:00:00+05:30,25.4,86,980.4,24,5.4,10.9,9.7,0.0,0.0,0.0,6,268,1,0,0,0.0,15.45,71.22
2024-09-24 07:00:00+05:30,26.6,81,980.9,90,5.8,10.2,10.1,123.3,36.0,107.4,7,268,1,0,0,11.82,15.07,117.92
2024-09-24 08:00:00+05:30,28.6,72,981.6,82,4.7,6.9,11.9,364.2,104.0,298.4,8,268,1,0,0,53.45,5.35,133.67
2024-09-24 09:00:00+05:30,30.1,67,982.2,76,5.4,6.6,15.1,533.6,143.0,502.6,9,268,1,1,0,99.6,6.0,227.89
2024-09-24 10:00:00+05:30,31.5,63,982.0,0,5.2,5.8,16.2,628.7,169.0,670.3,10,268,1,1,0,137.88,4.42,242.56
2024-09-24 11:00:00+05:30,32.7,59,981.6,0,3.3,3.6,15.8,682.0,185.0,781.3,11,268,1,1,0,164.23,0.51,256.07
2024-09-24 12:00:00+05:30,33.8,56,980.8,4,2.1,2.3,14.0,705.8,193.0,824.4,12,268,1,1,0,177.1,0.0,269.12
2024-09-24 13:00:00+05:30,34.6,51,979.4,4,1.8,1.8,13.0,697.0,194.0,789.2,13,268,1,1,0,175.02,0.0,242.98
2024-09-24 14:00:00+05:30,35.1,49,978.3,3,1.3,1.1,12.2,666.9,187.0,689.6,14,268,1,1,0,160.09,0.0,285.3
2024-09-24 15:00:00+05:30,35.4,47,977.3,1,1.8,1.6,10.8,618.7,168.0,538.3,15,268,1,1,0,133.52,0.0,289.14
2024-09-24 16:00:00+05:30,35.3,46,976.7,1,4.7,4.7,10.8,530.0,140.0,349.1,16,268,1,1,0,95.96,2.99,287.85
2024-09-24 17:00:00+05:30,33.8,55,976.5,1,10.3,15.2,16.6,363.9,101.0,149.7,17,268,1,1,0,51.2,50.0,269.12
2024-09-24 18:00:00+05:30,31.4,59,977.2,2,11.2,19.8,18.7,124.6,35.0,0.0,18,268,1,0,1,0.0,50.0,216.47
2024-09-24 19:00:00+05:30,30.2,63,977.7,0,5.5,10.3,17.6,0.0,0.0,0.0,19,268,1,0,1,0.0,14.04,203.89
2024-09-24 20:00:00+05:30,30.1,63,978.2,0,7.9,17.3,11.2,0.0,0.0,0.0,20,268,1,0,1,0.0,50.0,202.89
2024-09-24 21:00:00+05:30,29.8,62,979.0,71,9.2,20.0,15.5,0.0,0.0,0.0,21,268,1,0,1,0.0,50.0,199.91
2024-09-24 22:00:00+05:30,29.1,65,979.3,73,7.7,17.8,14.4,0.0,0.0,0.0,22,268,1,0,1,0.0,50.0,193.22
2024-09-24 23:00:00+05:30,28.5,68,979.1,82,6.8,17.3,11.9,0.0,0.0,0.0,23,268,1,0,1,0.0,50.0,187.79
2024-09-25 00:00:00+05:30,28.5,66,978.7,91,7.5,19.0,11.5,0.0,0.0,0.0,0,269,2,0,0,0.0,50.0,92.79
2024-09-25 01:00:00+05:30,28.1,68,978.2,75,5.6,15.7,11.9,0.0,0.0,0.0,1,269,2,0,0,0.0,30.63,89.35
2024-09-25 02:00:00+05:30,27.6,70,977.5,70,6.0,15.6,8.6,0.0,0.0,0.0,2,269,2,0,0,0.0,33.23,85.26
2024-09-25 03:00:00+05:30,27.4,72,977.5,82,7.9,16.9,12.2,0.0,0.0,0.0,3,269,2,0,0,0.0,50.0,83.69
2024-09-25 04:00:00+05:30,26.7,76,977.7,81,5.4,14.8,12.2,0.0,0.0,0.0,4,269,2,0,0,0.0,26.42,78.6
2024-09-25 05:00:00+05:30,26.2,80,977.9,63,7.2,12.8,8.3,0.0,0.0,0.0,5,269,2,0,0,0.0,30.11,75.37
2024-09-25 06:00:00+05:30,26.6,78,979.1,43,5.2,14.1,8.3,0.0,0.0,0.0,6,269,2,0,0,0.0,23.1,77.92
2024-09-25 07:00:00+05:30,27.8,75,980.0,67,8.2,14.9,13.0,109.5,35.0,102.0,7,269,2,0,0,11.16,50.0,126.86
2024-09-25 08:00:00+05:30,30.0,67,980.5,21,5.1,11.3,13.3,339.3,105.0,288.1,8,269,2,0,0,51.39,15.02,146.89
2024-09-25 09:00:00+05:30,31.7,61,980.9,0,5.0,6.4,13.7,511.4,146.0,491.1,9,269,2,1,0,96.9,5.0,244.76
2024-09-25 10:00:00+05:30,33.3,55,980.9,0,5.8,7.0,16.2,620.8,169.0,662.7,10,269,2,1,0,135.73,7.37,263.11
2024-09-25 11:00:00+05:30,34.4,51,980.6,0,3.3,3.8,16.2,676.8,185.0,775.0,11,269,2,1,0,162.2,0.57,276.49
2024-09-25 12:00:00+05:30,35.2,47,979.9,10,1.4,1.4,13.7,701.3,193.0,818.2,12,269,2,1,0,175.23,0.0,286.57
2024-09-25 13:00:00+05:30,35.7,46,978.7,4,2.1,2.2,14.0,654.0,195.0,750.9,13,269,2,1,0,166.81,0.0,257.02
2024-09-25 14:00:00+05:30,35.9,45,977.7,6,2.7,2.7,14.4,660.1,186.0,680.8,14,269,2,1,0,158.15,0.0,295.63
2024-09-25 15:00:00+05:30,36.1,44,976.9,6,3.0,3.6,11.9,602.1,170.0,527.2,15,269,2,1,0,130.9,0.3,298.25
2024-09-25 16:00:00+05:30,36.1,43,976.1,5,3.2,4.0,11.2,504.1,138.0,333.7,16,269,2,1,0,92.01,0.63,298.25
2024-09-25 17:00:00+05:30,34.9,51,975.9,95,4.5,7.4,8.3,347.5,99.0,142.8,17,269,2,1,0,49.15,5.6,282.76
2024-09-25 18:00:00+05:30,32.1,56,976.8,100,12.0,21.0,19.1,111.8,33.0,0.0,18,269,2,0,1,0.0,50.0,224.22
2024-09-25 19:00:00+05:30,31.4,56,977.3,98,8.0,17.5,19.1,0.0,0.0,0.0,19,269,2,0,1,0.0,50.0,216.47
2024-09-25 20:00:00+05:30,31.0,58,977.9,17,9.6,21.0,14.4,0.0,0.0,0.0,20,269,2,0,1,0.0,50.0,212.18
2024-09-25 21:00:00+05:30,30.6,61,978.6,72,11.4,23.7,18.7,0.0,0.0,0.0,21,269,2,0,1,0.0,50.0,207.98
2024-09-25 22:00:00+05:30,29.9,62,978.7,50,8.3,19.1,18.0,0.0,0.0,0.0,22,269,2,0,1,0.0,50.0,200.89
2024-09-25 23:00:00+05:30,29.5,64,978.5,49,8.6,20.5,13.3,0.0,0.0,0.0,23,269,2,0,1,0.0,50.0,197.0
2024-09-26 00:00:00+05:30,29.1,66,978.2,79,7.8,18.9,13.3,0.0,0.0,0.0,0,270,3,0,0,0.0,50.0,98.22
2024-09-26 01:00:00+05:30,28.3,71,978.0,4,5.6,15.0,12.2,0.0,0.0,0.0,1,270,3,0,0,0.0,28.25,91.05
2024-09-26 02:00:00+05:30,27.6,76,977.7,6,4.9,13.5,8.6,0.0,0.0,0.0,2,270,3,0,0,0.0,19.65,85.26
2024-09-26 03:00:00+05:30,27.3,79,977.3,0,5.0,12.8,7.2,0.0,0.0,0.0,3,270,3,0,0,0.0,18.38,82.93
2024-09-26 04:00:00+05:30,27.8,76,977.2,0,5.0,9.5,7.6,0.0,0.0,0.0,4,270,3,0,0,0.0,10.7,86.86
2024-09-26 05:00:00+05:30,27.0,80,977.6,2,5.2,9.0,8.6,0.0,0.0,0.0,5,270,3,0,0,0.0,10.27,80.71
2024-09-26 06:00:00+05:30,27.0,82,978.3,75,6.4,11.2,10.4,0.0,0.0,0.0,6,270,3,0,0,0.0,20.27,80.71
2024-09-26 07:00:00+05:30,28.0,80,978.7,66,8.6,12.7,14.8,110.2,35.0,102.8,7,270,3,0,0,11.21,37.4,128.51
2024-09-26 08:00:00+05:30,29.9,74,979.5,10,7.0,11.7,15.5,350.2,103.0,289.8,8,270,3,0,0,52.0,24.5,145.89
2024-09-26 09:00:00+05:30,31.5,67,979.8,0,4.5,5.6,15.5,518.9,143.0,491.3,9,270,3,1,0,97.44,3.22,242.56
2024-09-26 10:00:00+05:30,32.7,61,979.8,0,5.8,6.7,16.6,618.5,168.0,658.4,10,270,3,1,0,135.64,6.78,256.07
2024-09-26 11:00:00+05:30,33.7,58,979.4,27,4.6,5.2,16.9,671.6,184.0,767.6,11,270,3,1,0,161.7,2.82,267.91
2024-09-26 12:00:00+05:30,34.4,55,978.5,70,4.8,5.6,19.8,690.0,191.0,803.9,12,270,3,1,0,173.55,3.54,276.49
2024-09-26 13:00:00+05:30,35.0,53,977.5,63,4.9,5.5,20.2,701.1,190.0,783.9,13,270,3,1,0,174.66,3.51,248.03
2024-09-26 14:00:00+05:30,35.3,51,976.3,8,4.8,5.5,20.2,650.7,187.0,672.0,14,270,3,1,0,157.08,3.39,287.85
2024-09-26 15:00:00+05:30,35.4,51,975.2,13,5.6,6.5,19.1,602.6,167.0,522.2,15,270,3,1,0,130.7,6.0,289.14
2024-09-26 16:00:00+05:30,35.5,50,974.8,20,6.0,7.1,18.4,500.5,143.0,333.9,16,270,3,1,0,92.62,7.84,290.43
2024-09-26 17:00:00+05:30,33.9,57,975.4,39,11.0,16.4,18.0,303.0,100.0,131.9,17,270,3,1,0,45.86,50.0,270.34
2024-09-26 18:00:00+05:30,32.1,66,975.9,27,4.6,9.3,11.5,98.5,32.0,0.0,18,270,3,0,1,0.0,9.01,224.22
2024-09-26 19:00:00+05:30,31.3,68,976.4,12,5.5,13.8,7.6,0.0,0.0,0.0,19,270,3,0,1,0.0,23.54,215.39
2024-09-26 20:00:00+05:30,30.7,68,977.5,14,7.5,17.1,12.6,0.0,0.0,0.0,20,270,3,0,1,0.0,50.0,209.02
2024-09-26 21:00:00+05:30,30.0,72,978.1,6,7.2,16.3,11.9,0.0,0.0,0.0,21,270,3,0,1,0.0,45.32,201.89
2024-09-26 22:00:00+05:30,29.3,76,978.5,14,5.3,13.8,11.5,0.0,0.0,0.0,22,270,3,0,1,0.0,22.6,195.09
2024-09-26 23:00:00+05:30,28.8,80,978.4,9,3.7,10.2,7.9,0.0,0.0,0.0,23,270,3,0,1,0.0,7.97,190.47
2024-09-27 00:00:00+05:30,28.5,81,978.2,40,6.8,12.5,10.8,0.0,0.0,0.0,0,271,4,0,0,0.0,26.56,92.79
2024-09-27 01:00:00+05:30,28.1,83,977.9,37,8.1,15.6,13.0,0.0,0.0,0.0,1,271,4,0,0,0.0,50.0,89.35
2024-09-27 02:00:00+05:30,27.8,84,977.1,11,7.2,15.7,13.7,0.0,0.0,0.0,2,271,4,0,0,0.0,42.73,86.86
2024-09-27 03:00:00+05:30,27.6,85,977.0,32,3.9,12.3,11.5,0.0,0.0,0.0,3,271,4,0,0,0.0,9.89,85.26
2024-09-27 04:00:00+05:30,27.0,86,977.0,44,9.1,12.3,16.9,0.0,0.0,0.0,4,271,4,0,0,0.0,38.18,80.71
2024-09-27 05:00:00+05:30,26.7,86,976.8,22,3.6,2.5,14.0,0.0,0.0,0.0,5,271,4,0,0,0.0,0.92,78.6
2024-09-27 06:00:00+05:30,26.7,87,978.3,0,2.2,1.5,4.7,0.0,0.0,0.0,6,271,4,0,0,0.0,0.0,78.6
2024-09-27 07:00:00+05:30,27.5,83,978.7,2,6.3,7.3,12.2,103.6,34.0,99.4,7,271,4,0,0,10.84,9.12,124.47
2024-09-27 08:00:00+05:30,28.9,77,979.7,0,5.6,6.9,14.4,337.1,103.0,283.5,8,271,4,0,0,51.2,6.91,136.37
2024-09-27 09:00:00+05:30,30.1,72,980.3,3,4.9,5.8,17.3,505.9,145.0,484.5,9,271,4,1,0,96.87,3.99,227.89
2024-09-27 10:00:00+05:30,31.2,68,980.5,8,4.3,4.8,18.0,591.9,177.0,646.4,10,271,4,1,0,134.17,2.14,239.31
2024-09-27 11:00:00+05:30,32.2,65,980.2,17,5.2,6.0,19.4,621.0,195.0,734.0,11,271,4,1,0,156.14,4.66,250.35
2024-09-27 12:00:00+05:30,32.9,62,979.4,8,5.2,6.1,20.2,593.8,216.0,742.1,12,271,4,1,0,161.83,4.8,258.4
2024-09-27 13:00:00+05:30,33.5,60,978.4,8,5.0,5.9,20.5,617.7,207.0,727.1,13,271,4,1,0,163.93,4.21,229.5
2024-09-27 14:00:00+05:30,33.9,57,977.2,8,4.4,5.2,19.4,619.1,191.0,649.2,14,271,4,1,0,153.34,2.61,270.34
2024-09-27 15:00:00+05:30,34.1,56,976.5,12,4.5,5.4,18.4,564.1,170.0,498.6,15,271,4,1,0,126.07,2.94,272.79
2024-09-27 16:00:00+05:30,34.0,55,976.3,20,5.2,5.9,17.6,481.6,143.0,323.4,16,271,4,1,0,90.78,4.46,271.56
2024-09-27 17:00:00+05:30,33.3,56,976.2,10,5.1,6.0,16.2,328.7,97.0,133.6,17,271,4,1,0,47.33,4.49,263.11
2024-09-27 18:00:00+05:30,32.4,59,976.6,95,7.3,16.6,12.6,100.1,32.0,0.0,18,271,4,0,1,0.0,50.0,227.62
2024-09-27 19:00:00+05:30,29.7,67,977.2,66,14.9,22.9,27.4,0.0,0.0,0.0,19,271,4,0,1,0.0,50.0,198.93
2024-09-27 20:00:00+05:30,28.6,70,978.3,100,11.7,21.9,23.8,0.0,0.0,0.0,20,271,4,0,1,0.0,50.0,188.67
2024-09-27 21:00:00+05:30,28.4,74,978.9,100,9.3,18.3,18.7,0.0,0.0,0.0,21,271,4,0,1,0.0,50.0,186.92
2024-09-27 22:00:00+05:30,27.9,79,979.3,100,7.7,15.3,14.8,0.0,0.0,0.0,22,271,4,0,1,0.0,44.73,182.68
2024-09-27 23:00:00+05:30,27.6,82,979.7,100,7.5,13.7,12.2,0.0,0.0,0.0,23,271,4,0,1,0.0,35.69,180.26
2024-09-28 00:00:00+05:30,27.2,84,979.5,100,5.3,10.8,11.9,0.0,0.0,0.0,0,272,5,0,0,0.0,14.71,82.18
2024-09-28 01:00:00+05:30,26.6,88,978.9,100,3.7,9.6,8.3,0.0,0.0,0.0,1,272,5,0,0,0.0,7.16,77.92
2024-09-28 02:00:00+05:30,26.2,90,978.6,100,3.0,8.6,5.8,0.0,0.0,0.0,2,272,5,0,0,0.0,4.07,75.37
2024-09-28 03:00:00+05:30,25.9,92,978.4,100,3.7,9.3,5.8,0.0,0.0,0.0,3,272,5,0,0,0.0,6.75,73.64
2024-09-28 04:00:00+05:30,25.5,95,978.1,100,4.8,7.8,5.8,0.0,0.0,0.0,4,272,5,0,0,0.0,7.05,71.65
2024-09-28 05:00:00+05:30,25.7,93,978.1,100,2.0,4.0,5.4,0.0,0.0,0.0,5,272,5,0,0,0.0,0.0,72.59
2024-09-28 06:00:00+05:30,25.7,91,980.1,100,9.2,13.6,16.2,0.0,0.0,0.0,6,272,5,0,0,0.0,46.48,72.59
2024-09-28 07:00:00+05:30,26.0,90,981.0,96,9.9,13.0,18.0,44.7,33.0,81.4,7,272,5,0,0,8.81,50.0,114.2
2024-09-28 08:00:00+05:30,27.3,84,981.8,84,7.5,9.2,19.1,296.6,112.0,277.2,8,272,5,0,0,50.04,17.75,122.93
2024-09-28 09:00:00+05:30,28.7,79,982.6,65,4.0,5.0,16.9,460.9,162.0,475.3,9,272,5,0,0,95.18,2.06,154.57
2024-09-28 10:00:00+05:30,30.3,70,982.8,44,2.2,2.7,14.4,497.6,204.0,602.6,10,272,5,0,0,125.16,0.0,169.9
2024-09-28 11:00:00+05:30,31.5,64,982.5,99,2.1,2.2,20.2,631.7,205.0,751.8,11,272,5,0,0,160.22,0.0,182.56
2024-09-28 12:00:00+05:30,32.4,61,981.9,51,4.4,4.8,23.0,693.6,199.0,810.7,12,272,5,0,0,177.04,2.34,192.62
2024-09-28 13:00:00+05:30,32.8,60,980.9,19,4.6,5.2,24.1,629.3,204.0,731.8,13,272,5,0,0,165.93,2.84,179.23
2024-09-28 14:00:00+05:30,33.0,59,980.0,21,2.2,2.2,23.4,585.9,199.0,629.2,14,272,5,0,0,149.61,0.0,199.57
2024-09-28 15:00:00+05:30,33.1,58,979.1,15,2.7,2.7,17.6,535.3,184.0,491.1,15,272,5,0,0,124.68,0.0,200.75
2024-09-28 16:00:00+05:30,33.1,56,979.0,18,4.4,4.6,12.2,433.6,151.0,307.3,16,272,5,0,0,86.67,2.33,200.75
2024-09-28 17:00:00+05:30,32.6,57,979.4,72,6.5,7.6,12.2,311.1,98.0,128.7,17,272,5,0,0,46.14,10.11,194.92
2024-09-28 18:00:00+05:30,31.5,64,980.0,95,8.4,13.8,13.7,86.1,28.0,0.0,18,272,5,0,1,0.0,41.47,217.56
2024-09-28 19:00:00+05:30,30.2,66,981.2,98,11.0,17.8,14.4,0.0,0.0,0.0,19,272,5,0,1,0.0,50.0,203.89
2024-09-28 20:00:00+05:30,28.7,73,981.9,72,14.7,23.3,27.7,0.0,0.0,0.0,20,272,5,0,1,0.0,50.0,189.57
2024-09-28 21:00:00+05:30,28.5,72,982.4,16,9.8,20.6,23.8,0.0,0.0,0.0,21,272,5,0,1,0.0,50.0,187.79
2024-09-28 22:00:00+05:30,28.1,74,982.7,61,8.3,17.4,15.1,0.0,0.0,0.0,22,272,5,0,1,0.0,50.0,184.35
2024-09-28 23:00:00+05:30,27.4,79,983.1,100,6.4,14.2,14.8,0.0,0.0,0.0,23,272,5,0,1,0.0,30.91,178.69
2024-09-29 00:00:00+05:30,25.7,82,983.8,76,19.4,28.3,46.8,0.0,0.0,0.0,0,273,6,0,0,0.0,50.0,72.59
2024-09-29 01:00:00+05:30,25.5,82,982.9,79,5.3,10.1,30.6,0.0,0.0,0.0,1,273,6,0,0,0.0,13.15,71.65
2024-09-29 02:00:00+05:30,24.8,86,982.7,92,6.0,11.8,9.4,0.0,0.0,0.0,2,273,6,0,0,0.0,20.63,70.0
2024-09-29 03:00:00+05:30,24.4,88,982.5,98,7.6,14.4,11.9,0.0,0.0,0.0,3,273,6,0,0,0.0,40.16,70.0
2024-09-29 04:00:00+05:30,24.1,90,982.6,99,7.5,14.3,13.3,0.0,0.0,0.0,4,273,6,0,0,0.0,39.03,70.0
2024-09-29 05:00:00+05:30,24.1,91,983.0,97,5.9,12.8,12.2,0.0,0.0,0.0,5,273,6,0,0,0.0,23.35,70.0
2024-09-29 06:00:00+05:30,24.7,89,983.7,4,2.6,4.8,5.8,0.0,0.0,0.0,6,273,6,0,0,0.0,0.72,70.0
2024-09-29 07:00:00+05:30,25.7,84,984.5,1,3.7,5.4,8.3,105.0,34.0,100.9,7,273,6,0,0,11.03,2.18,112.59
2024-09-29 08:00:00+05:30,27.2,76,985.4,0,4.8,6.0,12.6,344.0,102.0,284.2,8,273,6,0,0,52.1,4.21,122.18
2024-09-29 09:00:00+05:30,28.5,73,985.7,0,6.0,7.3,16.2,515.7,143.0,486.0,9,273,6,0,0,98.55,8.55,92.79
2024-09-29 10:00:00+05:30,30.0,69,985.4,0,6.4,7.8,18.0,616.2,170.0,654.2,10,273,6,0,0,137.44,10.53,106.89
2024-09-29 11:00:00+05:30,31.3,64,985.1,0,5.1,6.0,18.4,674.6,185.0,765.4,11,273,6,0,0,164.17,4.56,120.39
2024-09-29 12:00:00+05:30,32.3,60,984.5,34,2.4,2.9,22.7,691.5,194.0,801.5,12,273,6,0,0,175.88,0.0,131.48
2024-09-29 13:00:00+05:30,32.7,59,983.7,87,3.1,3.3,19.1,600.5,224.0,724.7,13,273,6,0,0,164.23,0.28,136.07
2024-09-29 14:00:00+05:30,33.1,58,982.8,62,3.1,3.3,19.1,607.3,195.0,639.2,14,273,6,0,0,152.37,0.28,140.75
2024-09-29 15:00:00+05:30,33.2,58,982.1,59,3.4,3.7,18.0,522.3,192.0,488.0,15,273,6,0,0,124.0,0.64,141.93
2024-09-29 16:00:00+05:30,33.2,56,982.0,89,4.0,4.5,16.6,504.7,141.0,327.1,16,273,6,0,0,93.22,1.56,141.93
2024-09-29 17:00:00+05:30,32.5,58,982.1,28,6.3,7.8,14.8,267.4,98.0,118.1,17,273,6,0,0,42.55,10.18,133.76
2024-09-29 18:00:00+05:30,30.8,68,982.8,100,6.7,8.6,9.0,71.6,27.0,0.0,18,273,6,0,1,0.0,13.34,210.07
2024-09-29 19:00:00+05:30,30.1,67,983.6,100,6.2,13.8,9.4,0.0,0.0,0.0,19,273,6,0,1,0.0,27.95,202.89
2024-09-29 20:00:00+05:30,29.5,67,984.4,100,7.1,15.3,12.2,0.0,0.0,0.0,20,273,6,0,1,0.0,40.18,197.0
2024-09-29 21:00:00+05:30,29.0,69,984.8,99,4.9,12.9,11.2,0.0,0.0,0.0,21,273,6,0,1,0.0,18.17,192.29
2024-09-29 22:00:00+05:30,28.3,75,984.8,99,7.2,9.8,7.9,0.0,0.0,0.0,22,273,6,0,1,0.0,18.79,186.05
2024-09-29 23:00:00+05:30,28.2,73,984.4,96,5.4,12.9,8.3,0.0,0.0,0.0,23,273,6,0,1,0.0,20.76,185.19
2024-09-30 00:00:00+05:30,27.8,76,984.2,67,7.8,17.5,12.2,0.0,0.0,0.0,0,274,0,0,0,0.0,50.0,86.86
2024-09-30 01:00:00+05:30,27.5,76,983.7,11,7.6,17.7,12.6,0.0,0.0,0.0,1,274,0,0,0,0.0,50.0,84.47
2024-09-30 02:00:00+05:30,27.1,78,983.1,16,7.4,17.7,12.2,0.0,0.0,0.0,2,274,0,0,0,0.0,50.0,81.44
2024-09-30 03:00:00+05:30,26.8,78,983.3,59,8.2,18.5,12.6,0.0,0.0,0.0,3,274,0,0,0,0.0,50.0,79.29
2024-09-30 04:00:00+05:30,26.9,78,983.7,67,9.4,20.4,15.1,0.0,0.0,0.0,4,274,0,0,0,0.0,50.0,79.99
2024-09-30 05:00:00+05:30,26.7,79,983.9,31,8.7,19.8,15.1,0.0,0.0,0.0,5,274,0,0,0,0.0,50.0,78.6
2024-09-30 06:00:00+05:30,26.1,84,984.7,35,6.6,16.1,12.6,0.0,0.0,0.0,6,274,0,0,0,0.0,40.33,74.78
2024-09-30 07:00:00+05:30,27.0,81,985.5,100,7.7,14.4,13.0,60.4,28.0,76.3,7,274,0,0,0,8.22,40.63,120.71
2024-09-30 08:00:00+05:30,28.6,76,986.4,99,8.7,11.8,17.6,266.5,114.0,266.0,8,274,0,0,0,47.78,33.61,133.67
2024-09-30 09:00:00+05:30,29.3,73,986.8,96,9.7,12.6,19.4,47.4,196.0,258.3,9,274,0,1,0,48.21,43.43,220.09
2024-09-30 10:00:00+05:30,31.4,64,986.8,46,9.7,12.2,21.2,266.5,265.0,492.1,10,274,0,1,0,99.69,40.78,241.47
2024-09-30 11:00:00+05:30,33.4,54,986.3,39,8.5,10.5,22.0,545.3,243.0,715.0,11,274,0,1,0,150.92,26.13,264.31
2024-09-30 12:00:00+05:30,34.7,45,985.3,7,5.9,7.3,20.5,666.1,199.0,782.2,12,274,0,1,0,170.41,8.17,280.24
2024-09-30 13:00:00+05:30,35.3,42,984.3,10,5.2,6.4,16.9,664.4,196.0,748.9,13,274,0,1,0,168.8,5.26,251.85
2024-09-30 14:00:00+05:30,35.8,40,983.2,20,6.1,7.5,16.6,653.9,183.0,660.4,14,274,0,1,0,156.17,8.96,294.32
2024-09-30 15:00:00+05:30,35.9,38,982.3,10,7.1,8.9,16.2,556.2,175.0,491.1,15,274,0,1,0,124.45,15.1,295.63
2024-09-30 16:00:00+05:30,35.7,38,982.1,14,7.5,9.9,15.8,461.9,141.0,306.9,16,274,0,1,0,86.99,19.68,293.02
2024-09-30 17:00:00+05:30,34.1,54,981.9,5,3.3,8.1,13.3,303.3,94.0,121.1,17,274,0,1,0,44.24,4.23,272.79
2024-09-30 18:00:00+05:30,31.8,58,982.7,24,5.8,7.2,7.6,81.0,27.0,0.0,18,274,0,0,1,0.0,7.82,220.86
2024-09-30 19:00:00+05:30,30.4,63,983.1,18,5.9,7.2,7.2,0.0,0.0,0.0,19,274,0,0,1,0.0,8.06,205.92
2024-09-30 20:00:00+05:30,29.9,62,983.6,27,8.7,14.7,13.3,0.0,0.0,0.0,20,274,0,0,1,0.0,50.0,200.89
2024-09-30 21:00:00+05:30,29.5,62,983.8,9,8.9,18.5,14.8,0.0,0.0,0.0,21,274,0,0,1,0.0,50.0,197.0
2024-09-30 22:00:00+05:30,29.0,64,983.8,18,9.6,21.3,14.8,0.0,0.0,0.0,22,274,0,0,1,0.0,50.0,192.29
2024-09-30 23:00:00+05:30,28.6,67,983.3,15,9.4,21.7,16.2,0.0,0.0,0.0,23,274,0,0,1,0.0,50.0,188.67
2024-10-01 00:00:00+05:30,28.2,68,982.9,4,9.9,22.0,15.5,0.0,0.0,0.0,0,275,1,0,0,0.0,50.0,90.19
2024-10-01 01:00:00+05:30,28.0,71,982.6,9,11.5,23.8,18.4,0.0,0.0,0.0,1,275,1,0,0,0.0,50.0,88.51
2024-10-01 02:00:00+05:30,27.8,72,982.0,0,12.0,24.3,19.1,0.0,0.0,0.0,2,275,1,0,0,0.0,50.0,86.86
2024-10-01 03:00:00+05:30,27.5,74,981.9,0,12.9,25.0,20.9,0.0,0.0,0.0,3,275,1,0,0,0.0,50.0,84.47
2024-10-01 04:00:00+05:30,27.1,76,982.1,0,11.2,22.5,20.9,0.0,0.0,0.0,4,275,1,0,0,0.0,50.0,81.44
2024-10-01 05:00:00+05:30,26.8,77,982.2,0,10.8,22.0,18.0,0.0,0.0,0.0,5,275,1,0,0,0.0,50.0,79.29
2024-10-01 06:00:00+05:30,26.9,75,982.9,0,10.5,21.5,17.3,0.0,0.0,0.0,6,275,1,0,0,0.0,50.0,79.99
2024-10-01 07:00:00+05:30,27.5,73,983.7,1,11.4,19.8,17.6,106.5,33.0,100.4,7,275,1,0,0,10.85,50.0,124.47
2024-10-01 08:00:00+05:30,29.2,67,984.4,0,10.1,15.7,19.4,357.4,100.0,286.2,8,275,1,0,0,52.58,50.0,139.15
2024-10-01 09:00:00+05:30,30.8,61,984.8,0,11.5,14.8,23.4,531.4,140.0,489.9,9,275,1,1,0,99.18,50.0,235.07
2024-10-01 10:00:00+05:30,32.3,57,984.7,0,12.0,15.1,24.8,633.7,165.0,658.7,10,275,1,1,0,137.97,50.0,251.48
2024-10-01 11:00:00+05:30,33.7,52,984.2,0,12.9,16.2,27.0,689.3,180.0,768.5,11,275,1,1,0,164.1,50.0,267.91
2024-10-01 12:00:00+05:30,34.9,47,983.1,0,12.5,15.6,27.0,715.1,187.0,810.3,12,275,1,1,0,176.75,50.0,282.76
2024-10-01 13:00:00+05:30,35.6,44,982.0,0,12.0,15.0,26.3,716.1,186.0,779.9,13,275,1,1,0,175.78,50.0,255.72
2024-10-01 14:00:00+05:30,35.9,43,981.0,9,12.5,15.7,25.6,691.0,177.0,679.8,14,275,1,1,0,161.06,50.0,295.63
2024-10-01 15:00:00+05:30,36.0,41,980.3,18,12.0,15.1,25.6,609.8,163.0,510.2,15,275,1,1,0,130.04,50.0,296.94
2024-10-01 16:00:00+05:30,35.6,41,980.1,7,11.2,14.9,23.0,463.7,141.0,305.5,16,275,1,1,0,87.11,50.0,291.72
2024-10-01 17:00:00+05:30,33.8,52,980.0,8,11.2,19.1,19.8,336.9,95.0,126.5,17,275,1,1,0,47.05,50.0,269.12
2024-10-01 18:00:00+05:30,31.5,55,980.8,4,11.5,21.8,19.8,90.7,27.0,0.0,18,275,1,0,1,0.0,50.0,217.56
2024-10-01 19:00:00+05:30,30.9,54,981.1,3,12.3,24.4,19.1,0.0,0.0,0.0,19,275,1,0,1,0.0,50.0,211.12
2024-10-01 20:00:00+05:30,29.9,61,981.8,1,15.1,28.6,24.1,0.0,0.0,0.0,20,275,1,0,1,0.0,50.0,200.89
2024-10-01 21:00:00+05:30,29.3,63,982.1,0,14.6,28.4,24.1,0.0,0.0,0.0,21,275,1,0,1,0.0,50.0,195.09
2024-10-01 22:00:00+05:30,29.0,63,982.3,0,13.6,27.5,23.4,0.0,0.0,0.0,22,275,1,0,1,0.0,50.0,192.29
2024-10-01 23:00:00+05:30,28.4,66,982.4,0,12.5,25.7,21.6,0.0,0.0,0.0,23,275,1,0,1,0.0,50.0,186.92
2024-10-02 00:00:00+05:30,27.9,68,982.2,0,14.5,27.8,23.0,0.0,0.0,0.0,0,276,2,0,0,0.0,50.0,87.68
2024-10-02 01:00:00+05:30,27.6,69,981.9,0,15.0,28.9,24.1,0.0,0.0,0.0,1,276,2,0,0,0.0,50.0,85.26
2024-10-02 02:00:00+05:30,27.3,69,981.4,0,14.3,28.3,24.1,0.0,0.0,0.0,2,276,2,0,0,0.0,50.0,82.93
2024-10-02 03:00:00+05:30,27.0,68,981.6,0,14.0,28.3,23.0,0.0,0.0,0.0,3,276,2,0,0,0.0,50.0,80.71
2024-10-02 04:00:00+05:30,26.6,70,981.6,0,13.5,27.4,22.7,0.0,0.0,0.0,4,276,2,0,0,0.0,50.0,77.92
2024-10-02 05:00:00+05:30,26.2,71,982.1,0,12.8,26.3,21.6,0.0,0.0,0.0,5,276,2,0,0,0.0,50.0,75.37
2024-10-02 06:00:00+05:30,26.1,71,983.3,1,14.1,27.9,22.7,0.0,0.0,0.0,6,276,2,0,0,0.0,50.0,74.78
2024-10-02 07:00:00+05:30,26.7,71,984.1,0,16.8,29.2,26.6,115.0,32.0,101.2,7,276,2,0,0,10.98,50.0,118.6
2024-10-02 08:00:00+05:30,28.2,68,984.6,0,15.2,23.1,27.4,375.2,99.0,291.9,8,276,2,0,0,54.18,50.0,130.19
2024-10-02 09:00:00+05:30,29.9,62,984.9,0,15.2,20.0,28.8,549.0,139.0,498.3,9,276,2,1,0,101.64,50.0,225.89
2024-10-02 10:00:00+05:30,31.7,57,984.8,0,15.9,20.4,30.6,649.2,163.0,666.5,10,276,2,1,0,140.36,50.0,244.76
2024-10-02 11:00:00+05:30,33.2,51,984.0,0,16.7,21.4,32.4,705.5,179.0,778.9,11,276,2,1,0,166.99,50.0,261.93
2024-10-02 12:00:00+05:30,34.4,46,983.0,0,16.5,21.0,32.4,731.8,185.0,820.3,12,276,2,1,0,179.65,50.0,276.49
2024-10-02 13:00:00+05:30,35.3,41,981.9,0,16.9,21.6,32.4,732.0,185.0,789.4,13,276,2,1,0,178.49,50.0,251.85
2024-10-02 14:00:00+05:30,35.7,39,980.9,0,16.6,21.4,32.4,707.0,176.0,687.9,14,276,2,1,0,163.52,50.0,293.02
2024-10-02 15:00:00+05:30,35.9,36,980.3,0,15.9,20.9,31.3,650.6,159.0,528.3,15,276,2,1,0,135.22,50.0,295.63
2024-10-02 16:00:00+05:30,35.5,37,979.9,0,13.8,20.2,28.8,548.8,133.0,331.6,16,276,2,1,0,95.62,50.0,290.43
2024-10-02 17:00:00+05:30,33.6,47,979.7,0,10.1,20.2,23.0,364.9,94.0,129.3,17,276,2,1,0,48.98,50.0,266.7
2024-10-02 18:00:00+05:30,31.1,51,980.5,0,10.1,21.9,16.6,92.3,26.0,0.0,18,276,2,0,1,0.0,50.0,213.24
2024-10-02 19:00:00+05:30,30.0,56,981.0,0,15.1,29.2,23.4,0.0,0.0,0.0,19,276,2,0,1,0.0,50.0,201.89
2024-10-02 20:00:00+05:30,29.1,62,981.8,0,15.1,29.0,25.9,0.0,0.0,0.0,20,276,2,0,1,0.0,50.0,193.22
2024-10-02 21:00:00+05:30,28.6,64,982.3,0,15.0,29.3,24.5,0.0,0.0,0.0,21,276,2,0,1,0.0,50.0,188.67
2024-10-02 22:00:00+05:30,28.2,66,982.4,0,14.2,28.4,24.1,0.0,0.0,0.0,22,276,2,0,1,0.0,50.0,185.19
2024-10-02 23:00:00+05:30,27.8,68,982.4,0,14.6,28.5,23.8,0.0,0.0,0.0,23,276,2,0,1,0.0,50.0,181.86
2024-10-03 00:00:00+05:30,27.4,70,982.1,0,14.7,28.7,23.8,0.0,0.0,0.0,0,277,3,0,0,0.0,50.0,83.69
2024-10-03 01:00:00+05:30,27.1,71,981.6,0,15.3,29.2,24.8,0.0,0.0,0.0,1,277,3,0,0,0.0,50.0,81.44
2024-10-03 02:00:00+05:30,27.1,70,981.0,0,17.0,31.5,27.4,0.0,0.0,0.0,2,277,3,0,0,0.0,50.0,81.44
2024-10-03 03:00:00+05:30,27.3,66,981.0,0,18.2,33.3,29.5,0.0,0.0,0.0,3,277,3,0,0,0.0,0.0,82.93
2024-10-03 04:00:00+05:30,27.0,66,981.2,0,19.4,34.1,31.3,0.0,0.0,0.0,4,277,3,0,0,0.0,0.0,80.71
2024-10-03 05:00:00+05:30,26.5,70,981.5,0,21.0,35.4,34.9,0.0,0.0,0.0,5,277,3,0,0,0.0,0.0,77.26
2024-10-03 06:00:00+05:30,26.3,78,982.1,0,18.1,31.0,34.9,0.0,0.0,0.0,6,277,3,0,0,0.0,50.0,75.99
2024-10-03 07:00:00+05:30,26.7,79,982.9,2,16.0,28.7,29.5,108.1,32.0,99.9,7,277,3,0,0,10.78,50.0,118.6
2024-10-03 08:00:00+05:30,28.0,73,983.4,0,17.6,24.1,31.0,365.1,99.0,286.9,8,277,3,0,0,53.44,50.0,128.51
2024-10-03 09:00:00+05:30,29.4,64,983.9,0,18.8,24.8,34.6,545.6,138.0,493.8,9,277,3,1,0,101.31,50.0,221.04
2024-10-03 10:00:00+05:30,31.0,55,983.6,0,19.9,25.8,36.7,650.2,163.0,665.4,10,277,3,1,0,140.98,50.0,237.18
2024-10-03 11:00:00+05:30,32.4,47,983.2,0,21.0,27.5,39.2,708.1,178.0,777.9,11,277,3,1,0,167.84,50.0,252.62
2024-10-03 12:00:00+05:30,33.6,41,982.2,0,21.3,27.5,39.6,733.4,185.0,819.2,12,277,3,1,0,180.52,50.0,266.7
2024-10-03 13:00:00+05:30,34.5,37,981.1,0,20.9,27.1,39.6,733.8,184.0,787.2,13,277,3,1,0,179.18,50.0,241.74
2024-10-03 14:00:00+05:30,35.0,36,980.2,0,20.3,26.7,38.5,707.9,175.0,684.7,14,277,3,1,0,163.87,50.0,284.03
2024-10-03 15:00:00+05:30,35.0,35,979.4,0,19.7,26.3,37.1,651.6,159.0,526.1,15,277,3,1,0,135.74,50.0,284.03
2024-10-03 16:00:00+05:30,34.6,37,979.1,0,17.3,25.0,34.9,551.4,133.0,330.1,16,277,3,1,0,96.13,50.0,278.98
2024-10-03 17:00:00+05:30,32.9,44,979.2,13,12.6,23.1,28.8,363.4,93.0,126.4,17,277,3,1,0,48.68,50.0,258.4
2024-10-03 18:00:00+05:30,30.2,51,979.7,5,11.7,24.7,18.4,85.5,25.0,0.0,18,277,3,0,1,0.0,50.0,203.89
2024-10-03 19:00:00+05:30,29.3,51,980.4,5,15.4,30.7,24.8,0.0,0.0,0.0,19,277,3,0,1,0.0,50.0,195.09
2024-10-03 20:00:00+05:30,28.8,54,980.9,1,16.0,31.3,25.9,0.0,0.0,0.0,20,277,3,0,1,0.0,50.0,190.47
2024-10-03 21:00:00+05:30,28.3,59,981.1,0,16.0,30.8,26.3,0.0,0.0,0.0,21,277,3,0,1,0.0,50.0,186.05
2024-10-03 22:00:00+05:30,27.7,63,981.3,0,14.4,28.8,25.6,0.0,0.0,0.0,22,277,3,0,1,0.0,50.0,181.05
2024-10-03 23:00:00+05:30,27.1,66,981.5,1,13.9,28.1,23.0,0.0,0.0,0.0,23,277,3,0,1,0.0,50.0,176.44
2024-10-04 00:00:00+05:30,26.7,69,981.3,0,14.1,28.4,22.7,0.0,0.0,0.0,0,278,4,0,0,0.0,50.0,78.6
2024-10-04 01:00:00+05:30,26.4,71,980.9,0,14.3,28.0,23.0,0.0,0.0,0.0,1,278,4,0,0,0.0,50.0,76.61
2024-10-04 02:00:00+05:30,26.1,74,980.6,0,14.9,28.0,24.1,0.0,0.0,0.0,2,278,4,0,0,0.0,50.0,74.78
2024-10-04 03:00:00+05:30,25.9,77,980.8,0,16.3,29.2,26.3,0.0,0.0,0.0,3,278,4,0,0,0.0,50.0,73.64
2024-10-04 04:00:00+05:30,25.6,81,981.0,0,17.3,30.2,28.4,0.0,0.0,0.0,4,278,4,0,0,0.0,50.0,72.11
2024-10-04 05:00:00+05:30,25.4,82,981.4,0,17.1,29.4,28.4,0.0,0.0,0.0,5,278,4,0,0,0.0,50.0,71.22
2024-10-04 06:00:00+05:30,24.8,87,982.1,0,14.5,25.6,25.6,0.0,0.0,0.0,6,278,4,0,0,0.0,50.0,70.0
2024-10-04 07:00:00+05:30,25.2,84,982.6,0,14.3,24.2,24.8,109.0,32.0,100.7,7,278,4,0,0,10.91,50.0,110.48
2024-10-04 08:00:00+05:30,26.4,76,983.2,0,16.3,21.9,29.5,373.7,99.0,290.0,8,278,4,0,0,54.6,50.0,116.61
2024-10-04 09:00:00+05:30,27.8,70,983.7,2,16.8,21.9,32.0,551.9,139.0,497.5,9,278,4,1,0,103.04,50.0,206.86
2024-10-04 10:00:00+05:30,29.2,65,983.8,2,17.5,22.6,33.8,648.3,166.0,665.5,10,278,4,1,0,142.35,50.0,219.15
2024-10-04 11:00:00+05:30,30.4,60,983.4,1,18.1,23.2,35.6,709.5,179.0,777.8,11,278,4,1,0,169.71,50.0,230.92
2024-10-04 12:00:00+05:30,31.5,55,982.6,1,18.3,23.2,36.0,735.0,187.0,820.1,12,278,4,1,0,182.76,50.0,242.56
2024-10-04 13:00:00+05:30,32.4,51,981.6,0,17.7,22.5,35.6,737.0,184.0,787.0,13,278,4,1,0,181.31,50.0,216.62
2024-10-04 14:00:00+05:30,32.9,48,980.8,0,16.8,21.5,34.6,710.1,175.0,683.5,14,278,4,1,0,165.61,50.0,258.4
2024-10-04 15:00:00+05:30,33.0,47,980.1,0,16.7,21.5,32.4,651.1,158.0,522.1,15,278,4,1,0,136.49,50.0,259.57
2024-10-04 16:00:00+05:30,32.7,47,979.9,0,16.3,21.7,31.0,544.0,132.0,323.7,16,278,4,1,0,95.66,50.0,256.07
2024-10-04 17:00:00+05:30,31.7,52,980.1,0,14.3,22.5,28.8,355.0,91.0,121.6,17,278,4,1,0,47.73,50.0,244.76
2024-10-04 18:00:00+05:30,29.4,58,981.0,0,11.2,21.7,22.0,78.4,24.0,0.0,18,278,4,0,1,0.0,50.0,196.04
2024-10-04 19:00:00+05:30,28.3,61,981.6,0,12.1,24.3,19.1,0.0,0.0,0.0,19,278,4,0,1,0.0,50.0,186.05
2024-10-04 20:00:00+05:30,27.8,64,982.3,0,13.5,26.5,22.0,0.0,0.0,0.0,20,278,4,0,1,0.0,50.0,181.86
2024-10-04 21:00:00+05:30,27.4,67,982.7,0,13.2,25.9,22.0,0.0,0.0,0.0,21,278,4,0,1,0.0,50.0,178.69
2024-10-04 22:00:00+05:30,27.0,69,982.9,0,12.6,25.1,21.2,0.0,0.0,0.0,22,278,4,0,1,0.0,50.0,175.71
2024-10-04 23:00:00+05:30,26.5,72,982.9,0,11.7,23.9,20.2,0.0,0.0,0.0,23,278,4,0,1,0.0,50.0,172.26
2024-10-05 00:00:00+05:30,26.0,75,982.8,0,10.5,22.5,18.7,0.0,0.0,0.0,0,279,5,0,0,0.0,50.0,74.2
2024-10-05 01:00:00+05:30,25.8,76,982.5,2,12.1,24.7,19.1,0.0,0.0,0.0,1,279,5,0,0,0.0,50.0,73.11
2024-10-05 02:00:00+05:30,25.5,77,982.1,0,11.9,24.2,19.8,0.0,0.0,0.0,2,279,5,0,0,0.0,50.0,71.65
2024-10-05 03:00:00+05:30,25.2,79,982.2,0,11.6,23.6,19.1,0.0,0.0,0.0,3,279,5,0,0,0.0,50.0,70.48
2024-10-05 04:00:00+05:30,24.9,80,982.4,0,11.3,22.8,18.7,0.0,0.0,0.0,4,279,5,0,0,0.0,50.0,70.0
2024-10-05 05:00:00+05:30,24.7,81,982.7,0,13.0,24.7,20.9,0.0,0.0,0.0,5,279,5,0,0,0.0,50.0,70.0
2024-10-05 06:00:00+05:30,24.3,83,983.5,0,8.5,18.8,19.1,0.0,0.0,0.0,6,279,5,0,0,0.0,50.0,70.0
2024-10-05 07:00:00+05:30,25.0,82,984.2,0,9.6,18.5,15.5,109.8,31.0,99.4,7,279,5,0,0,10.75,50.0,110.0
2024-10-05 08:00:00+05:30,26.6,76,985.1,1,11.4,15.2,21.6,357.2,100.0,283.7,8,279,5,0,0,53.41,50.0,117.92
2024-10-05 09:00:00+05:30,28.1,70,985.8,33,15.9,20.2,29.5,521.5,143.0,482.5,9,279,5,0,0,99.91,50.0,149.35
2024-10-05 10:00:00+05:30,29.2,65,985.7,10,16.3,20.6,32.0,498.8,213.0,604.2,10,279,5,0,0,127.9,50.0,159.15
2024-10-05 11:00:00+05:30,30.1,60,985.1,4,15.7,19.8,32.0,611.0,208.0,724.4,11,279,5,0,0,158.21,50.0,167.89
2024-10-05 12:00:00+05:30,30.9,55,984.4,1,15.6,19.6,31.7,687.2,201.0,790.7,12,279,5,0,0,177.13,50.0,176.12
2024-10-05 13:00:00+05:30,31.5,52,983.4,2,15.3,18.9,32.0,716.4,189.0,772.2,13,279,5,0,0,179.17,50.0,164.56
2024-10-05 14:00:00+05:30,31.8,50,982.5,2,14.6,18.3,31.0,689.3,180.0,670.0,14,279,5,0,0,163.68,50.0,185.86
2024-10-05 15:00:00+05:30,31.8,49,981.9,1,13.7,17.3,29.5,629.4,163.0,511.0,15,279,5,0,0,134.71,50.0,185.86
2024-10-05 16:00:00+05:30,31.5,49,982.1,0,12.6,16.3,27.0,526.3,134.0,315.8,16,279,5,0,0,94.24,50.0,182.56
2024-10-05 17:00:00+05:30,30.7,52,982.4,1,9.9,15.7,23.4,339.5,92.0,117.4,17,279,5,0,0,46.79,50.0,174.02
2024-10-05 18:00:00+05:30,28.6,58,982.9,2,10.4,19.5,16.9,71.0,23.0,0.0,18,279,5,0,1,0.0,50.0,188.67
2024-10-05 19:00:00+05:30,27.8,59,983.4,1,10.4,21.7,17.3,0.0,0.0,0.0,19,279,5,0,1,0.0,50.0,181.86
2024-10-05 20:00:00+05:30,27.1,61,984.2,0,7.7,19.9,16.6,0.0,0.0,0.0,20,279,5,0,1,0.0,50.0,176.44
2024-10-05 21:00:00+05:30,26.1,66,984.8,0,6.1,17.1,11.9,0.0,0.0,0.0,21,279,5,0,1,0.0,40.36,169.78
2024-10-05 22:00:00+05:30,25.8,66,985.3,0,6.9,18.1,10.1,0.0,0.0,0.0,22,279,5,0,1,0.0,50.0,168.11
2024-10-05 23:00:00+05:30,25.8,65,985.4,0,8.1,20.0,12.6,0.0,0.0,0.0,23,279,5,0,1,0.0,50.0,168.11
2024-10-06 00:00:00+05:30,24.9,68,985.2,0,6.3,17.7,12.6,0.0,0.0,0.0,0,280,6,0,0,0.0,44.92,70.0
2024-10-06 01:00:00+05:30,24.0,74,984.8,0,7.1,15.6,9.4,0.0,0.0,0.0,1,280,6,0,0,0.0,42.34,70.0
2024-10-06 02:00:00+05:30,23.7,75,984.5,0,6.0,16.1,9.4,0.0,0.0,0.0,2,280,6,0,0,0.0,35.83,70.0
2024-10-06 03:00:00+05:30,23.6,75,984.5,0,7.4,19.1,10.8,0.0,0.0,0.0,3,280,6,0,0,0.0,50.0,70.0
2024-10-06 04:00:00+05:30,23.5,75,984.7,0,8.5,20.8,13.3,0.0,0.0,0.0,4,280,6,0,0,0.0,50.0,70.0
2024-10-06 05:00:00+05:30,22.5,82,985.0,0,7.2,15.5,13.0,0.0,0.0,0.0,5,280,6,0,0,0.0,42.88,70.0
2024-10-06 06:00:00+05:30,22.3,85,986.4,0,2.4,1.9,4.7,0.0,0.0,0.0,6,280,6,0,0,0.0,0.0,70.0
2024-10-06 07:00:00+05:30,23.6,80,987.1,0,3.9,1.2,7.9,102.8,31.0,98.0,7,280,6,0,0,10.6,1.43,110.0
2024-10-06 08:00:00+05:30,26.0,71,987.9,0,3.7,3.1,11.2,365.9,98.0,284.1,8,280,6,0,0,53.95,1.09,114.2
2024-10-06 09:00:00+05:30,28.2,63,988.5,0,2.6,3.0,12.2,543.4,138.0,488.5,9,280,6,0,0,101.73,0.0,90.19
2024-10-06 10:00:00+05:30,29.9,55,988.6,0,3.9,4.8,14.0,644.6,163.0,655.8,10,280,6,0,0,140.88,1.79,105.89
2024-10-06 11:00:00+05:30,31.2,50,988.1,0,4.9,5.9,16.6,699.7,179.0,765.2,11,280,6,0,0,167.44,4.16,119.31
2024-10-06 12:00:00+05:30,32.2,46,987.4,0,5.8,6.8,17.6,725.5,185.0,804.7,12,280,6,0,0,180.08,7.04,130.35
2024-10-06 13:00:00+05:30,32.8,43,986.5,0,7.2,8.4,19.1,724.3,184.0,771.0,13,280,6,0,0,178.57,14.07,137.23
2024-10-06 14:00:00+05:30,33.2,41,985.9,9,8.1,9.5,19.8,700.5,175.0,670.6,14,280,6,0,0,163.53,20.54,141.93
2024-10-06 15:00:00+05:30,33.0,40,985.5,9,7.1,8.7,19.8,592.1,163.0,486.6,15,280,6,0,0,128.34,14.68,139.57
2024-10-06 16:00:00+05:30,32.8,38,985.4,14,5.5,6.9,16.9,430.4,135.0,276.6,16,280,6,0,0,82.28,6.68,137.23
2024-10-06 17:00:00+05:30,31.5,52,985.5,13,2.3,4.6,11.5,288.3,87.0,103.5,17,280,6,0,0,41.5,0.39,122.56
2024-10-06 18:00:00+05:30,29.2,52,986.0,14,5.4,7.6,7.9,54.3,21.0,0.0,18,280,6,0,1,0.0,7.91,194.15
2024-10-06 19:00:00+05:30,27.8,59,986.3,9,5.0,4.3,8.3,0.0,0.0,0.0,19,280,6,0,1,0.0,3.9,181.86
2024-10-06 20:00:00+05:30,29.3,48,986.9,6,1.4,4.6,5.8,0.0,0.0,0.0,20,280,6,0,1,0.0,0.0,195.09
2024-10-06 21:00:00+05:30,29.0,49,987.2,1,1.7,1.6,1.8,0.0,0.0,0.0,21,280,6,0,1,0.0,0.0,192.29
2024-10-06 22:00:00+05:30,28.6,50,987.5,1,3.5,3.1,4.0,0.0,0.0,0.0,22,280,6,0,1,0.0,0.78,188.67
2024-10-06 23:00:00+05:30,27.3,54,987.3,0,5.4,5.8,6.1,0.0,0.0,0.0,23,280,6,0,1,0.0,5.15,177.93
2024-10-07 00:00:00+05:30,26.4,56,987.3,0,6.4,6.1,7.2,0.0,0.0,0.0,0,281,0,0,0,0.0,9.16,76.61
2024-10-07 01:00:00+05:30,25.6,58,986.9,0,8.5,7.3,9.7,0.0,0.0,0.0,1,281,0,0,0,0.0,22.65,72.11
2024-10-07 02:00:00+05:30,25.4,57,986.7,0,6.6,6.8,9.7,0.0,0.0,0.0,2,281,0,0,0,0.0,10.16,71.22
2024-10-07 03:00:00+05:30,25.0,61,986.8,0,5.6,7.2,8.6,0.0,0.0,0.0,3,281,0,0,0,0.0,7.64,70.0
2024-10-07 04:00:00+05:30,23.7,71,986.9,0,5.6,5.3,7.9,0.0,0.0,0.0,4,281,0,0,0,0.0,5.91,70.0
2024-10-07 05:00:00+05:30,23.7,72,987.0,0,4.0,4.1,6.8,0.0,0.0,0.0,5,281,0,0,0,0.0,1.61,70.0
2024-10-07 06:00:00+05:30,23.7,76,988.3,1,5.2,9.7,8.3,0.0,0.0,0.0,6,281,0,0,0,0.0,12.04,70.0
2024-10-07 07:00:00+05:30,24.6,74,989.0,0,6.3,7.8,10.4,95.7,30.0,94.4,7,281,0,0,0,10.11,10.52,110.0
2024-10-07 08:00:00+05:30,26.7,67,989.7,0,4.7,6.9,12.2,352.4,97.0,276.5,8,281,0,0,0,52.48,5.43,118.6
2024-10-07 09:00:00+05:30,29.0,58,990.0,0,3.4,4.2,12.6,532.2,137.0,479.4,9,281,0,1,0,99.85,0.92,217.29
2024-10-07 10:00:00+05:30,31.0,51,990.1,0,3.5,4.1,13.7,635.3,163.0,647.1,10,281,0,1,0,138.83,0.9,237.18
2024-10-07 11:00:00+05:30,32.6,43,989.6,0,4.6,5.7,15.1,691.0,178.0,754.7,11,281,0,1,0,164.77,3.49,254.92
2024-10-07 12:00:00+05:30,33.5,40,988.6,0,5.1,6.0,16.6,714.1,186.0,793.5,12,281,0,1,0,177.17,4.54,265.5
2024-10-07 13:00:00+05:30,34.0,39,987.6,1,4.9,5.6,16.2,720.4,184.0,764.9,13,281,0,1,0,176.84,3.69,235.56
2024-10-07 14:00:00+05:30,34.2,38,986.7,7,5.2,5.8,15.8,684.6,173.0,654.4,14,281,0,1,0,159.72,4.4,274.02
2024-10-07 15:00:00+05:30,34.0,38,986.1,9,5.0,5.5,15.5,557.5,166.0,466.8,15,281,0,1,0,123.05,3.82,271.56
2024-10-07 16:00:00+05:30,33.6,39,986.1,11,6.5,7.5,13.3,434.2,131.0,272.8,16,281,0,1,0,81.57,9.9,266.7
2024-10-07 17:00:00+05:30,32.0,49,986.1,9,6.1,8.3,13.0,289.1,88.0,102.5,17,281,0,1,0,41.59,10.97,248.09
2024-10-07 18:00:00+05:30,29.4,58,986.2,12,7.3,5.2,8.3,55.3,21.0,0.0,18,281,0,0,1,0.0,13.85,196.04
2024-10-07 19:00:00+05:30,29.0,56,986.6,11,4.2,4.0,8.3,0.0,0.0,0.0,19,281,0,0,1,0.0,1.96,192.29
2024-10-07 20:00:00+05:30,30.8,45,987.5,7,2.2,3.8,5.0,0.0,0.0,0.0,20,281,0,0,1,0.0,0.0,210.07
2024-10-07 21:00:00+05:30,30.2,46,987.8,5,3.2,3.6,3.6,0.0,0.0,0.0,21,281,0,0,1,0.0,0.4,203.89
2024-10-07 22:00:00+05:30,27.3,61,987.6,4,7.1,9.1,7.2,0.0,0.0,0.0,22,281,0,0,1,0.0,16.25,177.93
2024-10-07 23:00:00+05:30,26.6,62,987.4,4,8.6,14.7,10.4,0.0,0.0,0.0,23,281,0,0,1,0.0,50.0,172.92
2024-10-08 00:00:00+05:30,26.2,64,987.3,5,9.5,12.6,11.5,0.0,0.0,0.0,0,282,1,0,0,0.0,42.71,75.37
2024-10-08 01:00:00+05:30,26.6,61,986.8,6,7.9,13.0,11.2,0.0,0.0,0.0,1,282,1,0,0,0.0,35.26,77.92
2024-10-08 02:00:00+05:30,26.6,61,986.2,5,6.2,12.8,10.1,0.0,0.0,0.0,2,282,1,0,0,0.0,24.83,77.92
2024-10-08 03:00:00+05:30,26.1,65,986.3,2,6.1,12.5,10.4,0.0,0.0,0.0,3,282,1,0,0,0.0,23.34,74.78
2024-10-08 04:00:00+05:30,25.6,69,986.5,0,6.7,9.3,9.7,0.0,0.0,0.0,4,282,1,0,0,0.0,15.68,72.11
2024-10-08 05:00:00+05:30,24.4,73,986.7,0,5.1,9.5,8.3,0.0,0.0,0.0,5,282,1,0,0,0.0,11.24,70.0
2024-10-08 06:00:00+05:30,25.7,70,987.7,100,3.6,4.3,5.4,0.0,0.0,0.0,6,282,1,0,0,0.0,1.14,72.59
2024-10-08 07:00:00+05:30,26.0,72,988.3,100,4.2,5.0,5.8,0.0,14.0,31.7,7,282,1,0,0,3.14,2.29,114.2
2024-10-08 08:00:00+05:30,27.2,70,989.3,99,4.9,6.1,9.7,12.9,82.0,115.0,8,282,1,0,0,19.1,4.51,122.18
2024-10-08 09:00:00+05:30,29.4,61,990.0,76,5.6,7.7,14.0,153.4,194.0,318.9,9,282,1,1,0,62.01,8.57,221.04
2024-10-08 10:00:00+05:30,30.8,56,990.0,34,4.0,4.7,14.0,170.3,275.0,426.7,10,282,1,1,0,86.32,1.77,235.07
2024-10-08 11:00:00+05:30,32.4,48,989.1,2,3.3,3.7,13.3,432.6,250.0,616.3,11,282,1,1,0,133.15,0.52,252.62
2024-10-08 12:00:00+05:30,33.7,41,988.2,3,4.1,4.6,14.4,623.8,216.0,744.9,12,282,1,1,0,166.17,1.74,267.91
2024-10-08 13:00:00+05:30,34.3,39,987.0,12,5.1,6.0,16.9,714.0,189.0,761.8,13,282,1,1,0,176.23,4.52,239.25
2024-10-08 14:00:00+05:30,33.9,35,986.1,98,6.3,7.1,16.6,604.8,175.0,596.2,14,282,1,1,0,146.85,8.55,270.34
2024-10-08 15:00:00+05:30,33.5,36,985.5,26,4.3,4.9,16.2,437.4,182.0,409.9,15,282,1,1,0,108.02,2.21,265.5
2024-10-08 16:00:00+05:30,33.5,36,985.3,12,3.1,3.1,11.9,419.2,131.0,265.0,16,282,1,1,0,79.67,0.28,265.5
2024-10-08 17:00:00+05:30,31.9,57,985.0,10,2.3,3.4,7.6,257.3,86.0,94.3,17,282,1,1,0,38.63,0.0,246.98
2024-10-08 18:00:00+05:30,29.0,60,986.0,13,5.9,4.1,6.5,47.1,18.0,0.0,18,282,1,0,1,0.0,6.92,192.29
2024-10-08 19:00:00+05:30,28.4,56,986.5,20,5.2,8.8,7.6,0.0,0.0,0.0,19,282,1,0,1,0.0,9.89,186.92
2024-10-08 20:00:00+05:30,27.2,61,986.7,17,7.4,8.3,9.0,0.0,0.0,0.0,20,282,1,0,1,0.0,14.57,177.18
2024-10-08 21:00:00+05:30,27.1,57,986.8,19,6.8,12.9,9.7,0.0,0.0,0.0,21,282,1,0,1,0.0,28.45,176.44
2024-10-08 22:00:00+05:30,26.2,63,986.7,17,8.0,14.5,10.1,0.0,0.0,0.0,22,282,1,0,1,0.0,43.42,170.37
2024-10-08 23:00:00+05:30,25.3,68,986.2,1,7.8,14.6,10.1,0.0,0.0,0.0,23,282,1,0,1,0.0,42.6,165.83
2024-10-09 00:00:00+05:30,26.2,64,986.0,2,6.0,10.5,10.4,0.0,0.0,0.0,0,283,2,0,0,0.0,16.73,75.37
2024-10-09 01:00:00+05:30,24.6,71,985.4,10,7.1,10.7,8.3,0.0,0.0,0.0,1,283,2,0,0,0.0,21.83,70.0
2024-10-09 02:00:00+05:30,24.5,72,985.0,0,9.0,12.1,10.4,0.0,0.0,0.0,2,283,2,0,0,0.0,37.18,70.0
2024-10-09 03:00:00+05:30,23.9,75,984.6,0,8.3,11.1,10.1,0.0,0.0,0.0,3,283,2,0,0,0.0,28.76,70.0
2024-10-09 04:00:00+05:30,23.5,76,984.6,1,7.7,11.8,9.7,0.0,0.0,0.0,4,283,2,0,0,0.0,29.0,70.0
2024-10-09 05:00:00+05:30,23.3,77,984.9,14,6.8,12.1,9.0,0.0,0.0,0.0,5,283,2,0,0,0.0,25.7,70.0
2024-10-09 06:00:00+05:30,23.1,78,985.8,55,5.7,9.7,8.6,0.0,0.0,0.0,6,283,2,0,0,0.0,13.66,70.0
2024-10-09 07:00:00+05:30,24.5,74,986.5,47,4.4,7.2,7.6,81.1,28.0,87.0,7,283,2,0,0,9.2,5.37,110.0
2024-10-09 08:00:00+05:30,26.8,68,987.3,1,0.9,0.7,7.9,315.2,100.0,263.9,8,283,2,0,0,49.95,0.0,119.29
2024-10-09 09:00:00+05:30,29.2,58,988.1,6,4.9,5.6,13.7,529.5,137.0,475.1,9,283,2,1,0,99.52,3.76,219.15
2024-10-09 10:00:00+05:30,31.3,50,988.1,13,5.4,6.2,15.8,630.1,165.0,641.8,10,283,2,1,0,138.25,5.32,240.39
2024-10-09 11:00:00+05:30,32.9,41,987.4,18,4.3,4.7,15.8,658.0,189.0,734.8,11,283,2,1,0,160.85,2.14,258.4
2024-10-09 12:00:00+05:30,34.0,36,986.2,8,2.4,3.0,16.2,667.3,206.0,769.0,12,283,2,1,0,171.83,0.0,271.56
2024-10-09 13:00:00+05:30,34.2,33,985.5,51,11.3,13.7,24.1,611.0,198.0,684.7,13,283,2,1,0,159.71,50.0,238.02
2024-10-09 14:00:00+05:30,34.4,32,984.3,13,7.0,8.7,23.8,473.0,190.0,513.9,14,283,2,1,0,126.63,14.31,276.49
2024-10-09 15:00:00+05:30,34.1,33,983.5,27,9.6,12.0,20.5,522.7,167.0,443.0,15,283,2,1,0,117.71,38.61,272.79
2024-10-09 16:00:00+05:30,33.4,36,983.2,27,13.0,17.9,21.2,418.8,125.0,258.0,16,283,2,1,0,78.36,50.0,264.31
2024-10-09 17:00:00+05:30,31.3,39,983.2,29,15.5,25.4,30.6,235.5,78.0,84.4,17,283,2,1,0,35.28,50.0,240.39
2024-10-09 18:00:00+05:30,29.4,52,983.5,31,7.1,12.7,9.4,48.0,16.0,0.0,18,283,2,0,1,0.0,29.0,196.04
2024-10-09 19:00:00+05:30,28.4,53,984.1,18,8.6,13.6,9.7,0.0,0.0,0.0,19,283,2,0,1,0.0,42.31,186.92
2024-10-09 20:00:00+05:30,28.1,52,984.7,16,4.4,4.0,10.1,0.0,0.0,0.0,20,283,2,0,1,0.0,2.38,184.35
2024-10-09 21:00:00+05:30,27.1,58,984.9,15,6.8,7.0,7.9,0.0,0.0,0.0,21,283,2,0,1,0.0,11.1,176.44
2024-10-09 22:00:00+05:30,27.7,53,985.3,20,5.1,6.5,7.6,0.0,0.0,0.0,22,283,2,0,1,0.0,5.41,181.05
2024-10-09 23:00:00+05:30,27.5,49,985.4,33,7.3,13.7,10.1,0.0,0.0,0.0,23,283,2,0,1,0.0,34.65,179.47
2024-10-10 00:00:00+05:30,28.0,46,985.0,3,8.7,21.1,17.6,0.0,0.0,0.0,0,284,3,0,0,0.0,50.0,88.51
2024-10-10 01:00:00+05:30,26.7,52,984.6,10,12.8,22.9,21.2,0.0,0.0,0.0,1,284,3,0,0,0.0,50.0,78.6
2024-10-10 02:00:00+05:30,25.8,56,983.8,4,9.9,17.0,20.5,0.0,0.0,0.0,2,284,3,0,0,0.0,50.0,73.11
2024-10-10 03:00:00+05:30,25.2,58,983.5,0,11.2,17.5,17.6,0.0,0.0,0.0,3,284,3,0,0,0.0,50.0,70.48
2024-10-10 04:00:00+05:30,24.6,61,983.5,0,11.2,20.5,19.8,0.0,0.0,0.0,4,284,3,0,0,0.0,50.0,70.0
2024-10-10 05:00:00+05:30,23.9,64,983.6,6,7.9,15.2,18.0,0.0,0.0,0.0,5,284,3,0,0,0.0,46.56,70.0
2024-10-10 06:00:00+05:30,23.1,71,984.9,1,8.6,19.4,14.8,0.0,0.0,0.0,6,284,3,0,0,0.0,50.0,70.0
2024-10-10 07:00:00+05:30,23.9,69,985.2,0,9.3,16.7,14.0,98.1,28.0,92.4,7,284,3,0,0,9.86,50.0,110.0
2024-10-10 08:00:00+05:30,26.2,62,985.8,0,7.9,14.8,15.8,363.3,94.0,275.0,8,284,3,0,0,53.09,44.21,115.37
2024-10-10 09:00:00+05:30,28.7,55,986.4,0,7.4,10.6,17.6,544.1,134.0,478.8,9,284,3,1,0,101.03,22.42,214.57
2024-10-10 10:00:00+05:30,31.2,47,986.5,0,6.4,7.9,17.6,646.4,159.0,645.2,10,284,3,1,0,139.7,10.75,239.31
2024-10-10 11:00:00+05:30,33.0,38,985.7,0,4.7,5.6,16.9,703.3,173.0,752.6,11,284,3,1,0,165.57,3.46,259.57
2024-10-10 12:00:00+05:30,34.0,32,984.9,20,3.6,4.3,15.5,724.3,182.0,790.1,12,284,3,1,0,177.63,1.1,271.56
2024-10-10 13:00:00+05:30,34.6,29,983.9,8,4.6,5.5,14.8,704.7,181.0,741.0,13,284,3,1,0,172.81,3.2,242.98
2024-10-10 14:00:00+05:30,34.6,28,983.0,23,6.4,7.6,15.5,549.2,186.0,562.1,14,284,3,1,0,138.72,9.86,278.98
2024-10-10 15:00:00+05:30,34.4,28,982.6,19,7.5,9.1,16.2,535.4,167.0,447.8,15,284,3,1,0,119.31,17.02,276.49
2024-10-10 16:00:00+05:30,33.7,32,982.7,19,6.6,9.6,15.8,464.9,132.0,278.9,16,284,3,1,0,84.99,15.78,267.91
2024-10-10 17:00:00+05:30,31.4,48,982.6,14,4.5,9.0,11.5,295.2,82.0,94.7,17,284,3,1,0,40.66,8.29,241.47
2024-10-10 18:00:00+05:30,28.3,56,983.0,5,8.2,7.5,9.7,49.0,18.0,0.0,18,284,3,0,1,0.0,19.99,186.05
2024-10-10 19:00:00+05:30,30.2,41,983.8,1,5.2,5.5,9.4,0.0,0.0,0.0,19,284,3,0,1,0.0,4.45,203.89
2024-10-10 20:00:00+05:30,30.5,36,984.4,0,4.6,5.6,5.8,0.0,0.0,0.0,20,284,3,0,1,0.0,3.37,206.95
2024-10-10 21:00:00+05:30,30.4,34,985.0,0,3.2,2.8,5.4,0.0,0.0,0.0,21,284,3,0,1,0.0,0.4,205.92
2024-10-10 22:00:00+05:30,25.4,53,984.9,0,7.8,7.5,8.3,0.0,0.0,0.0,22,284,3,0,1,0.0,17.28,166.22
2024-10-10 23:00:00+05:30,24.8,58,984.7,0,8.8,11.8,10.4,0.0,0.0,0.0,23,284,3,0,1,0.0,34.5,165.0
2024-10-11 00:00:00+05:30,27.1,47,984.8,0,2.9,4.5,10.1,0.0,0.0,0.0,0,285,4,0,0,0.0,0.77,81.44
2024-10-11 01:00:00+05:30,24.9,56,984.2,0,2.5,4.2,6.5,0.0,0.0,0.0,1,285,4,0,0,0.0,0.34,70.0
2024-10-11 02:00:00+05:30,24.1,58,983.7,0,4.4,5.7,8.3,0.0,0.0,0.0,2,285,4,0,0,0.0,3.32,70.0
2024-10-11 03:00:00+05:30,25.8,52,983.8,0,1.3,2.9,7.6,0.0,0.0,0.0,3,285,4,0,0,0.0,0.0,73.11
2024-10-11 04:00:00+05:30,25.2,55,984.1,0,2.2,0.9,4.0,0.0,0.0,0.0,4,285,4,0,0,0.0,0.0,70.48
2024-10-11 05:00:00+05:30,22.4,67,984.1,0,4.3,4.1,7.6,0.0,0.0,0.0,5,285,4,0,0,0.0,2.21,70.0
2024-10-11 06:00:00+05:30,21.5,75,985.0,0,5.2,8.1,7.9,0.0,0.0,0.0,6,285,4,0,0,0.0,8.66,70.0
2024-10-11 07:00:00+05:30,22.4,72,985.5,0,4.9,6.3,7.2,99.0,28.0,93.3,7,285,4,0,0,9.97,4.87,110.0
2024-10-11 08:00:00+05:30,25.1,67,986.1,0,3.1,6.0,11.2,372.6,94.0,278.1,8,285,4,0,0,54.19,2.04,110.19
2024-10-11 09:00:00+05:30,27.4,59,987.0,3,3.5,4.1,12.2,554.9,133.0,482.6,9,285,4,1,0,102.79,0.91,203.69
2024-10-11 10:00:00+05:30,29.5,49,986.9,45,0.6,0.6,12.6,650.7,159.0,646.4,10,285,4,1,0,141.36,0.0,222.0
2024-10-11 11:00:00+05:30,31.1,44,986.4,32,0.6,0.6,10.8,672.5,192.0,745.2,11,285,4,1,0,164.99,0.0,238.24
2024-10-11 12:00:00+05:30,32.3,39,985.4,27,1.2,1.2,11.5,695.9,198.0,779.9,12,285,4,1,0,176.61,0.0,251.48
2024-10-11 13:00:00+05:30,33.1,36,984.8,3,2.7,3.0,12.6,708.0,191.0,750.5,13,285,4,1,0,176.08,0.0,224.75
2024-10-11 14:00:00+05:30,33.6,32,983.7,0,5.2,5.9,14.8,704.4,170.0,654.0,14,285,4,1,0,162.26,4.5,266.7
2024-10-11 15:00:00+05:30,33.5,31,983.1,14,6.7,7.9,15.8,635.0,148.0,484.3,15,285,4,1,0,130.88,11.33,265.5
2024-10-11 16:00:00+05:30,33.0,33,982.9,53,6.2,7.5,15.5,520.5,126.0,292.5,16,285,4,1,0,90.52,9.25,259.57
2024-10-11 17:00:00+05:30,30.8,46,982.9,40,6.0,11.2,11.9,288.5,88.0,95.4,17,285,4,1,0,41.39,18.43,235.07
2024-10-11 18:00:00+05:30,28.5,46,983.5,41,8.2,16.1,11.5,50.0,17.0,0.0,18,285,4,0,1,0.0,50.0,187.79
2024-10-11 19:00:00+05:30,28.0,46,984.0,68,8.4,19.0,15.5,0.0,0.0,0.0,19,285,4,0,1,0.0,50.0,183.51
2024-10-11 20:00:00+05:30,26.9,51,984.6,100,7.2,19.6,13.0,0.0,0.0,0.0,20,285,4,0,1,0.0,50.0,174.99
2024-10-11 21:00:00+05:30,26.9,57,985.3,73,10.2,21.4,16.6,0.0,0.0,0.0,21,285,4,0,1,0.0,50.0,174.99
2024-10-11 22:00:00+05:30,26.2,62,985.2,21,8.0,19.8,16.6,0.0,0.0,0.0,22,285,4,0,1,0.0,50.0,170.37
2024-10-11 23:00:00+05:30,24.3,71,984.9,6,7.5,17.2,12.6,0.0,0.0,0.0,23,285,4,0,1,0.0,50.0,165.0
2024-10-12 00:00:00+05:30,24.5,69,984.7,95,6.8,18.3,10.1,0.0,0.0,0.0,0,286,5,0,0,0.0,50.0,70.0
2024-10-12 01:00:00+05:30,23.6,73,984.5,2,5.7,12.6,9.7,0.0,0.0,0.0,1,286,5,0,0,0.0,21.75,70.0
2024-10-12 02:00:00+05:30,23.4,76,984.1,78,5.6,10.3,9.4,0.0,0.0,0.0,2,286,5,0,0,0.0,14.82,70.0
2024-10-12 03:00:00+05:30,23.8,75,984.0,15,5.3,10.5,8.6,0.0,0.0,0.0,3,286,5,0,0,0.0,14.21,70.0
2024-10-12 04:00:00+05:30,23.1,79,984.0,74,7.5,8.2,9.0,0.0,0.0,0.0,4,286,5,0,0,0.0,15.38,70.0
2024-10-12 05:00:00+05:30,25.3,67,984.5,24,3.0,4.2,8.3,0.0,0.0,0.0,5,286,5,0,0,0.0,0.66,70.83
2024-10-12 06:00:00+05:30,22.9,76,985.0,97,6.6,13.5,14.4,0.0,0.0,0.0,6,286,5,0,0,0.0,29.98,70.0
2024-10-12 07:00:00+05:30,23.1,77,985.7,75,6.2,6.8,10.4,25.0,22.0,58.9,7,286,5,0,0,5.9,8.33,110.0
2024-10-12 08:00:00+05:30,24.7,72,986.4,6,5.5,10.3,12.6,179.4,88.0,191.1,8,286,5,0,0,35.78,14.43,110.0
2024-10-12 09:00:00+05:30,27.2,61,987.0,4,4.6,6.2,13.7,421.3,136.0,406.5,9,286,5,0,0,86.28,4.22,142.18
2024-10-12 10:00:00+05:30,29.5,51,987.0,7,3.4,4.1,14.0,641.5,159.0,637.7,10,286,5,0,0,139.94,0.84,162.0
2024-10-12 11:00:00+05:30,31.0,44,986.7,17,5.8,7.1,16.6,687.1,179.0,741.1,11,286,5,0,0,165.21,7.67,177.18
2024-10-12 12:00:00+05:30,31.9,41,985.8,16,7.1,8.6,19.1,658.8,208.0,756.6,12,286,5,0,0,171.99,14.43,186.98
2024-10-12 13:00:00+05:30,32.7,40,985.0,64,7.0,8.7,18.7,721.1,177.0,744.4,13,286,5,0,0,176.17,14.4,178.07
2024-10-12 14:00:00+05:30,32.9,38,984.1,68,7.0,8.4,18.7,600.3,199.0,605.3,14,286,5,0,0,150.41,13.5,198.4
2024-10-12 15:00:00+05:30,33.0,37,983.4,80,5.8,7.0,17.3,583.7,172.0,474.2,15,286,5,0,0,127.8,7.39,199.57
2024-10-12 16:00:00+05:30,32.4,38,983.2,100,5.1,6.4,14.4,263.7,158.0,221.5,16,286,5,0,0,66.08,5.16,192.62
2024-10-12 17:00:00+05:30,30.6,51,983.6,100,4.3,7.9,10.1,27.0,63.0,40.3,17,286,5,0,0,15.64,6.08,172.98
2024-10-12 18:00:00+05:30,28.9,54,984.7,76,6.0,13.6,8.6,30.6,14.0,0.0,18,286,5,0,1,0.0,26.2,191.37
2024-10-12 19:00:00+05:30,28.7,54,984.9,98,6.4,14.5,11.5,0.0,0.0,0.0,19,286,5,0,1,0.0,31.98,189.57
2024-10-12 20:00:00+05:30,28.3,56,985.5,86,8.0,17.6,12.2,0.0,0.0,0.0,20,286,5,0,1,0.0,50.0,186.05
2024-10-12 21:00:00+05:30,27.3,60,985.7,87,9.4,19.2,15.5,0.0,0.0,0.0,21,286,5,0,1,0.0,50.0,177.93
2024-10-12 22:00:00+05:30,27.0,62,985.8,85,10.0,20.2,16.2,0.0,0.0,0.0,22,286,5,0,1,0.0,50.0,175.71
2024-10-12 23:00:00+05:30,26.6,65,985.6,100,11.0,22.1,17.6,0.0,0.0,0.0,23,286,5,0,1,0.0,50.0,172.92
2024-10-13 00:00:00+05:30,26.6,66,985.4,98,12.3,23.1,19.8,0.0,0.0,0.0,0,287,6,0,0,0.0,50.0,77.92
2024-10-13 01:00:00+05:30,26.4,66,985.0,88,13.0,24.1,20.9,0.0,0.0,0.0,1,287,6,0,0,0.0,50.0,76.61
2024-10-13 02:00:00+05:30,26.0,68,984.8,82,12.1,22.7,20.9,0.0,0.0,0.0,2,287,6,0,0,0.0,50.0,74.2
2024-10-13 03:00:00+05:30,25.6,70,984.8,81,9.8,19.7,19.8,0.0,0.0,0.0,3,287,6,0,0,0.0,50.0,72.11
2024-10-13 04:00:00+05:30,25.2,72,985.0,100,7.5,16.5,15.8,0.0,0.0,0.0,4,287,6,0,0,0.0,50.0,70.48
2024-10-13 05:00:00+05:30,25.3,72,985.5,100,9.3,17.6,14.8,0.0,0.0,0.0,5,287,6,0,0,0.0,50.0,70.83
2024-10-13 06:00:00+05:30,23.6,82,986.6,100,0.5,2.8,7.2,0.0,0.0,0.0,6,287,6,0,0,0.0,0.0,70.0
2024-10-13 07:00:00+05:30,24.6,77,986.8,94,2.7,1.2,6.1,8.4,18.0,45.2,7,287,6,0,0,4.37,0.0,110.0
2024-10-13 08:00:00+05:30,25.7,71,987.7,100,2.5,3.2,7.9,20.1,92.0,132.1,8,287,6,0,0,22.05,0.0,112.59
2024-10-13 09:00:00+05:30,26.2,71,988.3,100,6.1,8.0,13.0,14.1,115.0,143.4,9,287,6,0,0,27.07,10.48,75.37
2024-10-13 10:00:00+05:30,27.1,68,988.2,100,8.9,11.1,18.0,47.3,197.0,250.3,10,287,6,0,0,50.7,31.34,81.44
2024-10-13 11:00:00+05:30,27.6,65,987.5,20,10.2,12.9,21.2,47.0,212.0,259.9,11,287,6,0,0,54.88,50.0,85.26
2024-10-13 12:00:00+05:30,29.8,56,986.7,84,11.1,13.7,24.5,416.3,272.0,618.3,12,287,6,0,0,140.36,50.0,104.91
2024-10-13 13:00:00+05:30,30.8,47,985.8,46,9.3,11.5,24.1,365.3,268.0,549.0,13,287,6,0,0,128.88,34.83,115.07
2024-10-13 14:00:00+05:30,31.6,43,985.1,32,11.4,14.3,23.8,491.1,237.0,562.2,14,287,6,0,0,139.36,50.0,123.66
2024-10-13 15:00:00+05:30,32.0,40,984.2,47,10.1,12.9,24.1,423.1,210.0,416.7,15,287,6,0,0,111.19,50.0,128.09
2024-10-13 16:00:00+05:30,31.8,39,983.9,97,10.3,13.7,20.5,272.6,159.0,224.1,16,287,6,0,0,67.44,50.0,125.86
2024-10-13 17:00:00+05:30,30.6,45,984.0,100,6.4,13.0,18.4,66.6,91.0,61.5,17,287,6,0,0,24.65,26.22,112.98
2024-10-13 18:00:00+05:30,28.2,56,985.0,100,6.8,13.2,12.6,0.0,10.0,0.0,18,287,6,0,1,0.0,29.46,185.19
2024-10-13 19:00:00+05:30,27.7,58,985.8,100,6.7,13.9,11.2,0.0,0.0,0.0,19,287,6,0,1,0.0,31.7,181.05
2024-10-13 20:00:00+05:30,26.8,68,986.4,90,9.1,17.1,15.1,0.0,0.0,0.0,20,287,6,0,1,0.0,50.0,174.29
2024-10-13 21:00:00+05:30,26.0,74,986.4,16,5.6,12.9,14.8,0.0,0.0,0.0,21,287,6,0,1,0.0,22.01,169.2
2024-10-13 22:00:00+05:30,25.1,77,986.3,4,6.4,14.5,10.4,0.0,0.0,0.0,22,287,6,0,1,0.0,32.41,165.19
2024-10-13 23:00:00+05:30,24.7,78,986.2,51,6.0,14.5,10.4,0.0,0.0,0.0,23,287,6,0,1,0.0,29.78,165.0
2024-10-14 00:00:00+05:30,24.2,80,985.9,68,5.4,14.4,9.7,0.0,0.0,0.0,0,288,0,0,0,0.0,25.6,70.0
2024-10-14 01:00:00+05:30,24.2,81,985.5,100,5.2,13.2,8.3,0.0,0.0,0.0,1,288,0,0,0,0.0,20.85,70.0
2024-10-14 02:00:00+05:30,24.4,81,985.4,100,5.2,12.6,8.6,0.0,0.0,0.0,2,288,0,0,0,0.0,19.18,70.0
2024-10-14 03:00:00+05:30,23.9,84,985.4,100,4.3,10.4,8.3,0.0,0.0,0.0,3,288,0,0,0,0.0,10.46,70.0
2024-10-14 04:00:00+05:30,23.7,86,985.5,100,6.4,11.3,10.4,0.0,0.0,0.0,4,288,0,0,0,0.0,20.98,70.0
2024-10-14 05:00:00+05:30,23.3,88,985.8,97,6.1,12.1,10.8,0.0,0.0,0.0,5,288,0,0,0,0.0,22.24,70.0
2024-10-14 06:00:00+05:30,22.1,93,986.9,6,6.7,15.4,13.0,0.0,0.0,0.0,6,288,0,0,0,0.0,38.68,70.0
2024-10-14 07:00:00+05:30,22.9,90,987.5,1,7.9,14.3,13.3,84.9,26.0,86.5,7,288,0,0,0,9.05,42.19,110.0
2024-10-14 08:00:00+05:30,24.8,82,988.3,0,6.7,10.1,15.5,350.9,92.0,264.6,8,288,0,0,0,52.05,18.26,110.0
2024-10-14 09:00:00+05:30,26.7,73,988.9,0,6.5,8.1,17.3,529.2,133.0,463.3,9,288,0,1,0,99.86,11.7,198.6
2024-10-14 10:00:00+05:30,28.5,64,988.6,8,7.1,8.9,19.1,633.5,157.0,625.9,10,288,0,1,0,138.88,15.57,212.79
2024-10-14 11:00:00+05:30,30.2,55,987.8,9,9.2,11.3,22.0,686.4,174.0,730.6,11,288,0,1,0,164.65,33.43,228.89
2024-10-14 12:00:00+05:30,31.6,47,986.6,20,12.9,16.2,27.4,721.0,176.0,770.6,12,288,0,1,0,177.51,50.0,243.66
2024-10-14 13:00:00+05:30,32.7,42,985.8,28,13.5,16.9,28.1,694.5,187.0,727.5,13,288,0,1,0,172.96,50.0,220.07
2024-10-14 14:00:00+05:30,33.1,38,985.0,76,13.4,16.9,27.7,550.2,220.0,585.2,14,288,0,1,0,145.31,50.0,260.75
2024-10-14 15:00:00+05:30,32.9,37,984.3,91,13.4,17.5,26.6,226.6,249.0,341.8,15,288,0,1,0,87.97,50.0,258.4
2024-10-14 16:00:00+05:30,32.8,36,984.1,27,12.3,17.3,24.8,332.2,160.0,244.8,16,288,0,1,0,74.45,50.0,257.23
2024-10-14 17:00:00+05:30,31.4,41,984.0,43,8.5,17.7,21.2,290.5,83.0,87.8,17,288,0,1,0,40.16,50.0,241.47
2024-10-14 18:00:00+05:30,29.7,44,984.4,92,8.5,19.0,12.6,32.0,15.0,0.0,18,288,0,0,1,0.0,50.0,198.93
2024-10-14 19:00:00+05:30,29.6,40,985.3,91,13.1,26.9,20.9,0.0,0.0,0.0,19,288,0,0,1,0.0,50.0,197.96
2024-10-14 20:00:00+05:30,28.6,40,986.2,99,6.5,18.0,21.2,0.0,0.0,0.0,20,288,0,0,1,0.0,50.0,188.67
2024-10-14 21:00:00+05:30,27.8,47,986.9,100,6.4,13.1,10.1,0.0,0.0,0.0,21,288,0,0,1,0.0,26.9,181.86
2024-10-14 22:00:00+05:30,26.8,66,987.2,100,7.3,13.9,10.1,0.0,0.0,0.0,22,288,0,0,1,0.0,35.68,174.29
2024-10-14 23:00:00+05:30,26.4,70,987.1,100,5.2,12.7,9.4,0.0,0.0,0.0,23,288,0,0,1,0.0,19.36,171.61
2024-10-15 00:00:00+05:30,25.8,78,986.5,100,7.3,11.4,8.3,0.0,0.0,0.0,0,289,1,0,0,0.0,25.27,73.11
2024-10-15 01:00:00+05:30,25.5,76,986.0,98,3.1,1.5,7.9,0.0,0.0,0.0,1,289,1,0,0,0.0,0.29,71.65
2024-10-15 02:00:00+05:30,24.9,77,985.5,100,4.8,7.3,9.7,0.0,0.0,0.0,2,289,1,0,0,0.0,6.26,70.0
2024-10-15 03:00:00+05:30,24.9,76,985.4,100,3.6,5.6,7.9,0.0,0.0,0.0,3,289,1,0,0,0.0,2.27,70.0
2024-10-15 04:00:00+05:30,24.7,74,985.3,100,4.3,5.1,6.8,0.0,0.0,0.0,4,289,1,0,0,0.0,2.5,70.0
2024-10-15 05:00:00+05:30,24.6,69,985.4,87,4.8,5.8,8.3,0.0,0.0,0.0,5,289,1,0,0,0.0,3.96,70.0
2024-10-15 06:00:00+05:30,22.5,74,986.6,97,3.7,6.5,6.5,0.0,0.0,0.0,6,289,1,0,0,0.0,3.35,70.0
2024-10-15 07:00:00+05:30,23.3,72,987.0,0,6.4,6.9,10.1,51.4,23.0,70.4,7,289,1,0,0,7.13,9.25,110.0
2024-10-15 08:00:00+05:30,25.7,66,987.8,2,6.3,10.0,13.7,377.6,91.0,273.2,8,289,1,0,0,54.05,16.44,112.59
2024-10-15 09:00:00+05:30,28.1,58,988.5,20,6.1,8.0,15.5,554.6,130.0,473.0,9,289,1,1,0,101.95,10.41,209.35
2024-10-15 10:00:00+05:30,30.1,46,988.4,11,6.5,7.9,16.9,656.4,154.0,637.0,10,289,1,1,0,140.88,11.04,227.89
2024-10-15 11:00:00+05:30,31.8,37,987.8,9,8.6,10.6,20.5,714.5,168.0,744.2,11,289,1,1,0,167.12,27.18,245.86
2024-10-15 12:00:00+05:30,32.9,32,987.2,27,8.5,10.4,20.9,741.4,174.0,782.6,12,289,1,1,0,179.58,25.76,258.4
2024-10-15 13:00:00+05:30,33.5,29,986.2,26,9.0,11.2,20.9,736.3,174.0,744.8,13,289,1,1,0,177.23,31.57,229.5
2024-10-15 14:00:00+05:30,33.8,28,985.4,44,8.0,9.8,20.9,707.4,165.0,639.8,14,289,1,1,0,161.09,21.29,269.12
2024-10-15 15:00:00+05:30,33.8,27,984.8,16,6.1,7.8,18.4,635.6,151.0,476.4,15,289,1,1,0,130.66,9.71,269.12
2024-10-15 16:00:00+05:30,33.5,28,984.7,33,3.6,5.2,14.0,528.3,122.0,282.8,16,289,1,1,0,89.88,1.84,265.5
2024-10-15 17:00:00+05:30,31.7,47,984.6,29,3.3,5.4,6.5,323.4,79.0,88.4,17,289,1,1,0,41.71,1.73,244.76
2024-10-15 18:00:00+05:30,28.7,41,984.8,57,8.2,10.3,9.0,43.5,14.0,0.0,18,289,1,0,1,0.0,24.42,189.57
2024-10-15 19:00:00+05:30,26.7,43,985.4,21,10.4,13.6,12.2,0.0,0.0,0.0,19,289,1,0,1,0.0,50.0,173.6
2024-10-15 20:00:00+05:30,26.6,38,985.8,0,9.1,16.3,12.2,0.0,0.0,0.0,20,289,1,0,1,0.0,50.0,172.92
2024-10-15 21:00:00+05:30,25.6,41,985.8,0,10.4,13.9,12.2,0.0,0.0,0.0,21,289,1,0,1,0.0,50.0,167.11
2024-10-15 22:00:00+05:30,24.5,47,985.8,0,10.8,12.4,13.0,0.0,0.0,0.0,22,289,1,0,1,0.0,50.0,165.0
2024-10-15 23:00:00+05:30,24.1,47,985.6,0,7.5,10.5,12.6,0.0,0.0,0.0,23,289,1,0,1,0.0,22.77,165.0
2024-10-16 00:00:00+05:30,24.1,47,985.0,0,4.3,5.5,9.7,0.0,0.0,0.0,0,290,2,0,0,0.0,2.96,70.0
2024-10-16 01:00:00+05:30,22.6,58,984.5,0,5.2,3.1,7.6,0.0,0.0,0.0,1,290,2,0,0,0.0,4.57,70.0
2024-10-16 02:00:00+05:30,25.1,46,984.1,4,2.3,0.6,6.5,0.0,0.0,0.0,2,290,2,0,0,0.0,0.0,70.19
2024-10-16 03:00:00+05:30,24.6,47,984.3,0,4.2,4.0,4.7,0.0,0.0,0.0,3,290,2,0,0,0.0,1.99,70.0
2024-10-16 04:00:00+05:30,21.6,59,984.3,0,7.0,7.4,7.9,0.0,0.0,0.0,4,290,2,0,0,0.0,12.41,70.0
2024-10-16 05:00:00+05:30,20.8,60,984.6,0,6.9,8.7,9.4,0.0,0.0,0.0,5,290,2,0,0,0.0,14.69,70.0
2024-10-16 06:00:00+05:30,20.5,64,984.9,0,7.6,13.2,12.2,0.0,0.0,0.0,6,290,2,0,0,0.0,35.05,70.0
2024-10-16 07:00:00+05:30,21.5,62,985.5,0,8.3,14.8,12.6,95.2,24.0,85.9,7,290,2,0,0,9.07,50.0,110.0
2024-10-16 08:00:00+05:30,24.6,57,986.2,0,8.8,15.1,16.2,377.2,90.0,270.9,8,290,2,0,0,54.07,50.0,110.0
2024-10-16 09:00:00+05:30,27.6,53,986.9,64,7.3,15.3,17.3,561.7,129.0,474.4,9,290,2,1,0,102.88,42.05,205.26
2024-10-16 10:00:00+05:30,30.2,45,987.0,86,7.1,9.4,17.3,656.4,156.0,637.1,10,290,2,1,0,141.14,17.05,228.89
2024-10-16 11:00:00+05:30,31.9,38,986.5,84,7.2,8.7,18.0,717.6,167.0,743.2,11,290,2,1,0,167.31,15.03,246.98
2024-10-16 12:00:00+05:30,33.0,32,985.7,75,7.4,9.0,18.4,739.7,174.0,778.5,12,290,2,1,0,179.08,16.51,259.57
2024-10-16 13:00:00+05:30,33.5,30,984.7,23,7.9,9.6,19.1,736.0,173.0,740.8,13,290,2,1,0,176.85,20.18,229.5
2024-10-16 14:00:00+05:30,33.5,29,983.8,6,8.3,10.0,19.1,692.1,171.0,632.0,14,290,2,1,0,159.67,23.16,265.5
2024-10-16 15:00:00+05:30,33.3,29,983.5,56,7.2,8.7,18.4,630.0,152.0,471.5,15,290,2,1,0,130.13,14.92,263.11
2024-10-16 16:00:00+05:30,32.4,33,983.4,79,4.9,6.5,15.1,447.9,137.0,264.1,16,290,2,1,0,83.6,5.01,252.62
2024-10-16 17:00:00+05:30,29.9,62,983.3,0,1.9,2.7,8.3,291.5,81.0,83.5,17,290,2,1,0,39.89,0.0,225.89
2024-10-16 18:00:00+05:30,31.0,30,984.1,0,5.7,6.0,6.5,44.5,13.0,0.0,18,290,2,0,1,0.0,6.11,212.18
2024-10-16 19:00:00+05:30,31.6,26,984.8,0,4.8,5.6,6.5,0.0,0.0,0.0,19,290,2,0,1,0.0,3.59,218.66
2024-10-16 20:00:00+05:30,31.6,26,985.3,1,6.3,8.8,6.8,0.0,0.0,0.0,20,290,2,0,1,0.0,12.77,218.66
2024-10-16 21:00:00+05:30,29.2,32,985.3,6,8.6,11.5,9.4,0.0,0.0,0.0,21,290,2,0,1,0.0,31.54,194.15
2024-10-16 22:00:00+05:30,29.1,32,985.5,10,8.6,11.7,10.4,0.0,0.0,0.0,22,290,2,0,1,0.0,32.52,193.22
2024-10-16 23:00:00+05:30,24.5,46,985.1,11,9.6,12.4,11.9,0.0,0.0,0.0,23,290,2,0,1,0.0,42.26,165.0
2024-10-17 00:00:00+05:30,24.6,44,984.7,0,10.6,20.4,16.6,0.0,0.0,0.0,0,291,3,0,0,0.0,50.0,70.0
2024-10-17 01:00:00+05:30,23.5,49,984.2,16,7.6,19.3,16.9,0.0,0.0,0.0,1,291,3,0,0,0.0,50.0,70.0
2024-10-17 02:00:00+05:30,22.7,57,983.6,86,9.4,14.9,11.2,0.0,0.0,0.0,2,291,3,0,0,0.0,50.0,70.0
2024-10-17 03:00:00+05:30,23.3,54,983.5,66,6.9,11.5,10.8,0.0,0.0,0.0,3,291,3,0,0,0.0,23.93,70.0
2024-10-17 04:00:00+05:30,23.0,58,983.5,98,8.4,11.3,9.7,0.0,0.0,0.0,4,291,3,0,0,0.0,30.21,70.0
2024-10-17 05:00:00+05:30,22.9,60,983.9,100,7.6,10.6,9.7,0.0,0.0,0.0,5,291,3,0,0,0.0,23.63,70.0
2024-10-17 06:00:00+05:30,24.1,60,984.9,18,1.3,5.9,8.3,0.0,0.0,0.0,6,291,3,0,0,0.0,0.0,70.0
2024-10-17 07:00:00+05:30,23.1,67,985.6,5,6.9,5.1,10.1,87.5,24.0,84.4,7,291,3,0,0,8.74,11.8,110.0
2024-10-17 08:00:00+05:30,25.1,63,986.4,0,7.2,9.1,15.1,359.7,89.0,261.9,8,291,3,0,0,52.23,16.66,110.19
2024-10-17 09:00:00+05:30,28.0,53,987.2,0,6.4,8.4,15.8,546.4,127.0,461.8,9,291,3,1,0,100.37,12.16,208.51
2024-10-17 10:00:00+05:30,30.2,48,987.2,0,5.4,6.3,15.8,648.7,153.0,626.3,10,291,3,1,0,139.37,5.51,228.89
2024-10-17 11:00:00+05:30,31.8,43,986.6,0,4.4,5.0,15.8,707.5,166.0,731.7,11,291,3,1,0,165.43,2.43,245.86
2024-10-17 12:00:00+05:30,33.1,34,985.7,0,5.0,5.9,15.5,731.9,172.0,767.3,12,291,3,1,0,177.19,4.25,260.75
2024-10-17 13:00:00+05:30,33.6,31,984.8,2,6.6,7.6,17.3,732.0,171.0,732.8,13,291,3,1,0,175.6,10.35,230.7
2024-10-17 14:00:00+05:30,33.6,30,984.0,9,7.8,9.5,18.4,689.0,165.0,621.5,14,291,3,1,0,157.88,19.45,266.7
2024-10-17 15:00:00+05:30,33.4,30,983.4,17,7.0,8.5,18.4,601.3,151.0,452.8,15,291,3,1,0,125.54,13.76,264.31
2024-10-17 16:00:00+05:30,32.7,33,983.5,22,6.7,8.5,15.5,440.5,125.0,250.2,16,291,3,1,0,80.17,12.98,256.07
2024-10-17 17:00:00+05:30,30.4,43,983.5,73,5.6,11.0,11.2,258.6,77.0,75.4,17,291,3,1,0,36.41,16.29,230.92
2024-10-17 18:00:00+05:30,27.8,47,983.8,11,9.0,9.8,10.8,34.1,12.0,0.0,18,291,3,0,1,0.0,26.76,181.86
2024-10-17 19:00:00+05:30,30.2,35,984.5,25,4.6,7.0,10.1,0.0,0.0,0.0,19,291,3,0,1,0.0,5.32,203.89
2024-10-17 20:00:00+05:30,30.5,34,985.1,36,3.6,7.2,5.0,0.0,0.0,0.0,20,291,3,0,1,0.0,3.86,206.95
2024-10-17 21:00:00+05:30,31.0,33,985.3,26,3.1,6.5,4.0,0.0,0.0,0.0,21,291,3,0,1,0.0,2.41,212.18
2024-10-17 22:00:00+05:30,30.5,34,985.6,2,1.6,4.9,3.6,0.0,0.0,0.0,22,291,3,0,1,0.0,0.0,206.95
2024-10-17 23:00:00+05:30,30.0,35,985.2,5,1.8,5.9,2.5,0.0,0.0,0.0,23,291,3,0,1,0.0,0.22,201.89
2024-10-18 00:00:00+05:30,25.4,50,984.7,0,8.9,10.9,9.4,0.0,0.0,0.0,0,292,4,0,0,0.0,30.42,71.22
2024-10-18 01:00:00+05:30,23.7,59,984.2,12,8.7,13.0,11.5,0.0,0.0,0.0,1,292,4,0,0,0.0,40.36,70.0
2024-10-18 02:00:00+05:30,23.4,61,983.6,2,7.9,13.2,10.4,0.0,0.0,0.0,2,292,4,0,0,0.0,36.49,70.0
2024-10-18 03:00:00+05:30,22.7,67,983.4,4,9.2,12.5,10.8,0.0,0.0,0.0,3,292,4,0,0,0.0,40.69,70.0
2024-10-18 04:00:00+05:30,22.3,69,983.5,4,9.0,12.0,10.8,0.0,0.0,0.0,4,292,4,0,0,0.0,36.86,70.0
2024-10-18 05:00:00+05:30,21.8,72,983.9,1,9.2,13.2,10.8,0.0,0.0,0.0,5,292,4,0,0,0.0,44.89,70.0
2024-10-18 06:00:00+05:30,21.4,73,985.1,0,4.5,2.7,5.4,0.0,0.0,0.0,6,292,4,0,0,0.0,2.67,70.0
2024-10-18 07:00:00+05:30,22.3,73,985.8,0,6.0,6.0,8.6,88.4,23.0,82.9,7,292,4,0,0,8.59,7.49,110.0
2024-10-18 08:00:00+05:30,25.1,65,986.5,0,5.2,7.1,12.2,366.2,88.0,262.4,8,292,4,0,0,52.62,6.68,110.19
2024-10-18 09:00:00+05:30,28.2,54,987.2,0,4.8,7.1,13.7,549.5,128.0,463.2,9,292,4,1,0,100.87,5.88,210.19
2024-10-18 10:00:00+05:30,30.6,45,987.4,0,6.0,7.2,16.2,654.9,151.0,626.4,10,292,4,1,0,139.67,8.28,232.98
2024-10-18 11:00:00+05:30,32.3,37,986.9,0,5.8,6.9,16.9,710.7,166.0,731.7,11,292,4,1,0,165.51,7.24,251.48
2024-10-18 12:00:00+05:30,33.2,32,985.9,0,6.4,7.5,17.6,736.4,172.0,768.2,12,292,4,1,0,177.76,9.7,261.93
2024-10-18 13:00:00+05:30,33.6,31,984.9,0,6.4,7.5,18.0,734.2,172.0,732.7,13,292,4,1,0,175.98,9.67,230.7
2024-10-18 14:00:00+05:30,33.9,31,984.2,0,4.5,5.5,17.3,707.8,162.0,628.7,14,292,4,1,0,160.04,3.09,270.34
2024-10-18 15:00:00+05:30,33.8,31,983.6,7,3.1,4.0,14.0,638.1,145.0,464.6,15,292,4,1,0,129.42,0.58,269.12
2024-10-18 16:00:00+05:30,33.5,33,983.5,6,3.6,4.6,10.4,492.3,121.0,262.9,16,292,4,1,0,85.07,1.34,265.5
2024-10-18 17:00:00+05:30,30.6,52,983.6,0,5.6,9.6,7.2,292.3,74.0,76.6,17,292,4,1,0,38.24,12.73,232.98
2024-10-18 18:00:00+05:30,28.3,47,984.0,4,9.8,11.2,11.5,34.8,11.0,0.0,18,292,4,0,1,0.0,35.88,186.05
2024-10-18 19:00:00+05:30,27.5,49,984.3,3,9.3,9.2,11.5,0.0,0.0,0.0,19,292,4,0,1,0.0,29.66,179.47
2024-10-18 20:00:00+05:30,27.8,47,984.9,2,5.7,4.0,10.8,0.0,0.0,0.0,20,292,4,0,1,0.0,6.18,181.86
2024-10-18 21:00:00+05:30,30.4,37,985.5,0,1.3,3.8,6.8,0.0,0.0,0.0,21,292,4,0,1,0.0,0.0,205.92
2024-10-18 22:00:00+05:30,30.3,36,985.6,0,3.3,5.2,3.6,0.0,0.0,0.0,22,292,4,0,1,0.0,1.58,204.9
2024-10-18 23:00:00+05:30,28.5,41,985.4,0,6.4,5.6,6.8,0.0,0.0,0.0,23,292,4,0,1,0.0,9.08,187.79
2024-10-19 00:00:00+05:30,24.0,57,984.9,0,7.6,9.8,11.2,0.0,0.0,0.0,0,293,5,0,0,0.0,20.51,70.0
2024-10-19 01:00:00+05:30,23.0,66,984.8,0,9.2,12.3,10.1,0.0,0.0,0.0,1,293,5,0,0,0.0,39.58,70.0
2024-10-19 02:00:00+05:30,23.4,64,984.7,0,9.3,13.0,10.8,0.0,0.0,0.0,2,293,5,0,0,0.0,44.14,70.0
2024-10-19 03:00:00+05:30,26.0,53,984.9,0,6.9,11.3,10.4,0.0,0.0,0.0,3,293,5,0,0,0.0,23.02,74.2
2024-10-19 04:00:00+05:30,22.6,68,984.9,0,8.3,12.2,10.4,0.0,0.0,0.0,4,293,5,0,0,0.0,34.09,70.0
2024-10-19 05:00:00+05:30,21.9,73,985.0,0,7.4,13.4,10.1,0.0,0.0,0.0,5,293,5,0,0,0.0,34.57,70.0
2024-10-19 06:00:00+05:30,21.5,75,985.8,0,6.1,9.0,9.0,0.0,0.0,0.0,6,293,5,0,0,0.0,13.17,70.0
2024-10-19 07:00:00+05:30,22.9,72,986.5,0,4.7,6.8,7.9,80.4,24.0,83.8,7,293,5,0,0,8.51,5.32,110.0
2024-10-19 08:00:00+05:30,25.9,66,987.3,0,3.9,3.6,10.4,362.4,88.0,260.2,8,293,5,0,0,52.14,1.42,113.64
2024-10-19 09:00:00+05:30,29.2,54,987.9,0,2.6,1.5,10.8,548.5,128.0,461.1,9,293,5,0,0,100.32,0.0,159.15
2024-10-19 10:00:00+05:30,31.6,45,988.0,0,1.4,1.5,10.8,656.5,151.0,625.5,10,293,5,0,0,139.26,0.0,183.66
2024-10-19 11:00:00+05:30,33.1,38,987.4,0,2.5,2.6,12.2,711.2,166.0,729.7,11,293,5,0,0,164.91,0.0,200.75
2024-10-19 12:00:00+05:30,33.8,36,986.4,2,4.1,4.3,14.4,734.7,172.0,764.1,12,293,5,0,0,176.86,1.74,209.12
2024-10-19 13:00:00+05:30,34.4,32,985.6,15,4.8,5.6,15.1,728.8,170.0,723.8,13,293,5,0,0,173.94,3.56,198.49
2024-10-19 14:00:00+05:30,34.6,29,984.8,10,5.5,6.4,15.1,646.6,169.0,591.3,14,293,5,0,0,150.63,5.74,218.98
2024-10-19 15:00:00+05:30,34.3,29,984.3,15,6.6,7.8,15.1,569.2,149.0,429.3,15,293,5,0,0,119.7,10.82,215.25
2024-10-19 16:00:00+05:30,33.5,33,983.7,0,6.1,8.8,14.8,496.5,118.0,259.9,16,293,5,0,0,84.84,12.12,205.5
2024-10-19 17:00:00+05:30,30.6,50,983.6,0,6.5,11.3,11.2,309.8,74.0,77.2,17,293,5,0,0,39.49,20.89,172.98
2024-10-19 18:00:00+05:30,28.5,40,984.1,0,8.9,16.3,12.2,35.5,11.0,0.0,18,293,5,0,1,0.0,50.0,187.79
2024-10-19 19:00:00+05:30,26.6,46,984.8,0,11.3,15.8,13.3,0.0,0.0,0.0,19,293,5,0,1,0.0,50.0,172.92
2024-10-19 20:00:00+05:30,26.5,47,985.3,0,6.8,9.6,12.6,0.0,0.0,0.0,20,293,5,0,1,0.0,16.87,172.26
2024-10-19 21:00:00+05:30,25.4,52,985.6,0,9.5,11.9,10.8,0.0,0.0,0.0,21,293,5,0,1,0.0,38.7,166.22
2024-10-19 22:00:00+05:30,28.3,38,986.2,0,7.8,11.6,10.8,0.0,0.0,0.0,22,293,5,0,1,0.0,28.23,186.05
2024-10-19 23:00:00+05:30,27.6,41,986.0,0,7.9,9.2,8.6,0.0,0.0,0.0,23,293,5,0,1,0.0,19.1,180.26
2024-10-20 00:00:00+05:30,30.7,32,985.9,0,5.1,6.4,9.7,0.0,0.0,0.0,0,294,6,0,0,0.0,5.2,114.02
2024-10-20 01:00:00+05:30,24.8,50,985.3,0,10.1,16.5,15.5,0.0,0.0,0.0,1,294,6,0,0,0.0,50.0,70.0
2024-10-20 02:00:00+05:30,23.0,60,984.8,0,11.6,15.9,15.8,0.0,0.0,0.0,2,294,6,0,0,0.0,50.0,70.0
2024-10-20 03:00:00+05:30,23.3,60,984.7,0,10.1,14.3,13.3,0.0,0.0,0.0,3,294,6,0,0,0.0,50.0,70.0
2024-10-20 04:00:00+05:30,22.2,65,984.7,0,10.4,14.2,11.5,0.0,0.0,0.0,4,294,6,0,0,0.0,50.0,70.0
2024-10-20 05:00:00+05:30,21.5,69,985.2,0,6.4,15.7,11.9,0.0,0.0,0.0,5,294,6,0,0,0.0,37.66,70.0
2024-10-20 06:00:00+05:30,21.0,72,986.4,0,7.0,15.1,13.7,0.0,0.0,0.0,6,294,6,0,0,0.0,39.73,70.0
2024-10-20 07:00:00+05:30,21.8,73,987.3,0,5.1,10.9,10.8,81.3,23.0,82.3,7,294,6,0,0,8.37,14.57,110.0
2024-10-20 08:00:00+05:30,24.8,64,987.6,0,1.5,2.7,8.3,362.1,88.0,259.4,8,294,6,0,0,52.35,0.0,110.0
2024-10-20 09:00:00+05:30,28.6,52,988.4,0,1.9,4.6,9.0,551.8,127.0,460.3,9,294,6,0,0,100.77,0.12,93.67
2024-10-20 10:00:00+05:30,30.6,45,988.5,0,4.8,5.6,14.4,659.8,151.0,625.6,10,294,6,0,0,140.29,3.62,112.98
2024-10-20 11:00:00+05:30,31.4,44,987.9,0,7.1,8.0,18.4,714.4,165.0,728.7,11,294,6,0,0,166.39,12.71,121.47
2024-10-20 12:00:00+05:30,32.3,42,987.0,0,7.3,8.5,19.4,738.0,171.0,763.1,12,294,6,0,0,178.29,14.68,131.48
2024-10-20 13:00:00+05:30,33.0,37,986.3,0,6.6,7.6,19.4,734.8,170.0,725.6,13,294,6,0,0,175.88,10.38,139.57
2024-10-20 14:00:00+05:30,33.3,34,985.7,2,4.9,5.4,17.6,697.2,163.0,617.0,14,294,6,0,0,158.56,3.56,143.11
2024-10-20 15:00:00+05:30,33.2,32,985.1,13,5.9,6.6,14.8,562.8,149.0,423.7,15,294,6,0,0,119.16,6.82,141.93
2024-10-20 16:00:00+05:30,32.7,34,985.1,25,4.0,4.5,14.0,456.8,116.0,243.0,16,294,6,0,0,79.96,1.57,136.07
2024-10-20 17:00:00+05:30,30.4,46,985.2,13,6.2,9.4,9.4,257.8,69.0,66.8,17,294,6,0,0,34.48,14.13,110.92
2024-10-20 18:00:00+05:30,28.2,39,985.6,7,7.0,15.0,19.1,24.2,10.0,0.0,18,294,6,0,1,0.0,38.31,185.19
2024-10-20 19:00:00+05:30,27.0,45,985.9,6,10.5,11.5,11.5,0.0,0.0,0.0,19,294,6,0,1,0.0,43.2,175.71
2024-10-20 20:00:00+05:30,26.6,44,986.3,7,8.6,16.4,12.6,0.0,0.0,0.0,20,294,6,0,1,0.0,50.0,172.92
2024-10-20 21:00:00+05:30,25.6,55,986.8,12,9.9,13.5,12.6,0.0,0.0,0.0,21,294,6,0,1,0.0,50.0,167.11
2024-10-20 22:00:00+05:30,25.0,61,987.0,9,10.1,14.8,12.2,0.0,0.0,0.0,22,294,6,0,1,0.0,50.0,165.0
2024-10-20 23:00:00+05:30,25.5,60,986.9,2,9.4,13.3,12.6,0.0,0.0,0.0,23,294,6,0,1,0.0,46.35,166.65
2024-10-21 00:00:00+05:30,24.1,64,986.6,2,8.3,14.1,11.2,0.0,0.0,0.0,0,295,0,0,0,0.0,43.72,70.0
2024-10-21 01:00:00+05:30,24.1,63,986.5,0,6.9,16.6,11.2,0.0,0.0,0.0,1,295,0,0,0,0.0,45.49,70.0
2024-10-21 02:00:00+05:30,23.1,71,986.2,1,6.3,15.7,10.1,0.0,0.0,0.0,2,295,0,0,0,0.0,36.72,70.0
2024-10-21 03:00:00+05:30,21.8,80,986.1,1,8.2,13.5,10.1,0.0,0.0,0.0,3,295,0,0,0,0.0,40.18,70.0
2024-10-21 04:00:00+05:30,21.7,82,986.3,1,6.5,16.1,9.7,0.0,0.0,0.0,4,295,0,0,0,0.0,40.18,70.0
2024-10-21 05:00:00+05:30,21.6,84,986.6,1,6.9,15.9,9.7,0.0,0.0,0.0,5,295,0,0,0,0.0,42.57,70.0
2024-10-21 06:00:00+05:30,22.4,86,987.8,3,7.9,14.4,10.1,0.0,0.0,0.0,6,295,0,0,0,0.0,42.78,70.0
2024-10-21 07:00:00+05:30,24.3,77,988.3,15,6.5,12.3,10.1,73.1,21.0,75.5,7,295,0,0,0,7.54,24.9,110.0
2024-10-21 08:00:00+05:30,26.7,70,988.6,19,2.9,6.4,11.5,293.8,89.0,233.9,8,295,0,0,0,46.11,2.1,118.6
2024-10-21 09:00:00+05:30,28.7,63,989.1,2,1.9,2.4,10.1,434.8,138.0,406.2,9,295,0,1,0,87.89,0.0,214.57
2024-10-21 10:00:00+05:30,30.5,56,989.3,0,0.8,1.0,10.4,588.5,164.0,588.4,10,295,0,1,0,131.74,0.0,231.95
2024-10-21 11:00:00+05:30,31.6,50,988.6,2,2.9,3.1,13.0,685.3,168.0,706.7,11,295,0,1,0,161.78,0.08,243.66
2024-10-21 12:00:00+05:30,32.3,46,987.7,15,2.1,2.1,14.4,708.5,174.0,739.9,12,295,0,1,0,173.53,0.0,251.48
2024-10-21 13:00:00+05:30,32.8,42,986.8,13,3.5,3.8,14.0,646.4,182.0,667.2,13,295,0,1,0,162.58,0.77,221.23
2024-10-21 14:00:00+05:30,32.1,44,986.0,44,9.0,10.3,20.2,645.1,168.0,584.3,14,295,0,1,0,151.51,27.38,249.22
2024-10-21 15:00:00+05:30,31.5,45,985.5,39,7.2,8.0,22.3,426.9,151.0,352.7,15,295,0,1,0,99.86,13.15,242.56
2024-10-21 16:00:00+05:30,31.2,46,985.5,12,7.6,9.1,16.6,376.6,129.0,224.7,16,295,0,1,0,73.41,17.56,239.31
2024-10-21 17:00:00+05:30,29.9,52,985.7,17,5.8,10.4,14.8,239.7,68.0,62.8,17,295,0,1,0,32.91,15.51,225.89
2024-10-21 18:00:00+05:30,27.7,57,986.0,4,6.4,12.5,9.0,24.7,9.0,0.0,18,295,0,0,1,0.0,24.76,181.05
2024-10-21 19:00:00+05:30,26.3,63,986.7,7,7.1,9.6,9.4,0.0,0.0,0.0,19,295,0,0,1,0.0,17.93,170.99
2024-10-21 20:00:00+05:30,27.1,56,987.2,4,6.6,14.2,10.8,0.0,0.0,0.0,20,295,0,0,1,0.0,32.37,176.44
2024-10-21 21:00:00+05:30,27.6,56,987.5,1,6.0,8.3,11.2,0.0,0.0,0.0,21,295,0,0,1,0.0,10.89,180.26
2024-10-21 22:00:00+05:30,25.1,68,987.6,2,9.1,12.9,10.8,0.0,0.0,0.0,22,295,0,0,1,0.0,42.2,165.19
2024-10-21 23:00:00+05:30,24.3,75,987.4,0,6.4,13.1,10.8,0.0,0.0,0.0,23,295,0,0,1,0.0,27.23,165.0
2024-10-22 00:00:00+05:30,23.3,80,987.3,1,5.1,11.7,9.0,0.0,0.0,0.0,0,296,1,0,0,0.0,16.46,70.0
2024-10-22 01:00:00+05:30,22.6,83,986.6,1,6.9,9.9,8.3,0.0,0.0,0.0,1,296,1,0,0,0.0,18.44,70.0
2024-10-22 02:00:00+05:30,23.4,76,986.3,6,3.6,6.8,7.6,0.0,0.0,0.0,2,296,1,0,0,0.0,3.51,70.0
2024-10-22 03:00:00+05:30,23.7,73,986.4,1,2.6,5.2,4.0,0.0,0.0,0.0,3,296,1,0,0,0.0,0.96,70.0
2024-10-22 04:00:00+05:30,23.1,77,986.6,0,1.8,2.6,2.9,0.0,0.0,0.0,4,296,1,0,0,0.0,0.0,70.0
2024-10-22 05:00:00+05:30,21.7,85,986.7,0,3.7,3.3,5.8,0.0,0.0,0.0,5,296,1,0,0,0.0,1.1,70.0
2024-10-22 06:00:00+05:30,22.8,83,988.0,7,5.2,6.5,9.0,0.0,0.0,0.0,6,296,1,0,0,0.0,5.68,70.0
2024-10-22 07:00:00+05:30,22.7,85,988.9,27,5.0,6.2,8.6,64.7,20.0,71.2,7,296,1,0,0,7.05,4.88,110.0
2024-10-22 08:00:00+05:30,24.9,76,989.4,1,4.4,7.7,11.2,303.8,90.0,238.5,8,296,1,0,0,47.55,6.13,110.0
2024-10-22 09:00:00+05:30,27.2,64,990.1,2,5.2,6.5,15.1,516.1,128.0,438.4,9,296,1,1,0,96.91,5.61,202.18
2024-10-22 10:00:00+05:30,29.3,56,990.0,1,5.9,6.9,16.6,628.2,152.0,600.6,10,296,1,1,0,136.25,7.51,220.09
2024-10-22 11:00:00+05:30,30.8,49,989.7,0,6.2,7.4,18.0,684.4,168.0,703.6,11,296,1,1,0,162.07,9.15,235.07
2024-10-22 12:00:00+05:30,31.7,43,988.8,7,5.2,6.1,19.1,706.7,175.0,736.8,12,296,1,1,0,173.69,4.86,244.76
2024-10-22 13:00:00+05:30,32.1,40,987.8,13,5.0,5.9,17.6,666.2,178.0,675.8,13,296,1,1,0,165.7,4.27,213.22
2024-10-22 14:00:00+05:30,32.4,37,986.9,12,5.6,6.6,16.2,582.6,172.0,544.2,14,296,1,1,0,141.46,6.31,252.62
2024-10-22 15:00:00+05:30,32.4,37,986.6,13,7.9,9.5,17.3,541.3,157.0,415.1,15,296,1,1,0,117.58,19.92,252.62
2024-10-22 16:00:00+05:30,32.0,38,986.5,15,6.0,7.6,17.3,408.2,122.0,228.0,16,296,1,1,0,75.42,9.11,248.09
2024-10-22 17:00:00+05:30,30.2,46,986.6,18,7.6,14.5,12.2,239.0,69.0,61.9,17,296,1,1,0,32.97,40.04,228.89
2024-10-22 18:00:00+05:30,28.0,53,986.7,5,6.7,15.6,10.1,25.3,9.0,0.0,18,296,1,0,1,0.0,38.77,183.51
2024-10-22 19:00:00+05:30,26.7,56,987.4,1,6.4,15.9,10.4,0.0,0.0,0.0,19,296,1,0,1,0.0,37.91,173.6
2024-10-22 20:00:00+05:30,26.0,58,987.7,2,6.3,15.7,9.7,0.0,0.0,0.0,20,296,1,0,1,0.0,36.42,169.2
2024-10-22 21:00:00+05:30,24.7,64,987.9,2,7.4,12.4,9.4,0.0,0.0,0.0,21,296,1,0,1,0.0,29.99,165.0
2024-10-22 22:00:00+05:30,24.2,65,987.9,1,7.2,11.1,9.0,0.0,0.0,0.0,22,296,1,0,1,0.0,23.83,165.0
2024-10-22 23:00:00+05:30,23.6,68,987.6,0,8.1,9.4,9.4,0.0,0.0,0.0,23,296,1,0,1,0.0,20.84,165.0
2024-10-23 00:00:00+05:30,23.1,69,987.6,0,7.1,10.4,9.7,0.0,0.0,0.0,0,297,2,0,0,0.0,20.91,70.0
2024-10-23 01:00:00+05:30,22.5,72,987.3,0,6.5,9.3,9.0,0.0,0.0,0.0,1,297,2,0,0,0.0,15.22,70.0
2024-10-23 02:00:00+05:30,21.9,75,987.1,0,6.2,7.5,8.3,0.0,0.0,0.0,2,297,2,0,0,0.0,9.64,70.0
2024-10-23 03:00:00+05:30,21.7,75,987.3,0,4.8,5.3,7.6,0.0,0.0,0.0,3,297,2,0,0,0.0,3.43,70.0
2024-10-23 04:00:00+05:30,21.3,77,987.3,0,4.3,4.0,6.1,0.0,0.0,0.0,4,297,2,0,0,0.0,2.23,70.0
2024-10-23 05:00:00+05:30,21.2,77,987.4,0,3.7,3.8,5.8,0.0,0.0,0.0,5,297,2,0,0,0.0,1.11,70.0
2024-10-23 06:00:00+05:30,24.2,64,988.9,45,7.3,15.4,10.8,0.0,0.0,0.0,6,297,2,0,0,0.0,43.1,70.0
2024-10-23 07:00:00+05:30,25.7,57,989.6,47,7.1,12.2,13.3,37.4,16.0,53.4,7,297,2,0,0,5.04,27.53,112.59
2024-10-23 08:00:00+05:30,26.8,57,990.1,36,7.4,9.9,13.3,233.7,76.0,192.3,8,297,2,0,0,37.96,20.06,119.29
2024-10-23 09:00:00+05:30,28.6,50,990.7,22,7.3,9.6,16.2,442.4,131.0,399.7,9,297,2,1,0,87.46,18.55,213.67
2024-10-23 10:00:00+05:30,30.2,44,990.5,19,9.9,12.3,21.2,578.5,161.0,574.4,10,297,2,1,0,129.66,42.82,228.89
2024-10-23 11:00:00+05:30,31.4,39,989.8,5,10.3,12.8,23.4,648.0,179.0,684.8,11,297,2,1,0,157.32,50.0,241.47
2024-10-23 12:00:00+05:30,32.1,38,988.8,1,6.1,7.3,22.7,697.3,177.0,728.7,12,297,2,1,0,171.94,8.67,249.22
2024-10-23 13:00:00+05:30,32.7,36,987.7,21,6.0,7.2,17.3,687.6,174.0,685.4,13,297,2,1,0,168.14,8.23,220.07
2024-10-23 14:00:00+05:30,33.0,32,986.9,7,8.4,10.2,19.1,598.5,172.0,552.3,14,297,2,1,0,143.59,24.49,259.57
2024-10-23 15:00:00+05:30,32.9,31,986.2,0,7.8,9.6,19.1,519.3,153.0,398.2,15,297,2,1,0,113.2,19.91,258.4
2024-10-23 16:00:00+05:30,32.6,33,986.2,0,5.4,7.8,16.2,504.6,117.0,253.7,16,297,2,1,0,85.38,8.22,254.92
2024-10-23 17:00:00+05:30,29.7,60,986.4,0,5.2,4.8,9.4,297.8,71.0,68.0,17,297,2,1,0,37.81,4.47,223.93
2024-10-23 18:00:00+05:30,27.3,48,986.7,1,7.3,14.4,12.2,25.8,9.0,0.0,18,297,2,0,1,0.0,37.87,177.93
2024-10-23 19:00:00+05:30,26.2,52,987.1,2,8.8,9.0,11.5,0.0,0.0,0.0,19,297,2,0,1,0.0,25.18,170.37
2024-10-23 20:00:00+05:30,27.4,45,987.6,0,2.4,2.3,9.7,0.0,0.0,0.0,20,297,2,0,1,0.0,0.0,178.69
2024-10-23 21:00:00+05:30,25.6,51,987.5,0,3.5,2.4,4.3,0.0,0.0,0.0,21,297,2,0,1,0.0,0.79,167.11
2024-10-23 22:00:00+05:30,24.9,52,987.7,0,7.1,11.7,9.7,0.0,0.0,0.0,22,297,2,0,1,0.0,25.6,165.0
2024-10-23 23:00:00+05:30,24.9,48,987.7,0,8.3,19.1,11.9,0.0,0.0,0.0,23,297,2,0,1,0.0,50.0,165.0
2024-10-24 00:00:00+05:30,24.3,46,987.4,0,8.5,18.7,13.7,0.0,0.0,0.0,0,298,3,0,0,0.0,50.0,70.0
2024-10-24 01:00:00+05:30,23.0,50,987.0,0,7.6,17.0,13.3,0.0,0.0,0.0,1,298,3,0,0,0.0,50.0,70.0
2024-10-24 02:00:00+05:30,22.1,52,986.7,0,8.1,15.7,11.2,0.0,0.0,0.0,2,298,3,0,0,0.0,50.0,70.0
2024-10-24 03:00:00+05:30,21.9,53,986.8,0,7.3,14.5,11.2,0.0,0.0,0.0,3,298,3,0,0,0.0,39.03,70.0
2024-10-24 04:00:00+05:30,21.7,50,986.9,0,10.0,18.4,15.8,0.0,0.0,0.0,4,298,3,0,0,0.0,50.0,70.0
2024-10-24 05:00:00+05:30,20.8,52,987.0,0,7.7,18.0,15.8,0.0,0.0,0.0,5,298,3,0,0,0.0,50.0,70.0
2024-10-24 06:00:00+05:30,20.0,58,987.9,0,7.2,16.0,13.7,0.0,0.0,0.0,6,298,3,0,0,0.0,45.83,70.0
2024-10-24 07:00:00+05:30,20.5,60,988.4,0,7.8,13.9,11.5,75.8,21.0,78.5,7,298,3,0,0,7.78,39.84,110.0
2024-10-24 08:00:00+05:30,23.5,54,989.3,0,7.0,11.2,14.4,365.0,85.0,253.3,8,298,3,0,0,52.26,23.4,110.0
2024-10-24 09:00:00+05:30,26.9,49,990.1,0,4.1,7.4,13.7,557.1,124.0,453.2,9,298,3,1,0,101.41,5.07,199.99
2024-10-24 10:00:00+05:30,29.6,42,990.3,0,3.1,3.8,12.6,665.3,147.0,616.4,10,298,3,1,0,140.66,0.47,222.96
2024-10-24 11:00:00+05:30,31.6,34,989.4,0,4.3,5.4,14.0,722.5,162.0,721.6,11,298,3,1,0,166.57,2.79,243.66
2024-10-24 12:00:00+05:30,33.1,27,988.4,0,8.8,11.0,19.8,746.8,168.0,755.8,12,298,3,1,0,178.05,29.79,260.75
2024-10-24 13:00:00+05:30,33.7,26,987.2,0,12.1,14.9,24.5,741.5,167.0,716.2,13,298,3,1,0,175.28,50.0,231.91
2024-10-24 14:00:00+05:30,34.2,25,986.2,0,11.7,15.0,24.8,712.4,157.0,610.4,14,298,3,1,0,158.64,50.0,274.02
2024-10-24 15:00:00+05:30,34.6,22,985.5,0,12.8,17.1,23.0,644.3,141.0,449.1,15,298,3,1,0,128.14,50.0,278.98
2024-10-24 16:00:00+05:30,33.7,25,985.4,0,13.2,21.8,23.8,521.0,114.0,254.6,16,298,3,1,0,86.17,50.0,267.91
2024-10-24 17:00:00+05:30,31.6,28,985.4,0,9.7,22.3,22.3,302.6,69.0,66.0,17,298,3,1,0,37.41,50.0,243.66
2024-10-24 18:00:00+05:30,29.2,33,985.9,0,9.2,22.0,15.1,26.4,8.0,0.0,18,298,3,0,1,0.0,50.0,194.15
2024-10-24 19:00:00+05:30,28.6,34,986.4,0,11.4,25.9,17.6,0.0,0.0,0.0,19,298,3,0,1,0.0,50.0,188.67
2024-10-24 20:00:00+05:30,28.0,35,986.8,0,10.6,24.5,18.0,0.0,0.0,0.0,20,298,3,0,1,0.0,50.0,183.51
2024-10-24 21:00:00+05:30,26.4,39,987.1,0,8.9,21.3,16.9,0.0,0.0,0.0,21,298,3,0,1,0.0,50.0,171.61
2024-10-24 22:00:00+05:30,24.9,45,987.1,0,7.6,18.7,13.7,0.0,0.0,0.0,22,298,3,0,1,0.0,50.0,165.0
2024-10-24 23:00:00+05:30,23.9,49,986.8,0,7.3,17.2,11.2,0.0,0.0,0.0,23,298,3,0,1,0.0,50.0,165.0
2024-10-25 00:00:00+05:30,22.9,53,986.1,0,8.2,13.4,10.4,0.0,0.0,0.0,0,299,4,0,0,0.0,39.52,70.0
2024-10-25 01:00:00+05:30,22.0,57,985.8,0,8.5,10.7,10.4,0.0,0.0,0.0,1,299,4,0,0,0.0,28.05,70.0
2024-10-25 02:00:00+05:30,21.2,60,985.5,0,8.1,8.7,10.1,0.0,0.0,0.0,2,299,4,0,0,0.0,19.75,70.0
2024-10-25 03:00:00+05:30,20.7,61,985.5,0,6.5,10.0,9.7,0.0,0.0,0.0,3,299,4,0,0,0.0,17.41,70.0
2024-10-25 04:00:00+05:30,19.9,66,985.6,0,8.4,9.4,10.1,0.0,0.0,0.0,4,299,4,0,0,0.0,22.22,70.0
2024-10-25 05:00:00+05:30,20.0,64,986.0,0,5.5,6.5,9.7,0.0,0.0,0.0,5,299,4,0,0,0.0,6.22,70.0
2024-10-25 06:00:00+05:30,19.9,66,986.7,0,6.7,13.1,11.2,0.0,0.0,0.0,6,299,4,0,0,0.0,29.36,70.0
2024-10-25 07:00:00+05:30,20.7,66,987.4,0,7.6,12.3,11.5,76.7,20.0,76.9,7,299,4,0,0,7.59,31.04,110.0
2024-10-25 08:00:00+05:30,23.8,59,988.3,0,6.9,11.3,14.0,361.2,84.0,249.8,8,299,4,0,0,51.64,23.27,110.0
2024-10-25 09:00:00+05:30,27.0,51,989.2,0,5.1,9.7,14.0,554.2,123.0,448.8,9,299,4,1,0,100.75,11.6,200.71
2024-10-25 10:00:00+05:30,29.5,45,989.2,0,5.5,6.9,15.5,660.8,147.0,611.1,10,299,4,1,0,139.93,6.78,222.0
2024-10-25 11:00:00+05:30,31.1,40,988.6,0,5.0,5.7,16.2,717.8,161.0,714.3,11,299,4,1,0,165.84,4.0,238.24
2024-10-25 12:00:00+05:30,32.2,36,987.5,0,2.2,2.4,15.5,741.3,167.0,747.8,12,299,4,1,0,177.47,0.0,250.35
2024-10-25 13:00:00+05:30,33.0,34,986.6,0,1.2,1.6,12.6,737.4,166.0,709.3,13,299,4,1,0,174.77,0.0,223.57
2024-10-25 14:00:00+05:30,33.6,32,985.7,0,1.6,2.3,10.8,706.3,157.0,603.7,14,299,4,1,0,157.89,0.0,266.7
2024-10-25 15:00:00+05:30,34.0,29,985.4,0,1.8,2.7,10.1,638.2,140.0,442.6,15,299,4,1,0,127.25,0.0,271.56
2024-10-25 16:00:00+05:30,33.7,30,985.4,0,1.0,1.8,8.3,511.1,113.0,248.7,16,299,4,1,0,84.72,0.0,267.91
2024-10-25 17:00:00+05:30,30.1,46,985.5,0,5.8,12.8,7.6,288.6,69.0,63.1,17,299,4,1,0,36.52,22.43,227.89
2024-10-25 18:00:00+05:30,27.4,52,985.9,0,9.8,18.2,15.5,27.0,8.0,0.0,18,299,4,0,1,0.0,50.0,178.69
2024-10-25 19:00:00+05:30,25.7,54,986.2,0,8.2,14.1,15.5,0.0,0.0,0.0,19,299,4,0,1,0.0,42.78,167.59
2024-10-25 20:00:00+05:30,25.0,54,986.6,0,9.0,16.6,11.9,0.0,0.0,0.0,20,299,4,0,1,0.0,50.0,165.0
2024-10-25 21:00:00+05:30,24.0,60,986.8,0,10.8,14.9,12.2,0.0,0.0,0.0,21,299,4,0,1,0.0,50.0,165.0
2024-10-25 22:00:00+05:30,23.6,62,986.8,0,10.0,13.5,11.9,0.0,0.0,0.0,22,299,4,0,1,0.0,50.0,165.0
2024-10-25 23:00:00+05:30,23.7,61,986.6,20,9.7,13.3,11.5,0.0,0.0,0.0,23,299,4,0,1,0.0,50.0,165.0
2024-10-26 00:00:00+05:30,22.7,64,986.3,0,10.1,13.4,11.2,0.0,0.0,0.0,0,300,5,0,0,0.0,50.0,70.0
2024-10-26 01:00:00+05:30,21.9,66,985.8,0,10.8,14.0,12.2,0.0,0.0,0.0,1,300,5,0,0,0.0,50.0,70.0
2024-10-26 02:00:00+05:30,21.5,67,985.4,0,10.3,14.5,12.6,0.0,0.0,0.0,2,300,5,0,0,0.0,50.0,70.0
2024-10-26 03:00:00+05:30,20.8,70,985.3,0,10.1,13.9,11.9,0.0,0.0,0.0,3,300,5,0,0,0.0,50.0,70.0
2024-10-26 04:00:00+05:30,21.4,67,985.5,0,7.9,11.7,11.5,0.0,0.0,0.0,4,300,5,0,0,0.0,29.81,70.0
2024-10-26 05:00:00+05:30,23.0,59,985.9,0,5.8,10.3,9.0,0.0,0.0,0.0,5,300,5,0,0,0.0,15.6,70.0
2024-10-26 06:00:00+05:30,21.0,72,986.5,0,1.3,2.9,2.5,0.0,0.0,0.0,6,300,5,0,0,0.0,0.0,70.0
2024-10-26 07:00:00+05:30,21.0,79,987.3,0,1.5,2.8,2.5,68.0,20.0,75.2,7,300,5,0,0,7.25,0.0,110.0
2024-10-26 08:00:00+05:30,23.9,70,987.9,0,3.1,2.6,9.0,361.1,83.0,247.6,8,300,5,0,0,51.38,0.29,110.0
2024-10-26 09:00:00+05:30,27.4,58,988.5,0,3.7,3.8,11.9,555.6,123.0,448.0,9,300,5,0,0,100.71,1.08,143.69
2024-10-26 10:00:00+05:30,29.9,49,988.6,0,3.8,4.3,13.3,664.3,146.0,610.2,10,300,5,0,0,139.94,1.27,165.89
2024-10-26 11:00:00+05:30,31.8,43,987.9,0,4.4,4.9,14.8,722.7,160.0,714.4,11,300,5,0,0,165.83,2.36,185.86
2024-10-26 12:00:00+05:30,33.1,38,986.9,0,4.5,5.2,15.1,747.4,166.0,748.7,12,300,5,0,0,177.48,2.75,200.75
2024-10-26 13:00:00+05:30,34.1,34,985.9,0,5.3,6.1,15.5,742.3,165.0,709.2,13,300,5,0,0,174.41,4.95,194.79
2024-10-26 14:00:00+05:30,34.8,29,984.9,0,5.4,6.6,15.5,707.3,156.0,600.6,14,300,5,0,0,156.87,5.93,221.5
2024-10-26 15:00:00+05:30,35.1,26,984.5,0,4.7,5.9,14.8,635.3,139.0,437.9,15,300,5,0,0,125.9,3.83,225.3
2024-10-26 16:00:00+05:30,34.2,36,984.2,0,2.8,5.4,11.2,508.2,112.0,245.0,16,300,5,0,0,83.9,1.23,214.02
2024-10-26 17:00:00+05:30,30.7,46,984.3,0,11.4,21.7,17.3,288.4,67.0,60.6,17,300,5,0,0,35.95,50.0,174.02
2024-10-26 18:00:00+05:30,28.5,44,984.6,0,10.3,21.5,22.7,13.8,8.0,0.0,18,300,5,0,1,0.0,50.0,187.79
2024-10-26 19:00:00+05:30,27.1,48,985.1,0,7.6,19.1,16.2,0.0,0.0,0.0,19,300,5,0,1,0.0,50.0,176.44
2024-10-26 20:00:00+05:30,25.5,56,985.4,0,10.6,16.6,12.2,0.0,0.0,0.0,20,300,5,0,1,0.0,50.0,166.65
2024-10-26 21:00:00+05:30,26.7,50,985.7,0,8.2,11.6,13.0,0.0,0.0,0.0,21,300,5,0,1,0.0,30.32,173.6
2024-10-26 22:00:00+05:30,24.8,57,985.5,0,8.9,11.8,9.7,0.0,0.0,0.0,22,300,5,0,1,0.0,35.04,165.0
2024-10-26 23:00:00+05:30,23.5,60,985.1,0,9.9,15.2,11.9,0.0,0.0,0.0,23,300,5,0,1,0.0,50.0,165.0
2024-10-27 00:00:00+05:30,23.3,61,984.6,0,9.2,17.6,12.2,0.0,0.0,0.0,0,301,6,0,0,0.0,50.0,70.0
2024-10-27 01:00:00+05:30,23.5,59,984.2,0,8.1,20.2,11.9,0.0,0.0,0.0,1,301,6,0,0,0.0,50.0,70.0
2024-10-27 02:00:00+05:30,23.4,60,983.9,0,8.6,21.4,13.0,0.0,0.0,0.0,2,301,6,0,0,0.0,50.0,70.0
2024-10-27 03:00:00+05:30,23.1,62,983.9,0,8.8,21.3,13.7,0.0,0.0,0.0,3,301,6,0,0,0.0,50.0,70.0
2024-10-27 04:00:00+05:30,22.5,65,983.7,0,8.1,20.5,13.7,0.0,0.0,0.0,4,301,6,0,0,0.0,50.0,70.0
2024-10-27 05:00:00+05:30,22.0,67,984.0,0,7.4,19.9,12.2,0.0,0.0,0.0,5,301,6,0,0,0.0,50.0,70.0
2024-10-27 06:00:00+05:30,21.5,69,984.9,0,8.0,17.9,12.6,0.0,0.0,0.0,6,301,6,0,0,0.0,50.0,70.0
2024-10-27 07:00:00+05:30,22.2,75,985.7,0,6.3,10.9,11.9,68.9,19.0,73.5,7,301,6,0,0,7.03,19.36,110.0
2024-10-27 08:00:00+05:30,24.4,64,986.3,0,3.2,5.3,9.0,361.0,82.0,245.4,8,301,6,0,0,51.05,1.59,110.0
2024-10-27 09:00:00+05:30,27.2,55,987.0,0,3.8,5.6,12.2,555.0,121.0,443.6,9,301,6,0,0,100.26,2.48,82.18
2024-10-27 10:00:00+05:30,29.7,49,987.1,0,4.4,5.3,14.4,663.0,145.0,605.9,10,301,6,0,0,139.56,2.79,103.93
2024-10-27 11:00:00+05:30,31.7,43,986.5,0,5.9,7.0,16.6,719.3,159.0,708.1,11,301,6,0,0,165.02,7.63,124.76
2024-10-27 12:00:00+05:30,33.2,38,985.2,1,5.4,6.4,16.9,743.2,165.0,741.6,12,301,6,0,0,176.34,5.61,141.93
2024-10-27 13:00:00+05:30,34.3,34,984.3,17,4.6,5.1,16.2,740.8,163.0,703.2,13,301,6,0,0,173.48,2.79,155.25
2024-10-27 14:00:00+05:30,34.7,32,983.4,34,5.0,5.7,14.4,711.2,154.0,598.6,14,301,6,0,0,157.04,3.93,160.24
2024-10-27 15:00:00+05:30,34.7,32,982.9,34,6.4,7.1,14.4,643.0,138.0,438.4,15,301,6,0,0,126.87,8.87,160.24
2024-10-27 16:00:00+05:30,33.3,41,982.8,0,8.3,11.7,14.4,515.1,111.0,244.5,16,301,6,0,0,84.69,30.51,143.11
2024-10-27 17:00:00+05:30,30.3,47,982.8,42,10.1,18.4,16.9,293.1,66.0,59.2,17,301,6,0,0,36.09,50.0,109.9
2024-10-27 18:00:00+05:30,28.5,46,982.7,53,8.8,19.0,18.0,14.1,7.0,0.0,18,301,6,0,1,0.0,50.0,187.79
2024-10-27 19:00:00+05:30,27.9,47,982.9,0,9.3,23.4,15.1,0.0,0.0,0.0,19,301,6,0,1,0.0,50.0,182.68
2024-10-27 20:00:00+05:30,26.1,54,983.1,0,8.9,18.6,14.0,0.0,0.0,0.0,20,301,6,0,1,0.0,50.0,169.78
2024-10-27 21:00:00+05:30,25.0,59,983.0,0,9.7,19.2,11.5,0.0,0.0,0.0,21,301,6,0,1,0.0,50.0,165.0
2024-10-27 22:00:00+05:30,24.2,59,982.8,0,10.2,17.4,13.3,0.0,0.0,0.0,22,301,6,0,1,0.0,50.0,165.0
2024-10-27 23:00:00+05:30,23.6,59,982.7,0,9.6,16.7,12.2,0.0,0.0,0.0,23,301,6,0,1,0.0,50.0,165.0
2024-10-28 00:00:00+05:30,22.9,61,981.9,0,10.6,17.5,12.6,0.0,0.0,0.0,0,302,0,0,0,0.0,50.0,70.0
2024-10-28 01:00:00+05:30,22.6,62,981.5,0,8.5,18.0,12.6,0.0,0.0,0.0,1,302,0,0,0,0.0,50.0,70.0
2024-10-28 02:00:00+05:30,22.1,65,981.2,0,8.2,18.6,11.2,0.0,0.0,0.0,2,302,0,0,0,0.0,50.0,70.0
2024-10-28 03:00:00+05:30,21.8,67,981.1,0,10.0,15.4,12.6,0.0,0.0,0.0,3,302,0,0,0,0.0,50.0,70.0
2024-10-28 04:00:00+05:30,22.5,63,981.4,0,8.6,13.8,11.2,0.0,0.0,0.0,4,302,0,0,0,0.0,44.15,70.0
2024-10-28 05:00:00+05:30,23.9,56,981.7,0,6.8,12.0,9.7,0.0,0.0,0.0,5,302,0,0,0,0.0,25.19,70.0
2024-10-28 06:00:00+05:30,21.4,67,982.2,0,10.1,17.5,12.6,0.0,0.0,0.0,6,302,0,0,0,0.0,50.0,70.0
2024-10-28 07:00:00+05:30,22.4,73,982.8,0,8.1,12.9,12.6,69.8,18.0,71.7,7,302,0,0,0,6.84,36.33,110.0
2024-10-28 08:00:00+05:30,25.1,59,983.8,0,8.7,12.8,15.5,361.0,82.0,244.7,8,302,0,0,0,50.89,39.08,110.19
2024-10-28 09:00:00+05:30,27.7,52,984.8,0,8.5,13.1,18.0,556.5,120.0,441.6,9,302,0,1,0,99.98,39.15,206.05
2024-10-28 10:00:00+05:30,29.7,46,984.9,0,9.0,11.0,20.2,663.4,144.0,602.8,10,302,0,1,0,139.32,30.93,223.93
2024-10-28 11:00:00+05:30,31.6,42,984.2,0,8.5,10.2,20.5,721.5,157.0,705.1,11,302,0,1,0,164.95,24.93,243.66
2024-10-28 12:00:00+05:30,33.2,38,983.0,0,8.0,9.7,20.2,745.5,163.0,738.6,12,302,0,1,0,176.22,20.89,261.93
2024-10-28 13:00:00+05:30,34.4,36,982.1,0,7.8,9.3,19.8,743.2,162.0,701.2,13,302,0,1,0,173.45,18.65,240.49
2024-10-28 14:00:00+05:30,35.1,33,981.0,0,8.4,10.2,19.1,713.6,153.0,596.5,14,302,0,1,0,156.8,24.18,285.3
2024-10-28 15:00:00+05:30,35.2,31,980.7,0,9.2,11.2,18.7,647.1,136.0,436.3,15,302,0,1,0,126.66,32.15,286.57
2024-10-28 16:00:00+05:30,33.6,41,980.7,0,11.2,16.9,18.4,517.1,111.0,243.1,16,302,0,1,0,84.7,50.0,266.7
2024-10-28 17:00:00+05:30,30.6,47,980.7,0,12.8,25.2,22.3,292.9,66.0,57.7,17,302,0,1,0,35.98,50.0,232.98
2024-10-28 18:00:00+05:30,29.0,50,981.4,0,11.9,25.6,21.6,14.5,7.0,0.0,18,302,0,0,1,0.0,50.0,192.29
2024-10-28 19:00:00+05:30,27.7,52,981.9,0,8.3,22.7,18.7,0.0,0.0,0.0,19,302,0,0,1,0.0,50.0,181.05
2024-10-28 20:00:00+05:30,26.4,55,982.3,0,8.2,20.3,12.2,0.0,0.0,0.0,20,302,0,0,1,0.0,50.0,171.61
2024-10-28 21:00:00+05:30,25.1,58,982.5,0,9.7,19.1,11.5,0.0,0.0,0.0,21,302,0,0,1,0.0,50.0,165.19
2024-10-28 22:00:00+05:30,25.0,57,982.5,0,7.9,20.8,12.6,0.0,0.0,0.0,22,302,0,0,1,0.0,50.0,165.0
2024-10-28 23:00:00+05:30,25.1,56,982.1,0,8.5,22.0,13.7,0.0,0.0,0.0,23,302,0,0,1,0.0,50.0,165.19
2024-10-29 00:00:00+05:30,24.4,60,981.8,0,9.7,16.3,13.3,0.0,0.0,0.0,0,303,1,0,0,0.0,50.0,70.0
2024-10-29 01:00:00+05:30,24.9,57,982.0,0,4.8,9.1,10.8,0.0,0.0,0.0,1,303,1,0,0,0.0,9.47,70.0
2024-10-29 02:00:00+05:30,25.5,54,981.6,0,3.7,9.6,5.8,0.0,0.0,0.0,2,303,1,0,0,0.0,7.2,71.65
2024-10-29 03:00:00+05:30,25.4,53,981.5,0,4.7,9.5,5.4,0.0,0.0,0.0,3,303,1,0,0,0.0,9.94,71.22
2024-10-29 04:00:00+05:30,24.9,54,982.0,0,5.0,9.1,5.8,0.0,0.0,0.0,4,303,1,0,0,0.0,10.03,70.0
2024-10-29 05:00:00+05:30,22.1,66,982.2,0,7.1,9.6,7.9,0.0,0.0,0.0,5,303,1,0,0,0.0,18.1,70.0
2024-10-29 06:00:00+05:30,21.3,71,983.5,0,6.3,5.0,8.6,0.0,0.0,0.0,6,303,1,0,0,0.0,8.81,70.0
2024-10-29 07:00:00+05:30,21.8,72,984.2,0,6.7,8.6,10.1,60.6,18.0,69.9,7,303,1,0,0,6.5,13.76,110.0
2024-10-29 08:00:00+05:30,24.8,65,985.0,0,7.3,9.9,14.0,357.1,81.0,241.1,8,303,1,0,0,50.36,19.73,110.0
2024-10-29 09:00:00+05:30,28.0,55,985.9,0,7.3,12.1,16.2,553.6,120.0,438.4,9,303,1,1,0,99.41,27.84,208.51
2024-10-29 10:00:00+05:30,30.4,47,986.1,0,8.3,10.5,19.4,663.7,144.0,600.8,10,303,1,1,0,138.83,25.56,230.92
2024-10-29 11:00:00+05:30,32.2,41,985.6,0,9.0,10.9,20.9,722.3,158.0,704.1,11,303,1,1,0,164.67,30.21,250.35
2024-10-29 12:00:00+05:30,33.5,38,984.9,0,8.7,10.5,20.9,747.8,164.0,738.6,12,303,1,1,0,176.37,26.91,265.5
2024-10-29 13:00:00+05:30,34.2,36,983.9,0,8.6,10.3,20.5,745.5,161.0,699.1,13,303,1,1,0,173.64,25.53,238.02
2024-10-29 14:00:00+05:30,34.6,35,983.2,0,8.9,10.8,20.2,714.6,152.0,593.5,14,303,1,1,0,156.95,28.99,278.98
2024-10-29 15:00:00+05:30,34.6,34,982.7,0,9.3,11.4,19.4,645.9,136.0,433.4,15,303,1,1,0,126.66,33.77,278.98
2024-10-29 16:00:00+05:30,33.4,40,982.7,0,9.7,15.1,18.4,516.5,111.0,241.0,16,303,1,1,0,84.59,50.0,264.31
2024-10-29 17:00:00+05:30,30.5,48,982.6,0,9.6,20.1,16.9,292.5,65.0,55.8,17,303,1,1,0,35.71,50.0,231.95
2024-10-29 18:00:00+05:30,29.2,45,983.0,0,11.8,24.9,19.8,14.8,6.0,0.0,18,303,1,0,1,0.0,50.0,194.15
2024-10-29 19:00:00+05:30,28.1,48,983.4,0,10.4,21.1,18.7,0.0,0.0,0.0,19,303,1,0,1,0.0,50.0,184.35
2024-10-29 20:00:00+05:30,27.0,50,983.7,0,9.6,23.3,16.2,0.0,0.0,0.0,20,303,1,0,1,0.0,50.0,175.71
2024-10-29 21:00:00+05:30,26.3,48,984.1,0,10.0,25.8,15.8,0.0,0.0,0.0,21,303,1,0,1,0.0,50.0,170.99
2024-10-29 22:00:00+05:30,25.6,49,984.2,0,8.5,22.8,15.5,0.0,0.0,0.0,22,303,1,0,1,0.0,50.0,167.11
2024-10-29 23:00:00+05:30,25.1,49,984.0,0,9.4,25.0,14.4,0.0,0.0,0.0,23,303,1,0,1,0.0,50.0,165.19
2024-10-30 00:00:00+05:30,24.7,47,983.7,0,8.6,23.6,14.4,0.0,0.0,0.0,0,304,2,0,0,0.0,50.0,70.0
2024-10-30 01:00:00+05:30,24.0,48,983.3,0,8.3,21.5,13.0,0.0,0.0,0.0,1,304,2,0,0,0.0,50.0,70.0
2024-10-30 02:00:00+05:30,23.6,49,982.9,0,8.5,22.1,13.0,0.0,0.0,0.0,2,304,2,0,0,0.0,50.0,70.0
2024-10-30 03:00:00+05:30,22.8,52,983.1,0,7.9,20.7,13.0,0.0,0.0,0.0,3,304,2,0,0,0.0,50.0,70.0
2024-10-30 04:00:00+05:30,22.1,55,983.4,0,7.6,20.1,11.9,0.0,0.0,0.0,4,304,2,0,0,0.0,50.0,70.0
2024-10-30 05:00:00+05:30,21.4,58,983.7,0,8.6,19.0,11.2,0.0,0.0,0.0,5,304,2,0,0,0.0,50.0,70.0
2024-10-30 06:00:00+05:30,21.4,62,984.6,0,7.6,19.2,12.6,0.0,0.0,0.0,6,304,2,0,0,0.0,50.0,70.0
2024-10-30 07:00:00+05:30,22.3,60,985.5,0,7.2,18.1,11.2,61.5,17.0,68.0,7,304,2,0,0,6.3,50.0,110.0
2024-10-30 08:00:00+05:30,25.5,51,986.1,0,9.2,16.9,15.1,357.1,80.0,238.9,8,304,2,0,0,49.98,50.0,111.65
2024-10-30 09:00:00+05:30,28.3,44,987.2,0,5.7,11.5,15.5,553.0,120.0,436.3,9,304,2,1,0,99.13,18.26,211.05
2024-10-30 10:00:00+05:30,30.5,40,987.7,0,6.8,8.5,16.6,662.5,143.0,596.6,10,304,2,1,0,138.28,13.4,231.95
2024-10-30 11:00:00+05:30,32.3,36,987.1,0,8.1,10.0,19.4,720.2,158.0,700.0,11,304,2,1,0,164.09,22.58,251.48
2024-10-30 12:00:00+05:30,33.8,30,986.3,0,9.5,11.8,21.6,746.2,163.0,733.5,12,304,2,1,0,175.51,37.12,269.12
2024-10-30 13:00:00+05:30,34.6,26,985.8,0,10.1,12.3,22.0,742.6,162.0,695.2,13,304,2,1,0,172.83,43.13,242.98
2024-10-30 14:00:00+05:30,34.9,24,985.2,0,9.9,12.2,21.6,709.7,153.0,588.6,14,304,2,1,0,155.95,41.35,282.76
2024-10-30 15:00:00+05:30,34.7,24,984.9,0,10.7,13.1,20.9,639.3,137.0,428.7,15,304,2,1,0,125.7,50.0,280.24
2024-10-30 16:00:00+05:30,33.2,33,984.9,0,10.7,16.8,20.2,508.3,110.0,235.9,16,304,2,1,0,83.43,50.0,261.93
2024-10-30 17:00:00+05:30,30.3,41,985.0,0,9.7,19.4,18.0,281.8,64.0,53.1,17,304,2,1,0,34.7,50.0,229.9
2024-10-30 18:00:00+05:30,27.9,43,985.8,0,8.6,21.1,18.0,15.2,6.0,0.0,18,304,2,0,1,0.0,50.0,182.68
2024-10-30 19:00:00+05:30,26.4,48,986.4,0,7.7,19.6,13.3,0.0,0.0,0.0,19,304,2,0,1,0.0,50.0,171.61
2024-10-30 20:00:00+05:30,25.7,51,986.8,0,8.3,21.6,11.9,0.0,0.0,0.0,20,304,2,0,1,0.0,50.0,167.59
2024-10-30 21:00:00+05:30,25.9,49,987.1,0,9.3,23.9,14.0,0.0,0.0,0.0,21,304,2,0,1,0.0,50.0,168.64
2024-10-30 22:00:00+05:30,25.8,48,987.4,0,10.2,24.1,15.5,0.0,0.0,0.0,22,304,2,0,1,0.0,50.0,168.11
2024-10-30 23:00:00+05:30,25.5,46,987.3,0,9.8,24.1,16.2,0.0,0.0,0.0,23,304,2,0,1,0.0,50.0,166.65
2024-10-31 00:00:00+05:30,24.4,49,986.8,0,8.4,22.0,15.1,0.0,0.0,0.0,0,305,3,0,0,0.0,50.0,70.0
2024-10-31 01:00:00+05:30,23.7,52,986.5,0,7.9,20.2,12.6,0.0,0.0,0.0,1,305,3,0,0,0.0,50.0,70.0
2024-10-31 02:00:00+05:30,23.6,52,986.2,0,7.9,19.0,12.2,0.0,0.0,0.0,2,305,3,0,0,0.0,50.0,70.0
2024-10-31 03:00:00+05:30,23.0,54,986.1,0,8.1,18.8,12.2,0.0,0.0,0.0,3,305,3,0,0,0.0,50.0,70.0
2024-10-31 04:00:00+05:30,22.9,51,986.1,0,8.5,20.2,13.0,0.0,0.0,0.0,4,305,3,0,0,0.0,50.0,70.0
2024-10-31 05:00:00+05:30,22.4,51,986.5,0,7.5,17.9,13.0,0.0,0.0,0.0,5,305,3,0,0,0.0,50.0,70.0
2024-10-31 06:00:00+05:30,22.5,54,987.5,0,4.5,7.9,9.7,0.0,0.0,0.0,6,305,3,0,0,0.0,6.7,70.0
2024-10-31 07:00:00+05:30,21.3,61,988.3,0,3.4,5.9,7.6,62.4,17.0,69.2,7,305,3,0,0,6.36,2.35,110.0
2024-10-31 08:00:00+05:30,23.9,59,989.2,0,4.7,5.6,10.1,349.2,80.0,235.4,8,305,3,0,0,49.55,3.58,110.0
2024-10-31 09:00:00+05:30,27.4,43,990.1,0,2.4,5.0,11.2,550.1,120.0,433.1,9,305,3,1,0,99.04,0.67,203.69
2024-10-31 10:00:00+05:30,29.9,35,990.3,0,1.5,2.3,10.1,661.2,144.0,594.6,10,305,3,1,0,138.48,0.0,225.89
2024-10-31 11:00:00+05:30,31.9,30,989.7,0,3.7,4.9,13.3,719.6,158.0,696.9,11,305,3,1,0,164.11,1.69,246.98
2024-10-31 12:00:00+05:30,33.4,25,988.9,0,5.4,6.9,15.8,744.5,164.0,730.5,12,305,3,1,0,175.52,6.51,264.31
2024-10-31 13:00:00+05:30,34.2,24,988.0,0,5.1,6.5,16.2,739.6,163.0,691.2,13,305,3,1,0,172.61,5.31,238.02
2024-10-31 14:00:00+05:30,34.5,22,986.9,0,4.6,5.5,15.1,707.6,154.0,585.7,14,305,3,1,0,155.89,3.21,277.74
2024-10-31 15:00:00+05:30,34.4,22,986.4,0,5.0,5.6,13.3,638.0,137.0,425.7,15,305,3,1,0,125.53,3.82,276.49
2024-10-31 16:00:00+05:30,33.0,31,986.2,0,8.1,12.4,13.7,507.4,109.0,233.1,16,305,3,1,0,83.1,32.85,259.57
2024-10-31 17:00:00+05:30,30.0,40,986.1,0,10.4,21.5,18.0,281.0,63.0,51.2,17,305,3,1,0,34.43,50.0,226.89
2024-10-31 18:00:00+05:30,26.9,46,986.6,0,8.5,17.5,18.4,15.5,5.0,0.0,18,305,3,0,1,0.0,50.0,174.99
2024-10-31 19:00:00+05:30,25.3,50,987.0,0,10.2,16.7,12.6,0.0,0.0,0.0,19,305,3,0,1,0.0,50.0,165.83
2024-10-31 20:00:00+05:30,25.1,51,987.4,0,8.1,19.3,12.2,0.0,0.0,0.0,20,305,3,0,1,0.0,50.0,165.19
2024-10-31 21:00:00+05:30,23.7,59,987.4,0,11.3,15.8,13.0,0.0,0.0,0.0,21,305,3,0,1,0.0,50.0,165.0
2024-10-31 22:00:00+05:30,23.2,61,987.5,0,10.4,14.8,12.6,0.0,0.0,0.0,22,305,3,0,1,0.0,50.0,165.0
2024-10-31 23:00:00+05:30,23.1,60,987.2,0,11.1,14.9,12.2,0.0,0.0,0.0,23,305,3,0,1,0.0,50.0,165.0
2024-11-01 00:00:00+05:30,23.0,59,987.0,0,8.5,16.7,13.0,0.0,0.0,0.0,0,306,4,0,0,0.0,50.0,70.0
2024-11-01 01:00:00+05:30,22.0,65,986.6,0,8.6,15.4,11.5,0.0,0.0,0.0,1,306,4,0,0,0.0,50.0,70.0
2024-11-01 02:00:00+05:30,22.0,66,986.6,0,6.7,12.5,10.8,0.0,0.0,0.0,2,306,4,0,0,0.0,26.84,70.0
2024-11-01 03:00:00+05:30,21.8,65,986.4,0,9.2,11.9,11.5,0.0,0.0,0.0,3,306,4,0,0,0.0,37.58,70.0
2024-11-01 04:00:00+05:30,21.1,65,986.5,0,9.7,12.2,11.5,0.0,0.0,0.0,4,306,4,0,0,0.0,42.19,70.0
2024-11-01 05:00:00+05:30,21.0,61,986.9,0,9.3,13.7,11.5,0.0,0.0,0.0,5,306,4,0,0,0.0,50.0,70.0
2024-11-01 06:00:00+05:30,23.3,60,987.9,0,3.6,8.8,11.5,0.0,0.0,0.0,6,306,4,0,0,0.0,5.93,70.0
2024-11-01 07:00:00+05:30,21.2,78,988.5,0,2.3,5.6,4.0,52.7,16.0,64.2,7,306,4,0,0,5.76,0.91,110.0
2024-11-01 08:00:00+05:30,23.9,67,989.4,0,4.2,6.0,10.1,341.1,79.0,230.4,8,306,4,0,0,48.58,3.46,110.0
2024-11-01 09:00:00+05:30,26.9,55,990.2,0,4.5,6.3,13.0,538.1,119.0,424.0,9,306,4,1,0,97.42,4.23,199.99
2024-11-01 10:00:00+05:30,29.2,46,990.6,0,6.0,7.2,16.2,649.8,143.0,583.8,10,306,4,1,0,136.83,8.35,219.15
2024-11-01 11:00:00+05:30,31.1,41,990.1,0,7.7,9.3,19.1,710.4,157.0,686.6,11,306,4,1,0,162.81,18.67,238.24
2024-11-01 12:00:00+05:30,32.5,36,989.2,0,9.2,11.2,21.6,736.2,163.0,720.4,12,306,4,1,0,174.44,32.71,253.76
2024-11-01 13:00:00+05:30,33.4,31,988.2,0,10.1,12.2,22.3,735.1,162.0,684.3,13,306,4,1,0,172.1,42.79,228.31
2024-11-01 14:00:00+05:30,33.8,28,987.5,0,10.7,13.1,22.3,704.0,153.0,579.9,14,306,4,1,0,155.44,50.0,269.12
2024-11-01 15:00:00+05:30,33.6,27,987.1,0,11.2,14.0,22.3,634.8,136.0,421.1,15,306,4,1,0,125.17,50.0,266.7
2024-11-01 16:00:00+05:30,32.6,32,987.1,0,10.8,16.7,21.6,504.0,109.0,230.4,16,306,4,1,0,82.75,50.0,254.92
2024-11-01 17:00:00+05:30,29.8,41,987.1,0,12.4,24.9,20.2,274.9,62.0,49.0,17,306,4,1,0,33.76,50.0,224.91
2024-11-01 18:00:00+05:30,28.2,41,987.6,0,12.1,24.8,20.2,15.9,5.0,0.0,18,306,4,0,1,0.0,50.0,185.19
2024-11-01 19:00:00+05:30,27.5,43,987.8,0,11.0,24.0,19.4,0.0,0.0,0.0,19,306,4,0,1,0.0,50.0,179.47
2024-11-01 20:00:00+05:30,26.1,47,988.2,0,8.7,21.3,17.3,0.0,0.0,0.0,20,306,4,0,1,0.0,50.0,169.78
2024-11-01 21:00:00+05:30,24.8,50,988.4,0,7.7,20.1,13.7,0.0,0.0,0.0,21,306,4,0,1,0.0,50.0,165.0
2024-11-01 22:00:00+05:30,23.5,55,988.4,0,11.4,16.9,13.0,0.0,0.0,0.0,22,306,4,0,1,0.0,50.0,165.0
2024-11-01 23:00:00+05:30,22.9,57,988.3,0,11.2,17.1,13.0,0.0,0.0,0.0,23,306,4,0,1,0.0,50.0,165.0
2024-11-02 00:00:00+05:30,22.6,58,988.1,0,8.9,18.7,13.0,0.0,0.0,0.0,0,307,5,0,0,0.0,50.0,70.0
2024-11-02 01:00:00+05:30,22.7,58,987.6,0,7.8,20.3,11.9,0.0,0.0,0.0,1,307,5,0,0,0.0,50.0,70.0
2024-11-02 02:00:00+05:30,21.9,62,987.4,0,7.5,18.7,11.5,0.0,0.0,0.0,2,307,5,0,0,0.0,50.0,70.0
2024-11-02 03:00:00+05:30,20.7,68,987.2,0,10.4,15.9,11.5,0.0,0.0,0.0,3,307,5,0,0,0.0,50.0,70.0
2024-11-02 04:00:00+05:30,21.5,64,987.3,0,7.7,12.3,11.5,0.0,0.0,0.0,4,307,5,0,0,0.0,31.49,70.0
2024-11-02 05:00:00+05:30,22.0,61,987.5,0,6.3,10.2,8.6,0.0,0.0,0.0,5,307,5,0,0,0.0,17.24,70.0
2024-11-02 06:00:00+05:30,19.3,75,987.7,0,9.6,14.9,11.5,0.0,0.0,0.0,6,307,5,0,0,0.0,50.0,70.0
2024-11-02 07:00:00+05:30,20.5,74,988.4,0,6.0,13.1,11.5,53.5,16.0,65.3,7,307,5,0,0,5.81,25.33,110.0
2024-11-02 08:00:00+05:30,23.5,62,989.5,0,5.8,11.1,11.5,341.0,78.0,228.3,8,307,5,0,0,48.39,17.87,110.0
2024-11-02 09:00:00+05:30,26.9,52,990.3,0,5.1,9.8,13.3,541.9,118.0,423.2,9,307,5,0,0,97.61,11.84,139.99
2024-11-02 10:00:00+05:30,29.3,43,990.6,0,7.0,8.7,17.3,653.5,142.0,582.9,10,307,5,0,0,137.01,14.65,160.09
2024-11-02 11:00:00+05:30,31.0,38,990.1,0,8.5,10.5,20.5,712.6,157.0,685.6,11,307,5,0,0,163.07,26.44,177.18
2024-11-02 12:00:00+05:30,32.2,34,989.1,0,9.3,11.3,21.6,738.4,162.0,718.4,12,307,5,0,0,174.68,33.73,190.35
2024-11-02 13:00:00+05:30,32.9,31,988.2,0,9.3,11.2,22.0,734.7,161.0,680.4,13,307,5,0,0,172.05,33.11,180.4
2024-11-02 14:00:00+05:30,33.2,27,987.4,0,9.1,10.8,21.2,701.7,152.0,575.1,14,307,5,0,0,155.13,30.13,201.93
2024-11-02 15:00:00+05:30,32.9,27,987.0,0,9.0,10.9,20.2,631.4,136.0,417.3,15,307,5,0,0,124.92,30.19,198.4
2024-11-02 16:00:00+05:30,32.0,30,987.0,0,9.5,13.2,18.7,497.7,109.0,226.8,16,307,5,0,0,82.14,45.41,188.09
2024-11-02 17:00:00+05:30,29.4,37,987.1,0,9.2,18.1,16.2,273.7,61.0,47.3,17,307,5,0,0,33.48,50.0,161.04
2024-11-02 18:00:00+05:30,27.0,39,987.5,0,8.3,13.7,17.3,16.2,4.0,0.0,18,307,5,0,1,0.0,41.22,175.71
2024-11-02 19:00:00+05:30,25.3,43,987.9,0,11.0,12.3,13.0,0.0,0.0,0.0,19,307,5,0,1,0.0,50.0,165.83
2024-11-02 20:00:00+05:30,25.0,44,988.3,0,10.1,15.1,13.0,0.0,0.0,0.0,20,307,5,0,1,0.0,50.0,165.0
2024-11-02 21:00:00+05:30,24.3,48,988.5,0,11.2,13.1,13.7,0.0,0.0,0.0,21,307,5,0,1,0.0,50.0,165.0
2024-11-02 22:00:00+05:30,23.2,55,988.5,0,11.6,11.8,12.6,0.0,0.0,0.0,22,307,5,0,1,0.0,50.0,165.0
2024-11-02 23:00:00+05:30,23.7,55,988.5,0,9.6,11.4,13.3,0.0,0.0,0.0,23,307,5,0,1,0.0,36.73,165.0
2024-11-03 00:00:00+05:30,22.2,62,988.1,0,10.3,12.8,11.2,0.0,0.0,0.0,0,308,6,0,0,0.0,50.0,70.0
2024-11-03 01:00:00+05:30,21.4,63,987.5,0,10.4,16.4,13.0,0.0,0.0,0.0,1,308,6,0,0,0.0,50.0,70.0
2024-11-03 02:00:00+05:30,21.0,63,987.2,0,10.5,16.8,12.6,0.0,0.0,0.0,2,308,6,0,0,0.0,50.0,70.0
2024-11-03 03:00:00+05:30,22.4,56,987.3,0,8.3,13.5,13.3,0.0,0.0,0.0,3,308,6,0,0,0.0,40.8,70.0
2024-11-03 04:00:00+05:30,20.8,61,987.4,0,6.7,13.0,10.1,0.0,0.0,0.0,4,308,6,0,0,0.0,28.9,70.0
2024-11-03 05:00:00+05:30,19.9,66,987.6,0,9.8,13.4,11.9,0.0,0.0,0.0,5,308,6,0,0,0.0,50.0,70.0
2024-11-03 06:00:00+05:30,21.8,60,988.6,0,4.8,8.2,9.4,0.0,0.0,0.0,6,308,6,0,0,0.0,7.93,70.0
2024-11-03 07:00:00+05:30,21.9,59,989.2,0,0.8,7.1,5.4,54.3,15.0,63.3,7,308,6,0,0,5.58,0.0,110.0
2024-11-03 08:00:00+05:30,23.5,60,990.1,0,1.5,6.1,6.5,340.8,77.0,226.1,8,308,6,0,0,48.11,0.0,110.0
2024-11-03 09:00:00+05:30,27.0,49,990.9,0,1.7,4.1,9.0,541.2,118.0,421.2,9,308,6,0,0,97.37,0.0,80.71
2024-11-03 10:00:00+05:30,29.5,42,991.3,0,3.7,4.5,13.0,653.8,142.0,581.0,10,308,6,0,0,136.79,1.36,102.0
2024-11-03 11:00:00+05:30,31.4,35,990.7,0,4.5,5.4,14.8,713.3,156.0,682.6,11,308,6,0,0,162.55,3.01,121.47
2024-11-03 12:00:00+05:30,32.6,29,989.6,0,4.9,5.8,15.5,737.9,162.0,715.4,12,308,6,0,0,174.1,4.0,134.92
2024-11-03 13:00:00+05:30,33.2,26,988.8,0,4.2,4.7,15.5,735.6,160.0,677.4,13,308,6,0,0,171.61,1.94,141.93
2024-11-03 14:00:00+05:30,33.3,25,988.0,0,4.9,5.4,14.4,702.4,152.0,573.1,14,308,6,0,0,155.0,3.56,143.11
2024-11-03 15:00:00+05:30,33.0,26,987.5,0,7.0,7.9,15.5,629.8,136.0,414.4,15,308,6,0,0,124.5,12.11,139.57
2024-11-03 16:00:00+05:30,31.9,30,987.5,0,9.5,12.4,16.6,496.5,108.0,224.1,16,308,6,0,0,81.76,40.77,126.98
2024-11-03 17:00:00+05:30,29.3,35,987.7,0,9.6,17.1,16.9,267.0,61.0,45.5,17,308,6,0,0,32.97,50.0,100.09
2024-11-03 18:00:00+05:30,26.5,43,988.3,0,9.6,13.2,15.5,16.6,4.0,0.0,18,308,6,0,1,0.0,50.0,172.26
2024-11-03 19:00:00+05:30,25.1,47,988.6,0,10.9,12.7,12.2,0.0,0.0,0.0,19,308,6,0,1,0.0,50.0,165.19
2024-11-03 20:00:00+05:30,24.1,52,989.0,0,11.6,15.1,12.6,0.0,0.0,0.0,20,308,6,0,1,0.0,50.0,165.0
2024-11-03 21:00:00+05:30,24.2,50,989.0,0,9.4,10.5,13.3,0.0,0.0,0.0,21,308,6,0,1,0.0,31.14,165.0
2024-11-03 22:00:00+05:30,24.0,51,989.1,0,9.5,10.1,10.8,0.0,0.0,0.0,22,308,6,0,1,0.0,32.2,165.0
2024-11-03 23:00:00+05:30,27.5,38,989.1,0,7.4,8.7,10.8,0.0,0.0,0.0,23,308,6,0,1,0.0,15.87,179.47
2024-11-04 00:00:00+05:30,27.9,36,988.7,0,3.2,4.7,8.3,0.0,0.0,0.0,0,309,0,0,0,0.0,1.13,87.68
2024-11-04 01:00:00+05:30,23.4,49,987.9,0,5.2,1.6,6.1,0.0,0.0,0.0,1,309,0,0,0,0.0,4.57,70.0
2024-11-04 02:00:00+05:30,23.6,49,987.5,0,5.2,4.5,7.9,0.0,0.0,0.0,2,309,0,0,0,0.0,4.56,70.0
2024-11-04 03:00:00+05:30,23.4,49,987.3,0,6.1,6.5,6.5,0.0,0.0,0.0,3,309,0,0,0,0.0,7.9,70.0
2024-11-04 04:00:00+05:30,23.1,49,987.0,0,4.8,7.0,6.8,0.0,0.0,0.0,4,309,0,0,0,0.0,5.82,70.0
2024-11-04 05:00:00+05:30,23.1,49,987.1,0,5.1,8.6,6.5,0.0,0.0,0.0,5,309,0,0,0,0.0,9.4,70.0
2024-11-04 06:00:00+05:30,19.4,66,987.7,0,9.4,11.1,10.4,0.0,0.0,0.0,6,309,0,0,0,0.0,34.57,70.0
2024-11-04 07:00:00+05:30,20.8,64,988.2,0,6.7,11.6,10.8,44.1,15.0,61.2,7,309,0,0,0,5.2,23.67,110.0
2024-11-04 08:00:00+05:30,23.8,56,989.2,0,1.3,5.7,8.6,336.6,76.0,222.6,8,309,0,0,0,47.42,0.0,110.0
2024-11-04 09:00:00+05:30,26.4,49,989.9,0,3.7,2.0,11.9,535.9,117.0,415.6,9,309,0,1,0,96.63,1.09,196.61
2024-11-04 10:00:00+05:30,28.7,43,990.2,0,3.3,3.4,13.0,649.0,141.0,574.6,10,309,0,1,0,136.18,0.52,214.57
2024-11-04 11:00:00+05:30,30.5,38,989.5,0,3.9,4.6,14.4,708.2,155.0,675.3,11,309,0,1,0,161.97,1.6,231.95
2024-11-04 12:00:00+05:30,31.8,34,988.4,0,3.7,4.3,14.8,734.7,161.0,709.4,12,309,0,1,0,173.8,1.19,245.86
2024-11-04 13:00:00+05:30,32.7,31,987.3,0,3.9,4.3,14.8,730.9,159.0,670.5,13,309,0,1,0,170.83,1.39,220.07
2024-11-04 14:00:00+05:30,33.0,29,986.3,0,4.6,5.0,14.4,698.5,150.0,566.4,14,309,0,1,0,154.06,2.8,259.57
2024-11-04 15:00:00+05:30,33.0,29,985.9,0,6.1,7.0,14.4,626.2,134.0,409.0,15,309,0,1,0,123.49,7.97,259.57
2024-11-04 16:00:00+05:30,32.1,33,985.7,0,9.1,12.4,15.8,492.5,106.0,219.9,16,309,0,1,0,80.76,38.42,249.22
2024-11-04 17:00:00+05:30,29.2,43,985.8,0,12.6,22.5,20.5,265.4,59.0,43.5,17,309,0,1,0,32.42,50.0,219.15
2024-11-04 18:00:00+05:30,26.9,47,986.4,0,7.4,16.6,20.2,0.0,5.0,0.0,18,309,0,0,1,0.0,50.0,174.99
2024-11-04 19:00:00+05:30,25.1,52,987.1,0,7.6,16.4,11.5,0.0,0.0,0.0,19,309,0,0,1,0.0,50.0,165.19
2024-11-04 20:00:00+05:30,24.7,52,987.4,0,7.2,18.6,11.2,0.0,0.0,0.0,20,309,0,0,1,0.0,50.0,165.0
2024-11-04 21:00:00+05:30,23.7,57,987.5,0,9.2,17.4,11.5,0.0,0.0,0.0,21,309,0,0,1,0.0,50.0,165.0
2024-11-04 22:00:00+05:30,22.9,61,987.7,0,9.8,17.3,11.5,0.0,0.0,0.0,22,309,0,0,1,0.0,50.0,165.0
2024-11-04 23:00:00+05:30,22.6,61,987.3,0,10.7,14.7,12.6,0.0,0.0,0.0,23,309,0,0,1,0.0,50.0,165.0
2024-11-05 00:00:00+05:30,22.2,62,987.2,0,9.6,13.6,11.9,0.0,0.0,0.0,0,310,1,0,0,0.0,50.0,70.0
2024-11-05 01:00:00+05:30,21.8,64,987.1,0,8.6,12.6,10.8,0.0,0.0,0.0,1,310,1,0,0,0.0,37.99,70.0
2024-11-05 02:00:00+05:30,21.8,64,986.9,0,7.2,11.0,9.7,0.0,0.0,0.0,2,310,1,0,0,0.0,23.62,70.0
2024-11-05 03:00:00+05:30,23.1,58,987.0,0,5.9,9.8,8.3,0.0,0.0,0.0,3,310,1,0,0,0.0,14.61,70.0
2024-11-05 04:00:00+05:30,22.6,61,987.1,0,3.9,8.2,6.5,0.0,0.0,0.0,4,310,1,0,0,0.0,5.83,70.0
2024-11-05 05:00:00+05:30,22.6,60,987.4,0,3.9,7.7,4.3,0.0,0.0,0.0,5,310,1,0,0,0.0,5.15,70.0
2024-11-05 06:00:00+05:30,19.1,81,988.3,0,5.6,5.3,6.5,0.0,0.0,0.0,6,310,1,0,0,0.0,6.01,70.0
2024-11-05 07:00:00+05:30,20.0,79,989.3,0,3.8,5.5,7.6,44.8,14.0,59.1,7,310,1,0,0,5.02,2.44,110.0
2024-11-05 08:00:00+05:30,22.9,69,990.0,0,4.7,5.3,10.8,323.8,76.0,217.6,8,310,1,0,0,46.38,3.2,110.0
2024-11-05 09:00:00+05:30,26.4,56,991.0,0,3.9,5.5,12.6,525.8,116.0,407.6,9,310,1,1,0,95.03,2.51,196.61
2024-11-05 10:00:00+05:30,29.0,46,991.3,0,4.5,5.2,14.4,638.9,141.0,566.0,10,310,1,1,0,134.31,2.8,217.29
2024-11-05 11:00:00+05:30,31.0,39,990.7,0,3.9,4.6,14.8,700.2,155.0,667.1,11,310,1,1,0,160.11,1.6,237.18
2024-11-05 12:00:00+05:30,32.2,35,989.8,0,3.9,4.6,14.8,726.0,161.0,700.4,12,310,1,1,0,171.81,1.59,250.35
2024-11-05 13:00:00+05:30,32.9,32,988.9,0,4.0,4.3,14.8,722.0,160.0,662.7,13,310,1,1,0,169.16,1.56,222.4
2024-11-05 14:00:00+05:30,33.2,30,988.1,0,3.9,4.2,14.4,690.0,150.0,558.9,14,310,1,1,0,152.4,1.39,261.93
2024-11-05 15:00:00+05:30,33.2,30,987.6,0,4.7,5.0,13.3,618.7,133.0,402.7,15,310,1,1,0,122.0,3.05,261.93
2024-11-05 16:00:00+05:30,32.6,32,987.6,0,6.0,7.2,13.0,483.0,106.0,215.7,16,310,1,1,0,79.44,8.23,254.92
2024-11-05 17:00:00+05:30,29.5,45,987.8,0,7.9,16.0,13.0,258.0,58.0,41.4,17,310,1,1,0,31.6,50.0,222.0
2024-11-05 18:00:00+05:30,27.1,48,988.6,0,7.3,18.4,14.8,0.0,4.0,0.0,18,310,1,0,1,0.0,50.0,176.44
2024-11-05 19:00:00+05:30,27.0,46,989.0,0,9.7,13.5,13.3,0.0,0.0,0.0,19,310,1,0,1,0.0,50.0,175.71
2024-11-05 20:00:00+05:30,25.5,51,989.2,0,10.5,10.7,11.5,0.0,0.0,0.0,20,310,1,0,1,0.0,43.56,166.65
2024-11-05 21:00:00+05:30,24.9,54,989.4,0,9.2,10.8,11.9,0.0,0.0,0.0,21,310,1,0,1,0.0,31.48,165.0
2024-11-05 22:00:00+05:30,25.2,53,989.6,0,7.7,9.1,10.1,0.0,0.0,0.0,22,310,1,0,1,0.0,18.31,165.48
2024-11-05 23:00:00+05:30,23.6,58,989.3,0,9.0,8.8,10.1,0.0,0.0,0.0,23,310,1,0,1,0.0,27.29,165.0
2024-11-06 00:00:00+05:30,23.6,55,988.9,0,8.0,9.2,10.4,0.0,0.0,0.0,0,311,2,0,0,0.0,19.75,70.0
2024-11-06 01:00:00+05:30,25.0,51,988.8,0,5.8,7.0,10.4,0.0,0.0,0.0,1,311,2,0,0,0.0,7.63,70.0
2024-11-06 02:00:00+05:30,24.3,53,988.5,0,3.9,4.9,6.8,0.0,0.0,0.0,2,311,2,0,0,0.0,1.91,70.0
2024-11-06 03:00:00+05:30,25.0,51,988.4,0,2.5,4.9,4.7,0.0,0.0,0.0,3,311,2,0,0,0.0,0.7,70.0
2024-11-06 04:00:00+05:30,23.7,55,988.6,0,3.9,6.2,4.7,0.0,0.0,0.0,4,311,2,0,0,0.0,3.29,70.0
2024-11-06 05:00:00+05:30,23.6,56,988.8,0,0.8,3.8,4.7,0.0,0.0,0.0,5,311,2,0,0,0.0,0.0,70.0
2024-11-06 06:00:00+05:30,19.2,77,989.5,0,6.0,4.1,7.6,0.0,0.0,0.0,6,311,2,0,0,0.0,7.6,70.0
2024-11-06 07:00:00+05:30,20.0,75,990.6,0,4.9,5.3,8.3,45.6,13.0,56.8,7,311,2,0,0,4.82,3.74,110.0
2024-11-06 08:00:00+05:30,22.8,67,991.5,0,3.2,2.7,9.4,323.5,75.0,215.4,8,311,2,0,0,46.1,0.41,110.0
2024-11-06 09:00:00+05:30,26.4,54,992.3,0,2.4,1.9,10.4,527.3,116.0,406.8,9,311,2,1,0,95.1,0.0,196.61
2024-11-06 10:00:00+05:30,29.2,45,992.5,0,1.4,1.2,11.2,642.6,140.0,565.1,10,311,2,1,0,134.41,0.0,219.15
2024-11-06 11:00:00+05:30,31.2,38,991.9,0,1.0,1.1,11.2,703.7,154.0,666.1,11,311,2,1,0,160.19,0.0,239.31
2024-11-06 12:00:00+05:30,32.6,33,990.9,0,0.6,0.9,11.2,730.8,160.0,700.4,12,311,2,1,0,171.97,0.0,254.92
2024-11-06 13:00:00+05:30,33.4,29,989.9,0,2.4,3.3,12.2,728.2,159.0,663.6,13,311,2,1,0,169.48,0.0,228.31
2024-11-06 14:00:00+05:30,33.9,27,989.1,0,3.4,4.5,12.6,693.4,150.0,558.8,14,311,2,1,0,152.31,1.12,270.34
2024-11-06 15:00:00+05:30,33.9,27,988.8,0,4.3,5.6,12.6,622.3,133.0,402.4,15,311,2,1,0,122.03,3.0,270.34
2024-11-06 16:00:00+05:30,33.2,31,988.6,0,3.3,5.4,11.5,486.6,105.0,214.5,16,311,2,1,0,79.38,1.73,261.93
2024-11-06 17:00:00+05:30,31.4,37,988.7,0,3.9,4.9,5.8,256.0,58.0,40.3,17,311,2,1,0,31.2,1.87,241.47
2024-11-06 18:00:00+05:30,26.7,54,988.9,0,9.2,10.3,10.8,0.0,4.0,0.0,18,311,2,0,1,0.0,28.9,173.6
2024-11-06 19:00:00+05:30,25.4,57,989.0,0,8.8,11.3,10.8,0.0,0.0,0.0,19,311,2,0,1,0.0,32.06,166.22
2024-11-06 20:00:00+05:30,24.9,57,989.4,0,7.8,14.5,11.2,0.0,0.0,0.0,20,311,2,0,1,0.0,42.29,165.0
2024-11-06 21:00:00+05:30,23.9,62,989.4,0,10.5,13.3,11.5,0.0,0.0,0.0,21,311,2,0,1,0.0,50.0,165.0
2024-11-06 22:00:00+05:30,25.1,56,989.4,0,7.9,10.4,11.9,0.0,0.0,0.0,22,311,2,0,1,0.0,24.02,165.19
2024-11-06 23:00:00+05:30,25.4,53,989.0,0,7.2,8.2,9.0,0.0,0.0,0.0,23,311,2,0,1,0.0,13.84,166.22
2024-11-07 00:00:00+05:30,25.3,53,988.5,0,6.2,5.8,8.3,0.0,0.0,0.0,0,312,3,0,0,0.0,8.29,70.83
2024-11-07 01:00:00+05:30,26.2,50,988.2,0,4.4,4.2,7.2,0.0,0.0,0.0,1,312,3,0,0,0.0,2.41,75.37
2024-11-07 02:00:00+05:30,24.0,58,987.5,0,4.2,4.1,5.0,0.0,0.0,0.0,2,312,3,0,0,0.0,2.0,70.0
2024-11-07 03:00:00+05:30,24.6,54,987.6,0,1.6,1.8,5.4,0.0,0.0,0.0,3,312,3,0,0,0.0,0.0,70.0
2024-11-07 04:00:00+05:30,22.2,64,987.5,0,4.3,2.8,4.7,0.0,0.0,0.0,4,312,3,0,0,0.0,2.22,70.0
2024-11-07 05:00:00+05:30,19.6,77,987.6,0,6.9,4.6,7.6,0.0,0.0,0.0,5,312,3,0,0,0.0,11.97,70.0
2024-11-07 06:00:00+05:30,18.6,75,988.5,0,5.9,8.9,9.0,0.0,0.0,0.0,6,312,3,0,0,0.0,12.48,70.0
2024-11-07 07:00:00+05:30,19.0,81,989.4,0,5.2,6.2,9.4,46.3,13.0,58.0,7,312,3,0,0,4.86,5.25,110.0
2024-11-07 08:00:00+05:30,22.3,67,990.3,0,3.3,4.2,9.0,327.5,75.0,216.1,8,312,3,0,0,46.49,0.87,110.0
2024-11-07 09:00:00+05:30,26.2,55,991.1,0,3.1,3.8,11.2,533.6,116.0,408.4,9,312,3,1,0,95.86,0.48,195.37
2024-11-07 10:00:00+05:30,29.1,44,991.3,0,2.4,2.7,12.2,651.5,139.0,567.6,10,312,3,1,0,135.46,0.0,218.22
2024-11-07 11:00:00+05:30,31.0,38,990.8,0,1.5,1.5,12.2,711.6,154.0,669.4,11,312,3,1,0,161.44,0.0,237.18
2024-11-07 12:00:00+05:30,32.3,33,989.8,0,3.1,3.8,13.3,738.4,159.0,702.5,12,312,3,1,0,173.12,0.47,251.48
2024-11-07 13:00:00+05:30,33.1,29,988.8,0,4.3,5.4,14.8,734.4,159.0,665.5,13,312,3,1,0,170.56,2.77,224.75
2024-11-07 14:00:00+05:30,33.6,27,988.1,0,5.4,6.5,15.1,702.9,149.0,561.4,14,312,3,1,0,153.69,5.79,266.7
2024-11-07 15:00:00+05:30,33.6,25,987.7,0,6.9,8.4,15.1,629.5,133.0,403.9,15,312,3,1,0,123.08,13.25,266.7
2024-11-07 16:00:00+05:30,32.8,28,987.6,0,5.7,9.6,15.1,492.9,105.0,214.8,16,312,3,1,0,80.16,13.01,257.23
2024-11-07 17:00:00+05:30,28.8,43,987.7,0,7.2,12.9,10.1,265.3,57.0,39.5,17,312,3,1,0,31.98,30.56,215.47
2024-11-07 18:00:00+05:30,26.7,47,988.1,0,8.2,16.9,13.3,0.0,4.0,0.0,18,312,3,0,1,0.0,50.0,173.6
2024-11-07 19:00:00+05:30,24.9,51,988.5,0,9.1,16.9,13.0,0.0,0.0,0.0,19,312,3,0,1,0.0,50.0,165.0
2024-11-07 20:00:00+05:30,23.8,56,988.8,0,11.1,14.4,13.0,0.0,0.0,0.0,20,312,3,0,1,0.0,50.0,165.0
2024-11-07 21:00:00+05:30,23.4,59,989.0,0,9.0,12.1,12.2,0.0,0.0,0.0,21,312,3,0,1,0.0,37.47,165.0
2024-11-07 22:00:00+05:30,24.5,54,989.3,0,7.5,11.9,10.1,0.0,0.0,0.0,22,312,3,0,1,0.0,28.46,165.0
2024-11-07 23:00:00+05:30,22.1,62,988.7,0,9.9,14.1,10.4,0.0,0.0,0.0,23,312,3,0,1,0.0,50.0,165.0
2024-11-08 00:00:00+05:30,21.1,64,988.1,0,10.4,16.1,13.3,0.0,0.0,0.0,0,313,4,0,0,0.0,50.0,70.0
2024-11-08 01:00:00+05:30,21.1,63,987.7,0,9.9,14.4,13.0,0.0,0.0,0.0,1,313,4,0,0,0.0,50.0,70.0
2024-11-08 02:00:00+05:30,22.8,55,987.6,0,5.1,10.1,11.2,0.0,0.0,0.0,2,313,4,0,0,0.0,12.65,70.0
2024-11-08 03:00:00+05:30,22.3,57,987.4,0,3.9,7.6,5.8,0.0,0.0,0.0,3,313,4,0,0,0.0,5.02,70.0
2024-11-08 04:00:00+05:30,21.6,60,987.3,0,5.0,7.9,5.8,0.0,0.0,0.0,4,313,4,0,0,0.0,7.83,70.0
2024-11-08 05:00:00+05:30,19.9,68,987.4,0,5.6,7.6,6.5,0.0,0.0,0.0,5,313,4,0,0,0.0,8.61,70.0
2024-11-08 06:00:00+05:30,21.1,63,988.5,0,5.0,8.8,6.8,0.0,0.0,0.0,6,313,4,0,0,0.0,9.61,70.0
2024-11-08 07:00:00+05:30,19.5,75,989.3,0,4.9,7.0,5.8,47.1,12.0,55.6,7,313,4,0,0,4.65,6.08,110.0
2024-11-08 08:00:00+05:30,22.2,66,990.2,0,4.4,6.7,9.7,331.5,74.0,215.4,8,313,4,0,0,46.59,4.71,110.0
2024-11-08 09:00:00+05:30,25.7,56,991.0,0,3.6,6.7,12.2,537.5,115.0,407.7,9,313,4,1,0,96.21,3.39,192.59
2024-11-08 10:00:00+05:30,28.4,46,991.1,0,4.8,6.0,14.4,655.3,138.0,566.7,10,313,4,1,0,136.07,4.22,211.92
2024-11-08 11:00:00+05:30,30.4,38,990.4,0,6.5,8.1,17.6,716.7,153.0,669.6,11,313,4,1,0,162.33,11.57,230.92
2024-11-08 12:00:00+05:30,32.0,33,989.3,0,7.4,9.0,19.1,741.8,159.0,702.5,12,313,4,1,0,173.73,16.62,248.09
2024-11-08 13:00:00+05:30,32.9,27,988.3,0,6.7,8.1,19.4,740.6,157.0,665.5,13,313,4,1,0,171.23,11.94,222.4
2024-11-08 14:00:00+05:30,33.2,25,987.5,0,5.7,6.9,18.0,706.3,148.0,560.3,14,313,4,1,0,154.17,7.04,261.93
2024-11-08 15:00:00+05:30,33.1,25,987.1,0,5.2,6.4,15.5,632.9,132.0,402.8,15,313,4,1,0,123.52,5.32,260.75
2024-11-08 16:00:00+05:30,32.2,30,987.2,0,4.4,7.2,13.0,496.3,104.0,213.7,16,313,4,1,0,80.48,5.24,250.35
2024-11-08 17:00:00+05:30,28.0,44,987.2,0,8.0,14.2,10.1,262.9,56.0,38.0,17,313,4,1,0,31.68,41.64,208.51
2024-11-08 18:00:00+05:30,26.8,42,987.7,0,8.4,18.2,13.0,0.0,4.0,0.0,18,313,4,0,1,0.0,50.0,174.29
2024-11-08 19:00:00+05:30,25.0,45,988.0,0,10.3,16.1,12.6,0.0,0.0,0.0,19,313,4,0,1,0.0,50.0,165.0
2024-11-08 20:00:00+05:30,24.5,47,988.4,0,8.8,17.6,12.6,0.0,0.0,0.0,20,313,4,0,1,0.0,50.0,165.0
2024-11-08 21:00:00+05:30,23.6,52,988.5,0,9.1,15.7,12.2,0.0,0.0,0.0,21,313,4,0,1,0.0,50.0,165.0
2024-11-08 22:00:00+05:30,22.9,56,988.4,0,10.0,12.9,13.3,0.0,0.0,0.0,22,313,4,0,1,0.0,50.0,165.0
2024-11-08 23:00:00+05:30,22.3,57,988.2,0,10.0,14.1,11.2,0.0,0.0,0.0,23,313,4,0,1,0.0,50.0,165.0
2024-11-09 00:00:00+05:30,21.5,57,987.7,0,10.7,14.4,11.9,0.0,0.0,0.0,0,314,5,0,0,0.0,50.0,70.0
2024-11-09 01:00:00+05:30,21.1,56,987.4,0,11.4,15.7,13.0,0.0,0.0,0.0,1,314,5,0,0,0.0,50.0,70.0
2024-11-09 02:00:00+05:30,21.5,52,987.3,0,8.4,15.9,13.0,0.0,0.0,0.0,2,314,5,0,0,0.0,50.0,70.0
2024-11-09 03:00:00+05:30,21.4,53,987.3,0,7.0,15.7,11.5,0.0,0.0,0.0,3,314,5,0,0,0.0,42.5,70.0
2024-11-09 04:00:00+05:30,20.1,60,987.2,0,9.3,15.6,11.2,0.0,0.0,0.0,4,314,5,0,0,0.0,50.0,70.0
2024-11-09 05:00:00+05:30,19.9,63,987.6,0,8.9,13.3,11.9,0.0,0.0,0.0,5,314,5,0,0,0.0,43.98,70.0
2024-11-09 06:00:00+05:30,21.0,62,988.9,0,2.8,7.7,5.0,0.0,0.0,0.0,6,314,5,0,0,0.0,3.08,70.0
2024-11-09 07:00:00+05:30,20.4,66,989.6,0,5.4,9.5,6.1,35.9,12.0,53.2,7,314,5,0,0,4.2,12.37,110.0
2024-11-09 08:00:00+05:30,22.2,63,990.5,0,3.2,7.4,8.3,326.9,73.0,211.8,8,314,5,0,0,45.89,3.5,110.0
2024-11-09 09:00:00+05:30,25.8,52,991.4,0,1.9,5.2,9.7,534.3,114.0,403.3,9,314,5,0,0,95.44,0.35,133.11
2024-11-09 10:00:00+05:30,28.7,41,991.7,0,3.5,4.5,12.6,650.3,138.0,561.5,10,314,5,0,0,134.97,1.21,154.57
2024-11-09 11:00:00+05:30,30.8,33,990.9,0,5.2,6.4,15.8,712.8,152.0,663.4,11,314,5,0,0,161.03,5.38,175.07
2024-11-09 12:00:00+05:30,32.0,28,990.0,0,5.5,6.6,16.6,739.7,158.0,697.5,12,314,5,0,0,173.0,6.18,188.09
2024-11-09 13:00:00+05:30,32.8,25,989.0,0,6.0,7.2,16.9,736.9,157.0,660.6,13,314,5,0,0,170.49,8.24,179.23
2024-11-09 14:00:00+05:30,33.1,23,988.2,0,5.6,6.7,16.9,705.0,148.0,557.5,14,314,5,0,0,153.87,6.49,200.75
2024-11-09 15:00:00+05:30,33.0,23,987.8,0,5.4,6.6,15.1,632.5,131.0,400.0,15,314,5,0,0,123.22,5.98,199.57
2024-11-09 16:00:00+05:30,32.1,28,987.7,0,4.6,7.6,13.0,494.3,104.0,211.8,16,314,5,0,0,80.23,6.22,189.22
2024-11-09 17:00:00+05:30,27.7,45,987.7,0,9.6,13.4,10.8,260.4,56.0,36.9,17,314,5,0,0,31.52,50.0,146.05
2024-11-09 18:00:00+05:30,26.4,45,988.0,0,8.8,12.4,9.7,0.0,3.0,0.0,18,314,5,0,1,0.0,37.54,171.61
2024-11-09 19:00:00+05:30,24.5,49,988.4,0,11.1,14.9,12.2,0.0,0.0,0.0,19,314,5,0,1,0.0,50.0,165.0
2024-11-09 20:00:00+05:30,23.6,48,988.6,0,11.6,16.0,13.0,0.0,0.0,0.0,20,314,5,0,1,0.0,50.0,165.0
2024-11-09 21:00:00+05:30,22.7,54,988.8,0,11.3,15.8,13.0,0.0,0.0,0.0,21,314,5,0,1,0.0,50.0,165.0
2024-11-09 22:00:00+05:30,24.5,47,989.0,0,9.2,13.4,13.0,0.0,0.0,0.0,22,314,5,0,1,0.0,45.9,165.0
2024-11-09 23:00:00+05:30,25.7,42,989.0,0,7.0,10.6,10.1,0.0,0.0,0.0,23,314,5,0,1,0.0,21.07,167.59
2024-11-10 00:00:00+05:30,21.9,53,988.3,0,9.4,11.0,10.4,0.0,0.0,0.0,0,315,6,0,0,0.0,33.76,70.0
2024-11-10 01:00:00+05:30,21.2,56,987.8,0,9.2,10.7,11.5,0.0,0.0,0.0,1,315,6,0,0,0.0,31.31,70.0
2024-11-10 02:00:00+05:30,21.4,56,987.8,0,7.0,9.3,11.2,0.0,0.0,0.0,2,315,6,0,0,0.0,16.91,70.0
2024-11-10 03:00:00+05:30,20.2,62,987.6,0,7.6,8.2,9.7,0.0,0.0,0.0,3,315,6,0,0,0.0,16.25,70.0
2024-11-10 04:00:00+05:30,23.0,52,988.1,0,3.4,6.1,9.0,0.0,0.0,0.0,4,315,6,0,0,0.0,2.52,70.0
2024-11-10 05:00:00+05:30,22.3,54,988.4,0,3.5,6.3,4.3,0.0,0.0,0.0,5,315,6,0,0,0.0,2.86,70.0
2024-11-10 06:00:00+05:30,16.8,81,989.0,0,5.9,2.5,6.5,0.0,0.0,0.0,6,315,6,0,0,0.0,7.24,70.0
2024-11-10 07:00:00+05:30,17.6,77,989.8,0,4.7,4.4,8.6,36.5,12.0,54.4,7,315,6,0,0,4.26,3.22,110.0
2024-11-10 08:00:00+05:30,20.9,63,990.6,0,5.9,5.5,11.9,326.7,72.0,209.7,8,315,6,0,0,45.82,7.15,110.0
2024-11-10 09:00:00+05:30,24.8,51,991.5,0,3.9,5.1,12.2,538.4,113.0,402.5,9,315,6,0,0,96.0,2.11,70.0
2024-11-10 10:00:00+05:30,28.0,42,992.0,0,3.1,3.6,13.0,655.8,137.0,561.7,10,315,6,0,0,135.83,0.36,88.51
2024-11-10 11:00:00+05:30,30.1,36,991.4,0,1.7,1.9,13.0,716.4,152.0,663.6,11,315,6,0,0,161.91,0.0,107.89
2024-11-10 12:00:00+05:30,31.6,31,990.3,0,1.2,1.4,11.9,741.8,158.0,696.6,12,315,6,0,0,173.45,0.0,123.66
2024-11-10 13:00:00+05:30,32.5,25,989.3,0,2.2,2.9,11.9,738.9,156.0,658.7,13,315,6,0,0,170.7,0.0,133.76
2024-11-10 14:00:00+05:30,32.9,23,988.5,0,3.4,4.2,12.6,705.3,146.0,553.7,14,315,6,0,0,153.55,0.9,138.4
2024-11-10 15:00:00+05:30,32.8,22,988.1,0,2.7,3.3,12.6,628.2,131.0,396.3,15,315,6,0,0,122.61,0.02,137.23
2024-11-10 16:00:00+05:30,31.9,31,988.0,0,2.3,4.8,9.4,489.4,103.0,208.5,16,315,6,0,0,79.48,0.48,126.98
2024-11-10 17:00:00+05:30,27.4,45,988.0,0,9.2,13.1,10.4,257.7,55.0,35.5,17,315,6,0,0,31.13,43.66,83.69
2024-11-10 18:00:00+05:30,25.1,49,988.4,0,9.6,12.2,10.8,0.0,3.0,0.0,18,315,6,0,1,0.0,41.14,165.19
2024-11-10 19:00:00+05:30,25.3,45,988.9,0,8.6,10.2,10.8,0.0,0.0,0.0,19,315,6,0,1,0.0,25.98,165.83
2024-11-10 20:00:00+05:30,25.2,41,989.5,0,8.0,10.4,9.4,0.0,0.0,0.0,20,315,6,0,1,0.0,24.43,165.48
2024-11-10 21:00:00+05:30,23.7,45,989.8,0,8.3,11.1,9.7,0.0,0.0,0.0,21,315,6,0,1,0.0,28.93,165.0
2024-11-10 22:00:00+05:30,23.1,47,989.7,0,6.7,9.5,9.4,0.0,0.0,0.0,22,315,6,0,1,0.0,16.48,165.0
2024-11-10 23:00:00+05:30,26.2,38,989.6,0,5.8,9.0,7.9,0.0,0.0,0.0,23,315,6,0,1,0.0,12.13,170.37
2024-11-11 00:00:00+05:30,26.4,37,989.3,0,4.2,7.5,6.5,0.0,0.0,0.0,0,316,0,0,0,0.0,5.41,76.61
2024-11-11 01:00:00+05:30,26.1,38,988.8,0,1.9,4.6,5.0,0.0,0.0,0.0,1,316,0,0,0,0.0,0.12,74.78
2024-11-11 02:00:00+05:30,25.3,39,988.4,0,1.7,5.0,2.5,0.0,0.0,0.0,2,316,0,0,0,0.0,0.05,70.83
2024-11-11 03:00:00+05:30,24.7,40,988.0,0,1.9,5.4,3.2,0.0,0.0,0.0,3,316,0,0,0,0.0,0.41,70.0
2024-11-11 04:00:00+05:30,23.6,43,988.3,0,3.6,6.1,4.0,0.0,0.0,0.0,4,316,0,0,0,0.0,2.78,70.0
2024-11-11 05:00:00+05:30,22.1,48,988.5,0,5.2,6.5,6.1,0.0,0.0,0.0,5,316,0,0,0,0.0,5.69,70.0
2024-11-11 06:00:00+05:30,16.7,76,988.8,0,6.6,4.2,7.9,0.0,0.0,0.0,6,316,0,0,0,0.0,10.48,70.0
2024-11-11 07:00:00+05:30,17.1,78,989.6,0,6.1,5.2,7.9,37.2,11.0,51.9,7,316,0,0,0,4.06,8.09,110.0
2024-11-11 08:00:00+05:30,20.6,64,990.7,0,5.3,6.1,10.8,322.0,71.0,206.1,8,316,0,0,0,45.16,5.21,110.0
2024-11-11 09:00:00+05:30,24.5,52,991.3,0,4.5,6.5,12.6,532.8,113.0,398.2,9,316,0,1,0,95.26,4.55,190.0
2024-11-11 10:00:00+05:30,27.5,42,991.6,0,4.4,5.2,14.4,652.6,136.0,556.5,10,316,0,1,0,135.25,2.71,204.47
2024-11-11 11:00:00+05:30,29.7,35,990.9,0,3.1,3.3,14.4,715.5,150.0,658.5,11,316,0,1,0,161.48,0.29,223.93
2024-11-11 12:00:00+05:30,31.3,28,989.9,0,2.8,3.3,13.3,741.1,156.0,691.6,12,316,0,1,0,173.02,0.06,240.39
2024-11-11 13:00:00+05:30,32.1,24,988.9,0,3.6,4.2,13.7,736.6,155.0,653.8,13,316,0,1,0,170.26,1.04,213.22
2024-11-11 14:00:00+05:30,32.4,22,988.1,0,5.6,6.5,15.1,703.9,146.0,550.8,14,316,0,1,0,153.5,6.14,252.62
2024-11-11 15:00:00+05:30,32.2,22,987.7,0,7.2,8.5,15.8,627.7,130.0,393.6,15,316,0,1,0,122.56,14.42,250.35
2024-11-11 16:00:00+05:30,31.2,25,987.7,0,8.0,11.8,15.5,487.1,103.0,206.7,16,316,0,1,0,79.4,29.84,239.31
2024-11-11 17:00:00+05:30,28.0,34,987.7,0,9.2,17.8,14.4,254.9,54.0,34.1,17,316,0,1,0,30.64,50.0,208.51
2024-11-11 18:00:00+05:30,25.9,37,987.9,35,8.9,16.8,15.8,0.0,3.0,0.0,18,316,0,0,1,0.0,50.0,168.64
2024-11-11 19:00:00+05:30,23.4,44,988.1,0,11.4,15.0,13.7,0.0,0.0,0.0,19,316,0,0,1,0.0,50.0,165.0
2024-11-11 20:00:00+05:30,23.8,42,988.6,0,8.7,13.0,13.0,0.0,0.0,0.0,20,316,0,0,1,0.0,40.52,165.0
2024-11-11 21:00:00+05:30,26.3,33,989.2,0,3.9,8.1,9.7,0.0,0.0,0.0,21,316,0,0,1,0.0,5.63,170.99
2024-11-11 22:00:00+05:30,26.6,32,989.2,0,2.7,5.1,4.3,0.0,0.0,0.0,22,316,0,0,1,0.0,0.98,172.92
2024-11-11 23:00:00+05:30,23.4,41,988.8,0,6.6,6.1,7.6,0.0,0.0,0.0,23,316,0,0,1,0.0,10.25,165.0
2024-11-12 00:00:00+05:30,24.5,38,988.4,0,6.3,6.2,7.9,0.0,0.0,0.0,0,317,1,0,0,0.0,8.76,70.0
2024-11-12 01:00:00+05:30,20.9,49,987.7,0,7.7,7.8,8.6,0.0,0.0,0.0,1,317,1,0,0,0.0,16.9,70.0
2024-11-12 02:00:00+05:30,20.3,51,987.3,0,8.5,9.0,9.7,0.0,0.0,0.0,2,317,1,0,0,0.0,23.07,70.0
2024-11-12 03:00:00+05:30,23.0,42,987.6,0,5.7,8.0,9.7,0.0,0.0,0.0,3,317,1,0,0,0.0,9.62,70.0
2024-11-12 04:00:00+05:30,20.6,51,987.3,4,6.4,8.2,6.8,0.0,0.0,0.0,4,317,1,0,0,0.0,11.93,70.0
2024-11-12 05:00:00+05:30,17.4,68,987.2,26,5.6,6.1,8.3,0.0,0.0,0.0,5,317,1,0,0,0.0,6.04,70.0
2024-11-12 06:00:00+05:30,16.1,76,988.6,10,4.3,1.5,7.2,0.0,0.0,0.0,6,317,1,0,0,0.0,2.27,70.0
2024-11-12 07:00:00+05:30,17.8,68,989.5,3,4.8,5.4,7.9,37.9,10.0,49.3,7,317,1,0,0,3.85,3.5,110.0
2024-11-12 08:00:00+05:30,20.7,60,990.3,0,8.1,7.8,14.8,312.6,71.0,202.5,8,317,1,0,0,44.23,19.88,110.0
2024-11-12 09:00:00+05:30,24.2,50,991.2,0,6.0,8.6,15.1,524.6,112.0,391.4,9,317,1,1,0,93.98,11.8,190.0
2024-11-12 10:00:00+05:30,27.3,41,991.4,0,5.8,7.2,16.2,643.9,136.0,549.0,10,317,1,1,0,133.86,8.01,202.93
2024-11-12 11:00:00+05:30,29.6,35,990.8,0,4.1,4.7,16.6,707.1,150.0,650.2,11,317,1,1,0,159.96,1.87,222.96
2024-11-12 12:00:00+05:30,31.0,29,989.6,0,1.8,1.9,14.8,733.3,157.0,684.6,12,317,1,1,0,171.88,0.0,237.18
2024-11-12 13:00:00+05:30,31.7,25,988.4,0,0.5,0.2,12.2,729.9,155.0,647.0,13,317,1,1,0,169.24,0.0,208.76
2024-11-12 14:00:00+05:30,31.9,24,987.7,0,1.1,1.2,10.4,696.2,147.0,545.2,14,317,1,1,0,152.63,0.0,246.98
2024-11-12 15:00:00+05:30,31.8,24,987.3,0,3.0,3.1,10.4,623.2,129.0,389.1,15,317,1,1,0,121.84,0.18,245.86
2024-11-12 16:00:00+05:30,31.0,27,987.3,0,6.5,8.6,11.9,481.9,102.0,203.4,16,317,1,1,0,78.63,12.84,237.18
2024-11-12 17:00:00+05:30,27.9,34,987.4,0,9.2,19.3,15.1,251.8,53.0,32.8,17,317,1,1,0,30.21,50.0,207.68
2024-11-12 18:00:00+05:30,28.5,29,987.7,0,2.4,7.4,6.5,0.0,3.0,0.0,18,317,1,0,1,0.0,1.68,187.79
2024-11-12 19:00:00+05:30,28.2,29,988.1,0,2.6,10.1,5.4,0.0,0.0,0.0,19,317,1,0,1,0.0,2.37,185.19
2024-11-12 20:00:00+05:30,28.5,26,988.3,0,1.6,8.8,5.4,0.0,0.0,0.0,20,317,1,0,1,0.0,0.0,187.79
2024-11-12 21:00:00+05:30,27.7,24,988.7,0,7.4,9.1,12.2,0.0,0.0,0.0,21,317,1,0,1,0.0,17.19,181.05
2024-11-12 22:00:00+05:30,26.7,29,988.7,0,10.4,18.6,20.9,0.0,0.0,0.0,22,317,1,0,1,0.0,50.0,173.6
2024-11-12 23:00:00+05:30,26.3,31,988.0,0,8.8,16.8,19.1,0.0,0.0,0.0,23,317,1,0,1,0.0,50.0,170.99
2024-11-13 00:00:00+05:30,24.2,38,987.7,0,3.4,10.7,16.6,0.0,0.0,0.0,0,318,2,0,0,0.0,6.41,70.0
2024-11-13 01:00:00+05:30,22.9,39,987.4,0,6.2,10.3,13.7,0.0,0.0,0.0,1,318,2,0,0,0.0,17.12,70.0
2024-11-13 02:00:00+05:30,22.3,42,986.8,0,4.2,9.0,12.2,0.0,0.0,0.0,2,318,2,0,0,0.0,7.78,70.0
2024-11-13 03:00:00+05:30,21.9,44,986.5,0,4.2,11.2,9.7,0.0,0.0,0.0,3,318,2,0,0,0.0,11.69,70.0
2024-11-13 04:00:00+05:30,21.7,45,986.5,0,5.1,11.1,9.7,0.0,0.0,0.0,4,318,2,0,0,0.0,15.04,70.0
2024-11-13 05:00:00+05:30,21.4,45,986.7,0,6.0,12.2,11.2,0.0,0.0,0.0,5,318,2,0,0,0.0,22.23,70.0
2024-11-13 06:00:00+05:30,20.2,49,987.6,0,9.7,18.9,18.0,0.0,0.0,0.0,6,318,2,0,0,0.0,50.0,70.0
2024-11-13 07:00:00+05:30,20.0,50,988.4,0,10.3,18.8,19.1,25.7,10.0,46.6,7,318,2,0,0,3.34,50.0,110.0
2024-11-13 08:00:00+05:30,22.0,45,989.3,0,8.9,17.4,19.8,312.2,69.0,199.0,8,318,2,0,0,43.46,50.0,110.0
2024-11-13 09:00:00+05:30,25.3,37,990.1,0,5.6,16.5,18.0,523.8,110.0,387.0,9,318,2,1,0,92.92,31.58,190.83
2024-11-13 10:00:00+05:30,28.5,29,990.1,0,6.1,9.2,19.4,642.3,135.0,544.8,10,318,2,1,0,132.57,13.44,212.79
2024-11-13 11:00:00+05:30,30.6,24,989.2,0,7.5,10.1,23.4,707.6,149.0,647.3,11,318,2,1,0,158.97,20.88,232.98
2024-11-13 12:00:00+05:30,31.6,22,988.0,0,4.2,5.2,23.4,736.6,155.0,682.7,12,318,2,1,0,171.45,2.46,243.66
2024-11-13 13:00:00+05:30,32.1,20,986.9,0,2.5,3.2,18.0,734.6,153.0,646.1,13,318,2,1,0,169.22,0.0,213.22
2024-11-13 14:00:00+05:30,32.2,20,986.0,0,3.2,3.9,15.8,700.9,145.0,544.2,14,318,2,1,0,152.69,0.58,250.35
2024-11-13 15:00:00+05:30,32.0,20,985.5,0,4.5,5.6,16.6,626.3,128.0,388.1,15,318,2,1,0,121.9,3.24,248.09
2024-11-13 16:00:00+05:30,31.4,21,985.5,0,7.4,9.6,19.4,484.9,100.0,201.6,16,318,2,1,0,78.41,18.62,241.47
2024-11-13 17:00:00+05:30,29.7,23,985.8,0,8.7,14.8,20.9,254.7,52.0,31.9,17,318,2,1,0,30.0,50.0,223.93
2024-11-13 18:00:00+05:30,28.6,24,986.6,0,3.4,9.0,18.4,0.0,3.0,0.0,18,318,2,0,1,0.0,5.59,188.67
2024-11-13 19:00:00+05:30,27.9,26,987.0,0,3.3,4.0,7.6,0.0,0.0,0.0,19,318,2,0,1,0.0,0.71,182.68
2024-11-13 20:00:00+05:30,27.6,28,987.2,0,8.3,10.3,15.5,0.0,0.0,0.0,20,318,2,0,1,0.0,24.97,180.26
2024-11-13 21:00:00+05:30,27.2,29,987.3,0,5.0,11.2,15.8,0.0,0.0,0.0,21,318,2,0,1,0.0,14.62,177.18
2024-11-13 22:00:00+05:30,26.6,32,987.6,0,0.3,1.7,9.0,0.0,0.0,0.0,22,318,2,0,1,0.0,0.0,172.92
2024-11-13 23:00:00+05:30,24.2,40,987.7,0,0.4,0.9,2.9,0.0,0.0,0.0,23,318,2,0,1,0.0,0.0,165.0
2024-11-14 00:00:00+05:30,23.3,37,987.4,0,6.5,8.7,12.6,0.0,0.0,0.0,0,319,3,0,0,0.0,13.45,70.0
2024-11-14 01:00:00+05:30,23.6,36,986.8,0,5.3,8.4,12.6,0.0,0.0,0.0,1,319,3,0,0,0.0,9.48,70.0
2024-11-14 02:00:00+05:30,23.4,36,986.4,0,6.8,8.5,12.2,0.0,0.0,0.0,2,319,3,0,0,0.0,13.71,70.0
2024-11-14 03:00:00+05:30,21.8,40,986.4,0,8.5,11.1,15.8,0.0,0.0,0.0,3,319,3,0,0,0.0,29.95,70.0
2024-11-14 04:00:00+05:30,20.5,45,986.6,0,6.1,11.0,15.8,0.0,0.0,0.0,4,319,3,0,0,0.0,18.97,70.0
2024-11-14 05:00:00+05:30,19.8,48,986.9,0,6.0,11.0,11.5,0.0,0.0,0.0,5,319,3,0,0,0.0,18.6,70.0
2024-11-14 06:00:00+05:30,19.0,56,988.1,0,7.1,14.6,13.7,0.0,0.0,0.0,6,319,3,0,0,0.0,38.51,70.0
2024-11-14 07:00:00+05:30,19.2,56,988.9,0,7.9,15.5,14.4,26.2,10.0,47.7,7,319,3,0,0,3.37,50.0,110.0
2024-11-14 08:00:00+05:30,21.3,49,989.8,0,6.6,14.8,16.2,307.2,68.0,195.4,8,319,3,0,0,42.84,35.57,110.0
2024-11-14 09:00:00+05:30,24.6,41,990.6,0,4.8,13.0,15.8,520.5,109.0,382.7,9,319,3,1,0,92.41,18.28,190.0
2024-11-14 10:00:00+05:30,27.9,33,991.3,0,4.4,6.6,16.9,638.9,134.0,539.6,10,319,3,1,0,132.01,4.48,207.68
2024-11-14 11:00:00+05:30,30.4,26,990.5,0,4.3,5.7,17.6,702.0,149.0,641.1,11,319,3,1,0,157.98,3.15,230.92
2024-11-14 12:00:00+05:30,31.7,22,989.8,0,3.1,3.7,17.6,730.1,154.0,674.7,12,319,3,1,0,169.9,0.41,244.76
2024-11-14 13:00:00+05:30,32.1,21,988.6,0,3.1,4.0,16.2,726.4,153.0,638.3,13,319,3,1,0,167.66,0.59,213.22
2024-11-14 14:00:00+05:30,32.2,21,987.7,0,4.9,6.1,18.7,693.0,145.0,537.7,14,319,3,1,0,151.29,4.43,250.35
2024-11-14 15:00:00+05:30,31.9,21,987.3,0,6.8,8.5,21.2,617.7,128.0,382.8,15,319,3,1,0,120.64,13.34,246.98
2024-11-14 16:00:00+05:30,31.3,22,987.2,1,8.6,11.3,22.7,476.6,100.0,198.4,16,319,3,1,0,77.46,30.43,240.39
2024-11-14 17:00:00+05:30,29.8,24,987.4,0,8.7,13.9,22.7,245.0,52.0,30.6,17,319,3,1,0,29.28,44.57,224.91
2024-11-14 18:00:00+05:30,28.4,26,988.2,0,4.4,7.5,17.6,0.0,2.0,0.0,18,319,3,0,1,0.0,5.75,186.92
2024-11-14 19:00:00+05:30,27.4,29,988.6,0,5.5,7.4,10.4,0.0,0.0,0.0,19,319,3,0,1,0.0,7.79,178.69
2024-11-14 20:00:00+05:30,27.7,29,989.0,0,6.5,12.5,12.2,0.0,0.0,0.0,20,319,3,0,1,0.0,25.35,181.05
2024-11-14 21:00:00+05:30,27.6,28,989.2,0,9.2,14.7,17.6,0.0,0.0,0.0,21,319,3,0,1,0.0,50.0,180.26
2024-11-14 22:00:00+05:30,26.7,32,989.2,0,4.5,11.7,18.0,0.0,0.0,0.0,22,319,3,0,1,0.0,13.74,173.6
2024-11-14 23:00:00+05:30,25.1,33,988.9,5,2.7,1.9,7.2,0.0,0.0,0.0,23,319,3,0,1,0.0,0.0,165.19
2024-11-15 00:00:00+05:30,23.1,38,988.8,0,5.8,13.5,11.2,0.0,0.0,0.0,0,320,4,0,0,0.0,25.31,70.0
2024-11-15 01:00:00+05:30,22.1,40,988.4,0,3.6,7.5,11.2,0.0,0.0,0.0,1,320,4,0,0,0.0,4.33,70.0
2024-11-15 02:00:00+05:30,22.1,42,987.8,0,2.4,6.2,6.5,0.0,0.0,0.0,2,320,4,0,0,0.0,1.36,70.0
2024-11-15 03:00:00+05:30,22.1,39,987.5,0,5.4,5.8,10.4,0.0,0.0,0.0,3,320,4,0,0,0.0,5.24,70.0
2024-11-15 04:00:00+05:30,21.0,42,987.5,0,5.0,4.3,11.9,0.0,0.0,0.0,4,320,4,0,0,0.0,4.0,70.0
2024-11-15 05:00:00+05:30,19.8,47,987.8,0,6.3,6.9,11.9,0.0,0.0,0.0,5,320,4,0,0,0.0,8.9,70.0
2024-11-15 06:00:00+05:30,18.9,57,989.2,0,5.4,6.7,10.4,0.0,0.0,0.0,6,320,4,0,0,0.0,6.46,70.0
2024-11-15 07:00:00+05:30,18.8,59,989.7,0,5.8,9.3,10.4,26.8,9.0,44.9,7,320,4,0,0,3.16,13.21,110.0
2024-11-15 08:00:00+05:30,20.9,53,990.4,0,2.2,6.2,11.2,302.0,67.0,191.8,8,320,4,0,0,42.15,1.13,110.0
2024-11-15 09:00:00+05:30,24.4,43,991.2,0,0.3,2.2,9.0,512.0,109.0,377.1,9,320,4,1,0,91.25,0.0,190.0
2024-11-15 10:00:00+05:30,27.6,32,991.5,0,1.9,2.9,12.2,635.4,133.0,534.3,10,320,4,1,0,131.26,0.0,205.26
2024-11-15 11:00:00+05:30,29.9,26,990.7,0,3.1,4.2,15.5,701.0,148.0,637.1,11,320,4,1,0,157.77,0.72,225.89
2024-11-15 12:00:00+05:30,31.0,23,989.6,0,2.8,3.6,16.2,729.2,154.0,671.8,12,320,4,1,0,170.07,0.21,237.18
2024-11-15 13:00:00+05:30,31.5,22,988.5,0,3.3,4.3,16.6,725.2,153.0,635.5,13,320,4,1,0,167.72,0.91,206.56
2024-11-15 14:00:00+05:30,31.7,22,987.7,0,4.0,5.1,17.3,691.2,144.0,533.9,14,320,4,1,0,151.02,2.15,244.76
2024-11-15 15:00:00+05:30,31.6,22,987.2,0,4.1,5.4,16.9,616.8,127.0,380.0,15,320,4,1,0,120.4,2.57,243.66
2024-11-15 16:00:00+05:30,31.0,22,986.9,0,5.2,6.7,15.8,476.5,99.0,196.6,16,320,4,1,0,77.32,5.86,237.18
2024-11-15 17:00:00+05:30,29.4,24,986.9,0,4.3,8.3,15.1,247.7,51.0,29.7,17,320,4,1,0,29.32,6.73,221.04
2024-11-15 18:00:00+05:30,27.6,28,987.7,0,2.9,6.2,10.1,0.0,2.0,0.0,18,320,4,0,1,0.0,1.94,180.26
2024-11-15 19:00:00+05:30,26.7,34,988.1,0,0.9,3.4,6.8,0.0,0.0,0.0,19,320,4,0,1,0.0,0.0,173.6
2024-11-15 20:00:00+05:30,26.8,31,988.5,0,5.8,5.9,11.2,0.0,0.0,0.0,20,320,4,0,1,0.0,6.6,174.29
2024-11-15 21:00:00+05:30,25.9,34,988.4,0,2.2,5.0,12.2,0.0,0.0,0.0,21,320,4,0,1,0.0,0.51,168.64
2024-11-15 22:00:00+05:30,25.9,31,988.3,0,3.9,5.0,7.9,0.0,0.0,0.0,22,320,4,0,1,0.0,2.0,168.64
2024-11-15 23:00:00+05:30,23.6,39,988.1,0,2.5,4.9,9.0,0.0,0.0,0.0,23,320,4,0,1,0.0,0.7,165.0
2024-11-16 00:00:00+05:30,23.3,38,987.9,0,3.4,5.4,7.2,0.0,0.0,0.0,0,321,5,0,0,0.0,1.89,70.0
2024-11-16 01:00:00+05:30,22.7,42,987.6,0,2.0,5.2,7.9,0.0,0.0,0.0,1,321,5,0,0,0.0,0.44,70.0
2024-11-16 02:00:00+05:30,22.6,42,987.2,0,1.8,7.3,4.0,0.0,0.0,0.0,2,321,5,0,0,0.0,0.23,70.0
2024-11-16 03:00:00+05:30,21.1,47,987.3,0,1.1,5.1,2.9,0.0,0.0,0.0,3,321,5,0,0,0.0,0.0,70.0
2024-11-16 04:00:00+05:30,20.1,52,987.3,0,1.6,0.9,4.7,0.0,0.0,0.0,4,321,5,0,0,0.0,0.0,70.0
2024-11-16 05:00:00+05:30,19.6,54,987.4,0,1.5,0.8,4.3,0.0,0.0,0.0,5,321,5,0,0,0.0,0.0,70.0
2024-11-16 06:00:00+05:30,18.9,57,988.1,0,2.9,3.1,6.1,0.0,0.0,0.0,6,321,5,0,0,0.0,0.09,70.0
2024-11-16 07:00:00+05:30,19.0,57,988.6,0,3.0,4.0,6.5,27.3,8.0,41.9,7,321,5,0,0,2.94,0.55,110.0
2024-11-16 08:00:00+05:30,20.7,53,989.1,0,2.1,2.7,7.9,301.5,66.0,189.6,8,321,5,0,0,41.83,0.0,110.0
2024-11-16 09:00:00+05:30,24.0,41,990.2,0,1.1,1.3,10.1,516.2,107.0,375.2,9,321,5,0,0,91.36,0.0,130.0
2024-11-16 10:00:00+05:30,26.9,32,990.5,0,1.3,1.8,11.9,637.4,132.0,532.4,10,321,5,0,0,131.56,0.0,139.99
2024-11-16 11:00:00+05:30,29.0,27,989.9,0,1.9,2.3,13.7,701.4,147.0,634.1,11,321,5,0,0,158.05,0.0,157.29
2024-11-16 12:00:00+05:30,30.3,24,988.9,0,2.4,3.1,14.8,728.2,153.0,667.9,12,321,5,0,0,170.04,0.0,169.9
2024-11-16 13:00:00+05:30,30.9,23,987.8,0,3.7,5.0,17.3,726.9,152.0,633.6,13,321,5,0,0,168.1,1.78,158.12
2024-11-16 14:00:00+05:30,31.1,22,987.1,0,4.8,6.3,18.4,694.2,143.0,532.9,14,321,5,0,0,151.58,4.6,178.24
2024-11-16 15:00:00+05:30,31.0,22,986.6,0,5.8,7.5,18.7,619.6,126.0,379.0,15,321,5,0,0,120.84,8.5,177.18
2024-11-16 16:00:00+05:30,30.3,22,986.3,0,6.6,8.6,18.7,476.4,99.0,195.6,16,321,5,0,0,77.51,13.13,169.9
2024-11-16 17:00:00+05:30,28.9,25,986.6,0,7.4,13.4,18.0,243.8,51.0,28.9,17,321,5,0,0,29.1,33.82,156.37
2024-11-16 18:00:00+05:30,27.4,29,987.0,1,4.7,12.1,13.3,0.0,2.0,0.0,18,321,5,0,1,0.0,15.42,178.69
2024-11-16 19:00:00+05:30,26.5,34,987.6,3,0.9,5.8,9.0,0.0,0.0,0.0,19,321,5,0,1,0.0,0.0,172.26
2024-11-16 20:00:00+05:30,25.6,33,988.2,1,2.6,4.0,5.8,0.0,0.0,0.0,20,321,5,0,1,0.0,0.3,167.11
2024-11-16 21:00:00+05:30,24.9,37,988.5,0,3.6,8.2,7.2,0.0,0.0,0.0,21,321,5,0,1,0.0,5.14,165.0
2024-11-16 22:00:00+05:30,25.1,37,988.6,0,1.3,5.5,6.5,0.0,0.0,0.0,22,321,5,0,1,0.0,0.0,165.19
2024-11-16 23:00:00+05:30,24.8,36,988.5,2,2.6,5.5,4.0,0.0,0.0,0.0,23,321,5,0,1,0.0,1.14,165.0
2024-11-17 00:00:00+05:30,23.8,38,987.9,0,3.4,5.5,7.6,0.0,0.0,0.0,0,322,6,0,0,0.0,1.97,70.0
2024-11-17 01:00:00+05:30,23.0,40,987.8,0,6.5,9.2,11.2,0.0,0.0,0.0,1,322,6,0,0,0.0,14.91,70.0
2024-11-17 02:00:00+05:30,22.2,42,987.7,0,7.7,16.4,17.3,0.0,0.0,0.0,2,322,6,0,0,0.0,50.0,70.0
2024-11-17 03:00:00+05:30,20.9,47,987.7,0,4.2,13.2,14.8,0.0,0.0,0.0,3,322,6,0,0,0.0,12.99,70.0
2024-11-17 04:00:00+05:30,20.5,48,987.7,0,4.8,13.3,9.0,0.0,0.0,0.0,4,322,6,0,0,0.0,19.25,70.0
2024-11-17 05:00:00+05:30,19.9,50,987.9,0,8.3,16.6,15.5,0.0,0.0,0.0,5,322,6,0,0,0.0,50.0,70.0
2024-11-17 06:00:00+05:30,19.6,57,988.6,0,10.2,20.4,20.2,0.0,0.0,0.0,6,322,6,0,0,0.0,50.0,70.0
2024-11-17 07:00:00+05:30,19.4,58,989.1,0,9.8,18.9,19.4,27.9,8.0,43.0,7,322,6,0,0,2.96,50.0,110.0
2024-11-17 08:00:00+05:30,21.1,53,990.0,0,8.7,18.1,18.7,291.2,65.0,184.5,8,322,6,0,0,40.56,50.0,110.0
2024-11-17 09:00:00+05:30,23.9,44,990.9,0,6.8,13.5,19.1,502.4,109.0,369.6,9,322,6,0,0,89.9,31.28,70.0
2024-11-17 10:00:00+05:30,26.6,38,991.1,0,6.8,9.7,21.2,626.5,134.0,526.1,10,322,6,0,0,130.24,17.28,77.92
2024-11-17 11:00:00+05:30,28.6,31,990.8,0,6.9,9.2,22.7,692.6,148.0,627.0,11,322,6,0,0,156.84,15.92,93.67
2024-11-17 12:00:00+05:30,29.8,26,989.8,0,5.9,7.8,22.3,721.4,155.0,662.9,12,322,6,0,0,169.39,9.44,104.91
2024-11-17 13:00:00+05:30,30.3,24,988.7,0,5.4,7.2,21.2,722.7,153.0,629.7,13,322,6,0,0,167.83,7.14,109.9
2024-11-17 14:00:00+05:30,30.4,22,988.0,0,6.0,7.9,20.5,692.3,144.0,531.0,14,322,6,0,0,151.78,9.86,110.92
2024-11-17 15:00:00+05:30,30.2,22,987.6,0,7.0,9.0,20.9,620.5,127.0,378.9,15,322,6,0,0,121.48,15.48,108.89
2024-11-17 16:00:00+05:30,29.6,21,987.5,0,7.0,9.3,20.9,479.0,99.0,195.4,16,322,6,0,0,78.01,16.44,102.96
2024-11-17 17:00:00+05:30,28.5,23,987.6,0,6.1,9.9,18.4,246.2,51.0,28.4,17,322,6,0,0,29.34,15.31,92.79
2024-11-17 18:00:00+05:30,27.1,23,988.0,0,6.3,12.1,13.0,0.0,2.0,0.0,18,322,6,0,1,0.0,22.98,176.44
2024-11-17 19:00:00+05:30,25.7,26,988.8,0,6.4,14.1,12.2,0.0,0.0,0.0,19,322,6,0,1,0.0,30.88,167.59
2024-11-17 20:00:00+05:30,24.5,29,989.3,0,9.6,17.8,18.4,0.0,0.0,0.0,20,322,6,0,1,0.0,50.0,165.0
2024-11-17 21:00:00+05:30,23.6,27,989.5,0,11.3,22.2,22.0,0.0,0.0,0.0,21,322,6,0,1,0.0,50.0,165.0
2024-11-17 22:00:00+05:30,22.4,28,989.5,0,11.5,22.2,22.0,0.0,0.0,0.0,22,322,6,0,1,0.0,50.0,165.0
2024-11-17 23:00:00+05:30,21.6,29,989.6,0,11.8,23.3,22.3,0.0,0.0,0.0,23,322,6,0,1,0.0,50.0,165.0
2024-11-18 00:00:00+05:30,20.8,32,989.3,0,10.5,21.3,22.3,0.0,0.0,0.0,0,323,0,0,0,0.0,50.0,70.0
2024-11-18 01:00:00+05:30,19.8,35,989.3,0,9.9,19.3,19.8,0.0,0.0,0.0,1,323,0,0,0,0.0,50.0,70.0
2024-11-18 02:00:00+05:30,19.2,37,989.3,0,9.3,18.4,18.7,0.0,0.0,0.0,2,323,0,0,0,0.0,50.0,70.0
2024-11-18 03:00:00+05:30,18.9,38,989.4,0,9.0,18.2,17.6,0.0,0.0,0.0,3,323,0,0,0,0.0,50.0,70.0
2024-11-18 04:00:00+05:30,18.3,40,989.3,0,9.0,18.4,17.3,0.0,0.0,0.0,4,323,0,0,0,0.0,50.0,70.0
2024-11-18 05:00:00+05:30,17.7,41,989.3,0,9.1,18.3,17.3,0.0,0.0,0.0,5,323,0,0,0,0.0,50.0,70.0
2024-11-18 06:00:00+05:30,16.8,51,989.9,0,9.1,17.6,17.3,0.0,0.0,0.0,6,323,0,0,0,0.0,50.0,70.0
2024-11-18 07:00:00+05:30,16.6,52,990.5,0,9.2,17.1,17.3,28.4,7.0,39.8,7,323,0,0,0,0.0,50.0,110.0
2024-11-18 08:00:00+05:30,18.4,48,991.4,0,8.4,17.0,18.4,310.6,65.0,189.8,8,323,0,0,0,42.6,50.0,110.0
2024-11-18 09:00:00+05:30,21.6,40,992.3,0,5.7,17.4,18.0,529.8,107.0,378.6,9,323,0,1,0,93.62,33.84,190.0
2024-11-18 10:00:00+05:30,25.1,32,992.5,0,6.7,10.9,20.5,654.4,132.0,538.6,10,323,0,1,0,134.69,20.98,190.19
2024-11-18 11:00:00+05:30,27.3,25,992.0,0,7.7,10.4,23.8,719.4,146.0,640.9,11,323,0,1,0,161.57,23.1,202.93
2024-11-18 12:00:00+05:30,28.3,20,990.9,0,7.0,9.3,24.1,747.7,152.0,676.2,12,323,0,1,0,174.28,16.57,211.05
2024-11-18 13:00:00+05:30,28.8,19,989.9,0,6.2,8.0,23.0,744.7,152.0,641.4,13,323,0,1,0,172.32,10.64,179.47
2024-11-18 14:00:00+05:30,29.0,18,989.3,0,6.2,7.9,21.2,711.2,143.0,539.3,14,323,0,1,0,155.43,10.38,217.29
2024-11-18 15:00:00+05:30,28.7,17,988.8,0,6.8,9.0,20.9,635.0,127.0,383.9,15,323,0,1,0,124.26,14.97,214.57
2024-11-18 16:00:00+05:30,28.1,18,988.9,0,7.8,10.4,20.9,493.1,99.0,198.1,16,323,0,1,0,80.09,23.37,209.35
2024-11-18 17:00:00+05:30,26.7,21,989.1,0,7.6,13.2,20.2,255.1,50.0,27.9,17,323,0,1,0,30.01,34.47,198.6
2024-11-18 18:00:00+05:30,25.8,22,989.3,0,7.5,14.4,16.2,0.0,2.0,0.0,18,323,0,0,1,0.0,39.55,168.11
2024-11-18 19:00:00+05:30,25.5,23,989.9,0,5.4,11.5,14.4,0.0,0.0,0.0,19,323,0,0,1,0.0,17.17,166.65
2024-11-18 20:00:00+05:30,25.4,23,990.5,0,7.9,14.4,14.4,0.0,0.0,0.0,20,323,0,0,1,0.0,42.47,166.22
2024-11-18 21:00:00+05:30,23.2,28,990.8,0,9.4,18.4,18.4,0.0,0.0,0.0,21,323,0,0,1,0.0,50.0,165.0
2024-11-18 22:00:00+05:30,21.9,31,990.8,0,9.6,17.9,18.4,0.0,0.0,0.0,22,323,0,0,1,0.0,50.0,165.0
2024-11-18 23:00:00+05:30,21.3,32,990.7,0,9.3,17.2,18.0,0.0,0.0,0.0,23,323,0,0,1,0.0,50.0,165.0
2024-11-19 00:00:00+05:30,20.7,33,990.4,0,8.7,15.7,16.9,0.0,0.0,0.0,0,324,1,0,0,0.0,50.0,70.0
2024-11-19 01:00:00+05:30,19.4,37,990.4,0,8.3,14.6,15.8,0.0,0.0,0.0,1,324,1,0,0,0.0,47.38,70.0
2024-11-19 02:00:00+05:30,18.4,40,990.1,0,9.3,14.5,17.6,0.0,0.0,0.0,2,324,1,0,0,0.0,50.0,70.0
2024-11-19 03:00:00+05:30,18.0,41,990.0,0,9.2,16.3,17.6,0.0,0.0,0.0,3,324,1,0,0,0.0,50.0,70.0
2024-11-19 04:00:00+05:30,17.7,42,989.8,0,9.7,17.1,17.6,0.0,0.0,0.0,4,324,1,0,0,0.0,50.0,70.0
2024-11-19 05:00:00+05:30,17.3,43,990.0,0,9.4,17.0,17.6,0.0,0.0,0.0,5,324,1,0,0,0.0,50.0,70.0
2024-11-19 06:00:00+05:30,16.0,50,990.6,0,9.4,17.1,17.6,0.0,0.0,0.0,6,324,1,0,0,0.0,50.0,70.0
2024-11-19 07:00:00+05:30,15.9,51,991.4,0,8.9,15.4,17.3,29.1,7.0,40.9,7,324,1,0,0,0.0,50.0,110.0
2024-11-19 08:00:00+05:30,18.0,46,992.4,0,8.0,14.3,17.3,305.1,65.0,187.7,8,324,1,0,0,42.08,43.83,110.0
2024-11-19 09:00:00+05:30,21.6,38,993.4,0,6.1,14.1,17.3,528.9,107.0,376.6,9,324,1,1,0,93.33,29.51,190.0
2024-11-19 10:00:00+05:30,25.0,30,993.7,0,5.9,9.6,18.7,652.7,133.0,536.7,10,324,1,1,0,134.47,14.08,190.0
2024-11-19 11:00:00+05:30,27.0,23,993.3,0,7.2,9.7,22.7,719.8,147.0,640.0,11,324,1,1,0,161.8,18.69,200.71
2024-11-19 12:00:00+05:30,28.0,19,992.3,0,6.8,8.8,22.7,748.0,153.0,675.3,12,324,1,1,0,174.53,14.46,208.51
2024-11-19 13:00:00+05:30,28.6,17,991.4,0,6.6,8.8,22.3,746.2,152.0,640.4,13,324,1,1,0,172.55,13.84,177.67
2024-11-19 14:00:00+05:30,28.8,16,990.4,0,6.8,9.0,22.0,712.5,143.0,538.3,14,324,1,1,0,155.66,14.99,215.47
2024-11-19 15:00:00+05:30,28.6,16,989.9,0,7.0,9.3,22.0,637.7,126.0,383.0,15,324,1,1,0,124.45,16.54,213.67
2024-11-19 16:00:00+05:30,27.9,17,989.5,0,7.7,10.6,20.5,492.7,99.0,197.1,16,324,1,1,0,80.1,23.78,207.68
2024-11-19 17:00:00+05:30,26.5,20,989.8,0,7.4,13.4,19.8,257.4,49.0,27.2,17,324,1,1,0,30.01,34.21,197.26
2024-11-19 18:00:00+05:30,25.9,22,990.1,0,7.2,14.9,14.8,0.0,2.0,0.0,18,324,1,0,1,0.0,39.78,168.64
2024-11-19 19:00:00+05:30,25.4,22,990.6,0,5.7,13.6,14.0,0.0,0.0,0.0,19,324,1,0,1,0.0,24.9,166.22
2024-11-19 20:00:00+05:30,24.5,24,990.9,0,8.7,15.9,16.2,0.0,0.0,0.0,20,324,1,0,1,0.0,50.0,165.0
2024-11-19 21:00:00+05:30,23.1,28,991.1,0,9.2,17.6,17.6,0.0,0.0,0.0,21,324,1,0,1,0.0,50.0,165.0
2024-11-19 22:00:00+05:30,21.7,30,991.1,0,9.3,16.8,17.6,0.0,0.0,0.0,22,324,1,0,1,0.0,50.0,165.0
2024-11-19 23:00:00+05:30,20.8,32,990.9,0,9.0,16.3,17.6,0.0,0.0,0.0,23,324,1,0,1,0.0,50.0,165.0
2024-11-20 00:00:00+05:30,20.4,32,990.4,0,8.3,15.5,16.6,0.0,0.0,0.0,0,325,2,0,0,0.0,50.0,70.0
2024-11-20 01:00:00+05:30,19.0,36,990.1,0,8.0,15.5,15.8,0.0,0.0,0.0,1,325,2,0,0,0.0,50.0,70.0
2024-11-20 02:00:00+05:30,18.0,39,989.6,0,9.8,16.1,18.0,0.0,0.0,0.0,2,325,2,0,0,0.0,50.0,70.0
2024-11-20 03:00:00+05:30,17.7,39,989.3,0,8.8,16.2,18.4,0.0,0.0,0.0,3,325,2,0,0,0.0,50.0,70.0
2024-11-20 04:00:00+05:30,17.4,41,989.1,0,9.0,14.9,16.6,0.0,0.0,0.0,4,325,2,0,0,0.0,50.0,70.0
2024-11-20 05:00:00+05:30,16.9,43,989.3,0,8.6,14.1,16.6,0.0,0.0,0.0,5,325,2,0,0,0.0,47.09,70.0
2024-11-20 06:00:00+05:30,15.9,48,990.1,0,8.7,14.6,17.3,0.0,0.0,0.0,6,325,2,0,0,0.0,50.0,70.0
2024-11-20 07:00:00+05:30,15.7,49,990.7,0,8.9,14.2,16.2,14.8,7.0,37.5,7,325,2,0,0,0.0,50.0,110.0
2024-11-20 08:00:00+05:30,17.5,45,991.6,0,7.6,13.5,16.9,309.7,63.0,185.6,8,325,2,0,0,42.03,37.08,110.0
2024-11-20 09:00:00+05:30,21.1,38,992.6,0,5.4,12.7,16.6,530.6,106.0,374.7,9,325,2,1,0,93.34,20.85,190.0
2024-11-20 10:00:00+05:30,24.4,32,992.8,0,4.9,7.8,17.3,654.7,131.0,533.7,10,325,2,1,0,134.5,7.4,190.0
2024-11-20 11:00:00+05:30,26.6,24,992.2,0,5.2,6.9,19.1,721.7,145.0,637.1,11,325,2,1,0,161.81,6.32,197.92
2024-11-20 12:00:00+05:30,27.7,21,990.9,0,5.3,7.1,19.8,748.3,152.0,672.4,12,325,2,1,0,174.43,6.84,206.05
2024-11-20 13:00:00+05:30,28.3,20,989.9,0,5.8,7.7,20.9,746.3,151.0,637.6,13,325,2,1,0,172.45,9.04,175.05
2024-11-20 14:00:00+05:30,28.5,18,989.1,0,6.9,9.0,22.0,713.6,142.0,536.5,14,325,2,1,0,155.74,15.28,212.79
2024-11-20 15:00:00+05:30,28.2,19,988.7,0,7.7,10.2,22.3,636.3,126.0,381.1,15,325,2,1,0,124.39,22.18,210.19
2024-11-20 16:00:00+05:30,27.6,19,988.7,0,8.1,10.9,22.3,492.2,98.0,195.5,16,325,2,1,0,79.94,26.74,205.26
2024-11-20 17:00:00+05:30,26.3,22,988.9,0,6.8,12.3,20.2,252.9,50.0,26.8,17,325,2,1,0,29.94,26.29,195.99
2024-11-20 18:00:00+05:30,25.4,25,989.2,0,4.3,11.1,12.6,0.0,2.0,0.0,18,325,2,0,1,0.0,11.77,166.22
2024-11-20 19:00:00+05:30,24.6,28,989.5,0,4.2,11.7,8.6,0.0,0.0,0.0,19,325,2,0,1,0.0,12.58,165.0
2024-11-20 20:00:00+05:30,24.7,26,989.8,0,7.0,15.4,12.6,0.0,0.0,0.0,20,325,2,0,1,0.0,40.75,165.0
2024-11-20 21:00:00+05:30,22.8,30,990.0,0,8.9,18.2,17.3,0.0,0.0,0.0,21,325,2,0,1,0.0,50.0,165.0
2024-11-20 22:00:00+05:30,21.3,35,990.1,0,9.0,17.5,16.9,0.0,0.0,0.0,22,325,2,0,1,0.0,50.0,165.0
2024-11-20 23:00:00+05:30,20.4,37,989.8,0,7.9,16.2,16.6,0.0,0.0,0.0,23,325,2,0,1,0.0,50.0,165.0
2024-11-21 00:00:00+05:30,20.0,39,989.5,0,7.1,14.6,14.8,0.0,0.0,0.0,0,326,3,0,0,0.0,38.43,70.0
2024-11-21 01:00:00+05:30,19.0,42,988.8,0,7.4,14.4,13.7,0.0,0.0,0.0,1,326,3,0,0,0.0,39.74,70.0
2024-11-21 02:00:00+05:30,17.6,47,988.6,0,5.2,12.4,13.7,0.0,0.0,0.0,2,326,3,0,0,0.0,19.14,70.0
2024-11-21 03:00:00+05:30,17.0,48,988.5,0,7.5,10.9,14.0,0.0,0.0,0.0,3,326,3,0,0,0.0,25.0,70.0
2024-11-21 04:00:00+05:30,16.4,49,988.7,0,7.4,11.1,15.1,0.0,0.0,0.0,4,326,3,0,0,0.0,25.41,70.0
2024-11-21 05:00:00+05:30,16.0,51,988.6,0,7.2,10.9,14.0,0.0,0.0,0.0,5,326,3,0,0,0.0,23.75,70.0
2024-11-21 06:00:00+05:30,15.1,55,989.3,0,6.9,10.5,13.3,0.0,0.0,0.0,6,326,3,0,0,0.0,21.07,70.0
2024-11-21 07:00:00+05:30,14.9,57,990.1,0,6.9,10.0,13.3,15.2,7.0,38.6,7,326,3,0,0,0.0,19.35,110.0
2024-11-21 08:00:00+05:30,16.7,52,991.1,0,5.7,9.0,13.7,304.0,63.0,183.5,8,326,3,0,0,41.55,12.25,110.0
2024-11-21 09:00:00+05:30,20.3,42,992.1,0,3.5,7.7,13.7,527.0,106.0,371.6,9,326,3,1,0,93.0,4.42,190.0
2024-11-21 10:00:00+05:30,23.7,33,992.3,0,2.7,3.8,13.7,654.7,130.0,530.7,10,326,3,1,0,134.48,0.26,190.0
2024-11-21 11:00:00+05:30,26.1,26,991.6,0,2.9,3.6,15.1,720.5,146.0,635.2,11,326,3,1,0,161.91,0.26,194.78
2024-11-21 12:00:00+05:30,27.2,22,990.6,0,4.0,5.4,17.3,750.1,151.0,670.5,12,326,3,1,0,174.74,2.5,202.18
2024-11-21 13:00:00+05:30,27.9,21,989.2,0,5.8,7.7,20.5,749.2,150.0,636.7,13,326,3,1,0,172.91,9.05,171.68
2024-11-21 14:00:00+05:30,28.1,19,988.6,0,6.8,8.9,22.0,714.7,142.0,535.6,14,326,3,1,0,156.07,14.7,209.35
2024-11-21 15:00:00+05:30,27.9,19,988.2,0,7.2,9.4,22.0,638.8,125.0,380.2,15,326,3,1,0,124.67,17.53,207.68
2024-11-21 16:00:00+05:30,27.2,21,988.0,0,7.2,9.9,20.9,494.4,98.0,195.3,16,326,3,1,0,80.32,19.27,202.18
2024-11-21 17:00:00+05:30,25.9,24,988.4,0,5.2,10.4,18.7,254.9,49.0,26.1,17,326,3,1,0,29.95,13.57,193.64
2024-11-21 18:00:00+05:30,24.6,30,989.0,0,4.0,9.4,9.0,0.0,2.0,0.0,18,326,3,0,1,0.0,7.83,165.0
2024-11-21 19:00:00+05:30,24.0,33,989.4,0,3.1,9.4,7.6,0.0,0.0,0.0,19,326,3,0,1,0.0,4.67,165.0
2024-11-21 20:00:00+05:30,23.6,30,989.8,0,5.8,12.6,10.4,0.0,0.0,0.0,20,326,3,0,1,0.0,22.39,165.0
2024-11-21 21:00:00+05:30,22.3,33,989.9,0,7.7,15.5,15.1,0.0,0.0,0.0,21,326,3,0,1,0.0,47.12,165.0
2024-11-21 22:00:00+05:30,21.5,36,989.9,0,7.9,13.9,14.4,0.0,0.0,0.0,22,326,3,0,1,0.0,40.44,165.0
2024-11-21 23:00:00+05:30,20.6,38,989.3,0,8.1,14.8,16.6,0.0,0.0,0.0,23,326,3,0,1,0.0,46.73,165.0
2024-11-22 00:00:00+05:30,20.1,38,988.8,0,9.6,17.1,17.3,0.0,0.0,0.0,0,327,4,0,0,0.0,50.0,70.0
2024-11-22 01:00:00+05:30,18.6,42,988.6,0,8.5,17.4,18.4,0.0,0.0,0.0,1,327,4,0,0,0.0,50.0,70.0
2024-11-22 02:00:00+05:30,17.8,45,988.2,0,6.6,14.5,15.8,0.0,0.0,0.0,2,327,4,0,0,0.0,34.68,70.0
2024-11-22 03:00:00+05:30,17.1,48,988.2,0,5.1,12.3,12.6,0.0,0.0,0.0,3,327,4,0,0,0.0,18.4,70.0
2024-11-22 04:00:00+05:30,16.5,50,988.1,0,4.8,10.5,9.7,0.0,0.0,0.0,4,327,4,0,0,0.0,12.76,70.0
2024-11-22 05:00:00+05:30,16.1,52,988.2,0,4.8,9.3,9.7,0.0,0.0,0.0,5,327,4,0,0,0.0,10.23,70.0
2024-11-22 06:00:00+05:30,14.8,61,989.1,0,6.0,10.1,11.9,0.0,0.0,0.0,6,327,4,0,0,0.0,16.27,70.0
2024-11-22 07:00:00+05:30,14.6,62,989.9,0,7.6,11.8,14.4,15.5,6.0,34.9,7,327,4,0,0,0.0,29.54,110.0
2024-11-22 08:00:00+05:30,16.6,56,990.8,0,6.9,12.7,15.1,298.1,62.0,179.8,8,327,4,0,0,40.72,29.37,110.0
2024-11-22 09:00:00+05:30,20.1,46,991.7,0,4.3,12.2,15.5,523.2,105.0,367.2,9,327,4,1,0,92.2,14.1,190.0
2024-11-22 10:00:00+05:30,23.3,36,992.3,0,4.5,6.6,16.6,649.1,130.0,525.5,10,327,4,1,0,133.63,4.72,190.0
2024-11-22 11:00:00+05:30,25.5,28,991.4,0,4.3,5.9,17.6,717.5,144.0,629.1,11,327,4,1,0,161.24,3.45,191.65
2024-11-22 12:00:00+05:30,26.7,24,990.3,0,3.6,4.7,17.6,747.3,150.0,665.6,12,327,4,1,0,174.26,1.46,198.6
2024-11-22 13:00:00+05:30,27.5,22,988.9,0,4.0,5.3,17.6,746.1,149.0,631.9,13,327,4,1,0,172.35,2.39,168.47
2024-11-22 14:00:00+05:30,27.8,21,988.1,0,4.7,6.1,18.4,712.4,141.0,531.9,14,327,4,1,0,155.62,4.22,206.86
2024-11-22 15:00:00+05:30,27.8,21,987.7,0,5.4,7.0,18.4,637.2,124.0,377.6,15,327,4,1,0,124.26,6.81,206.86
2024-11-22 16:00:00+05:30,27.1,21,987.4,0,6.3,8.3,18.0,493.6,97.0,193.7,16,327,4,1,0,80.07,11.68,201.44
2024-11-22 17:00:00+05:30,25.6,25,987.6,0,5.4,10.4,16.9,256.8,48.0,25.5,17,327,4,1,0,29.94,14.29,192.11
2024-11-22 18:00:00+05:30,24.8,27,987.9,0,5.5,11.7,10.8,0.0,2.0,0.0,18,327,4,0,1,0.0,18.16,165.0
2024-11-22 19:00:00+05:30,24.0,29,988.5,0,4.9,9.7,10.8,0.0,0.0,0.0,19,327,4,0,1,0.0,11.08,165.0
2024-11-22 20:00:00+05:30,23.5,31,988.9,0,6.5,11.4,11.9,0.0,0.0,0.0,20,327,4,0,1,0.0,21.85,165.0
2024-11-22 21:00:00+05:30,22.6,33,989.0,0,7.3,13.2,14.0,0.0,0.0,0.0,21,327,4,0,1,0.0,33.13,165.0
2024-11-22 22:00:00+05:30,20.9,38,989.2,0,8.5,15.8,15.5,0.0,0.0,0.0,22,327,4,0,1,0.0,50.0,165.0
2024-11-22 23:00:00+05:30,19.5,42,988.9,0,7.9,18.3,16.9,0.0,0.0,0.0,23,327,4,0,1,0.0,50.0,165.0
2024-11-23 00:00:00+05:30,18.7,45,988.4,0,8.6,19.0,16.2,0.0,0.0,0.0,0,328,5,0,0,0.0,50.0,70.0
2024-11-23 01:00:00+05:30,18.1,48,988.1,0,8.6,18.6,16.2,0.0,0.0,0.0,1,328,5,0,0,0.0,50.0,70.0
2024-11-23 02:00:00+05:30,17.6,50,988.0,0,8.8,18.6,16.6,0.0,0.0,0.0,2,328,5,0,0,0.0,50.0,70.0
2024-11-23 03:00:00+05:30,17.2,52,988.1,0,8.4,18.2,16.6,0.0,0.0,0.0,3,328,5,0,0,0.0,50.0,70.0
2024-11-23 04:00:00+05:30,16.8,55,988.0,0,7.7,17.4,15.8,0.0,0.0,0.0,4,328,5,0,0,0.0,50.0,70.0
2024-11-23 05:00:00+05:30,16.5,57,988.3,0,6.7,15.4,14.4,0.0,0.0,0.0,5,328,5,0,0,0.0,39.48,70.0
2024-11-23 06:00:00+05:30,15.5,63,989.3,0,7.3,13.7,13.3,0.0,0.0,0.0,6,328,5,0,0,0.0,36.23,70.0
2024-11-23 07:00:00+05:30,15.3,65,990.2,0,7.0,13.2,13.7,15.9,6.0,36.0,7,328,5,0,0,0.0,32.16,110.0
2024-11-23 08:00:00+05:30,16.7,60,991.1,0,6.5,12.3,14.8,297.3,61.0,177.7,8,328,5,0,0,40.31,25.63,110.0
2024-11-23 09:00:00+05:30,19.6,51,992.0,0,4.1,9.6,14.0,519.4,105.0,364.1,9,328,5,0,0,91.71,8.61,130.0
2024-11-23 10:00:00+05:30,22.6,41,992.2,0,3.5,4.9,15.1,649.0,129.0,522.5,10,328,5,0,0,133.58,1.57,130.0
2024-11-23 11:00:00+05:30,25.1,33,991.5,0,4.9,6.7,18.4,716.1,144.0,626.1,11,328,5,0,0,161.06,5.49,130.19
2024-11-23 12:00:00+05:30,26.6,27,990.4,0,4.9,6.4,19.4,745.9,150.0,662.7,12,328,5,0,0,173.9,4.98,137.92
2024-11-23 13:00:00+05:30,27.5,24,989.2,0,4.2,5.4,19.1,745.9,149.0,630.1,13,328,5,0,0,172.16,2.72,126.47
2024-11-23 14:00:00+05:30,27.9,22,988.5,0,2.8,3.4,17.6,713.3,140.0,530.1,14,328,5,0,0,155.42,0.11,147.68
2024-11-23 15:00:00+05:30,27.9,21,988.2,0,1.5,1.9,14.4,637.4,124.0,376.7,15,328,5,0,0,124.2,0.0,147.68
2024-11-23 16:00:00+05:30,27.3,21,988.0,0,2.0,2.2,10.8,492.6,97.0,192.8,16,328,5,0,0,79.91,0.0,142.93
2024-11-23 17:00:00+05:30,25.3,29,988.2,0,2.7,4.9,8.3,251.7,49.0,25.2,17,328,5,0,0,29.84,0.86,130.83
2024-11-23 18:00:00+05:30,24.4,36,988.6,0,0.6,2.8,4.0,0.0,2.0,0.0,18,328,5,0,1,0.0,0.0,165.0
2024-11-23 19:00:00+05:30,23.2,39,989.1,0,0.4,0.7,2.5,0.0,0.0,0.0,19,328,5,0,1,0.0,0.0,165.0
2024-11-23 20:00:00+05:30,22.2,41,989.4,0,1.8,1.1,4.3,0.0,0.0,0.0,20,328,5,0,1,0.0,0.0,165.0
2024-11-23 21:00:00+05:30,22.4,39,989.6,0,0.7,1.6,4.3,0.0,0.0,0.0,21,328,5,0,1,0.0,0.0,165.0
2024-11-23 22:00:00+05:30,22.6,37,989.7,0,0.9,4.9,1.8,0.0,0.0,0.0,22,328,5,0,1,0.0,0.0,165.0
2024-11-23 23:00:00+05:30,20.9,38,989.5,0,5.3,8.6,10.1,0.0,0.0,0.0,23,328,5,0,1,0.0,10.02,165.0
2024-11-24 00:00:00+05:30,19.1,43,989.3,0,6.9,13.4,14.0,0.0,0.0,0.0,0,329,6,0,0,0.0,31.94,70.0
2024-11-24 01:00:00+05:30,18.2,47,989.0,0,6.1,13.3,13.0,0.0,0.0,0.0,1,329,6,0,0,0.0,26.82,70.0
2024-11-24 02:00:00+05:30,17.5,50,988.8,0,6.7,14.2,13.0,0.0,0.0,0.0,2,329,6,0,0,0.0,34.17,70.0
2024-11-24 03:00:00+05:30,16.9,54,988.5,0,7.2,15.7,13.3,0.0,0.0,0.0,3,329,6,0,0,0.0,44.85,70.0
2024-11-24 04:00:00+05:30,16.6,59,988.5,0,7.4,16.4,14.0,0.0,0.0,0.0,4,329,6,0,0,0.0,50.0,70.0
2024-11-24 05:00:00+05:30,16.4,62,988.8,0,6.4,15.4,14.0,0.0,0.0,0.0,5,329,6,0,0,0.0,37.19,70.0
2024-11-24 06:00:00+05:30,15.8,67,990.1,0,7.0,14.7,13.3,0.0,0.0,0.0,6,329,6,0,0,0.0,38.74,70.0
2024-11-24 07:00:00+05:30,15.7,68,990.7,0,7.0,13.8,13.7,16.2,5.0,31.9,7,329,6,0,0,0.0,34.73,110.0
2024-11-24 08:00:00+05:30,17.4,63,991.4,11,6.3,11.5,13.7,280.0,60.0,170.9,8,329,6,0,0,38.37,21.78,110.0
2024-11-24 09:00:00+05:30,20.8,52,992.6,0,3.3,8.9,13.7,504.6,104.0,354.8,9,329,6,0,0,89.03,5.4,70.0
2024-11-24 10:00:00+05:30,23.8,43,992.5,1,2.8,4.1,13.7,635.4,128.0,511.6,10,329,6,0,0,130.47,0.48,70.0
2024-11-24 11:00:00+05:30,26.2,35,992.0,5,2.7,3.5,14.8,703.4,143.0,614.8,11,329,6,0,0,157.82,0.11,75.37
2024-11-24 12:00:00+05:30,27.7,28,990.8,6,1.6,2.1,14.8,734.1,149.0,651.7,12,329,6,0,0,170.7,0.0,86.05
2024-11-24 13:00:00+05:30,28.7,24,990.0,2,2.1,2.7,14.0,732.2,149.0,619.5,13,329,6,0,0,168.82,0.0,94.57
2024-11-24 14:00:00+05:30,29.1,21,989.3,0,3.6,4.8,15.8,700.9,139.0,520.9,14,329,6,0,0,152.37,1.53,98.22
2024-11-24 15:00:00+05:30,29.1,20,989.1,0,5.0,6.5,16.6,623.4,123.0,368.9,15,329,6,0,0,121.36,5.25,98.22
2024-11-24 16:00:00+05:30,28.5,21,988.8,0,6.4,8.9,16.9,479.7,96.0,188.3,16,329,6,0,0,77.86,13.51,92.79
2024-11-24 17:00:00+05:30,26.7,25,988.9,0,6.5,13.0,16.6,245.9,47.0,24.0,17,329,6,0,0,28.86,27.25,78.6
2024-11-24 18:00:00+05:30,25.8,27,989.2,0,5.4,12.6,12.6,0.0,2.0,0.0,18,329,6,0,1,0.0,20.17,168.11
2024-11-24 19:00:00+05:30,24.5,32,989.5,0,4.5,10.5,10.4,0.0,0.0,0.0,19,329,6,0,1,0.0,11.37,165.0
2024-11-24 20:00:00+05:30,23.9,36,989.7,0,3.2,6.9,8.3,0.0,0.0,0.0,20,329,6,0,1,0.0,2.99,165.0
2024-11-24 21:00:00+05:30,23.9,36,989.9,0,1.8,4.6,5.8,0.0,0.0,0.0,21,329,6,0,1,0.0,0.06,165.0
2024-11-24 22:00:00+05:30,22.7,34,990.1,0,8.0,11.0,13.3,0.0,0.0,0.0,22,329,6,0,1,0.0,27.21,165.0
2024-11-24 23:00:00+05:30,21.8,35,990.0,0,8.1,15.2,18.7,0.0,0.0,0.0,23,329,6,0,1,0.0,50.0,165.0
2024-11-25 00:00:00+05:30,19.9,42,989.6,0,4.3,9.9,14.4,0.0,0.0,0.0,0,330,0,0,0,0.0,9.72,70.0
2024-11-25 01:00:00+05:30,18.7,45,989.5,0,5.4,12.0,11.2,0.0,0.0,0.0,1,330,0,0,0,0.0,18.95,70.0
2024-11-25 02:00:00+05:30,18.7,46,989.4,0,6.3,9.8,11.9,0.0,0.0,0.0,2,330,0,0,0,0.0,16.26,70.0
2024-11-25 03:00:00+05:30,18.1,47,989.3,0,8.5,11.1,15.8,0.0,0.0,0.0,3,330,0,0,0,0.0,30.42,70.0
2024-11-25 04:00:00+05:30,17.6,49,989.3,0,9.3,14.3,17.6,0.0,0.0,0.0,4,330,0,0,0,0.0,50.0,70.0
2024-11-25 05:00:00+05:30,17.2,51,989.5,0,9.4,15.8,17.3,0.0,0.0,0.0,5,330,0,0,0,0.0,50.0,70.0
2024-11-25 06:00:00+05:30,15.7,54,990.6,0,11.1,20.7,20.5,0.0,0.0,0.0,6,330,0,0,0,0.0,50.0,70.0
2024-11-25 07:00:00+05:30,16.0,52,991.3,0,11.0,20.7,20.5,16.6,5.0,33.0,7,330,0,0,0,0.0,50.0,110.0
2024-11-25 08:00:00+05:30,17.8,47,992.0,0,9.4,18.2,20.5,278.9,58.0,167.2,8,330,0,0,0,37.67,50.0,110.0
2024-11-25 09:00:00+05:30,20.9,41,993.0,0,5.9,15.4,18.0,500.4,102.0,349.2,9,330,0,1,0,87.87,33.01,190.0
2024-11-25 10:00:00+05:30,24.1,35,993.2,0,4.4,7.7,15.8,631.2,127.0,506.4,10,330,0,1,0,129.26,6.17,190.0
2024-11-25 11:00:00+05:30,26.7,28,992.3,0,4.0,5.5,16.6,700.1,142.0,609.7,11,330,0,1,0,156.55,2.62,198.6
2024-11-25 12:00:00+05:30,28.3,24,991.0,0,3.6,4.9,16.9,732.4,148.0,647.8,12,330,0,1,0,169.62,1.62,211.05
2024-11-25 13:00:00+05:30,29.1,22,990.0,0,4.9,6.6,18.4,731.7,147.0,615.7,13,330,0,1,0,167.95,5.25,182.22
2024-11-25 14:00:00+05:30,29.3,21,989.2,0,6.4,8.7,20.5,698.2,139.0,518.1,14,330,0,1,0,151.73,12.93,220.09
2024-11-25 15:00:00+05:30,29.1,22,988.9,0,7.1,9.6,20.9,623.4,122.0,367.2,15,330,0,1,0,121.15,17.8,218.22
2024-11-25 16:00:00+05:30,28.4,24,988.8,0,6.9,9.5,20.5,475.4,96.0,186.8,16,330,0,1,0,77.42,16.84,211.92
2024-11-25 17:00:00+05:30,26.8,28,988.9,0,5.2,10.7,17.3,239.9,47.0,23.5,17,330,0,1,0,28.43,14.25,199.29
2024-11-25 18:00:00+05:30,26.0,29,989.0,0,5.8,11.8,13.0,0.0,1.0,0.0,18,330,0,0,1,0.0,19.75,169.2
2024-11-25 19:00:00+05:30,24.9,35,989.4,0,4.4,9.6,11.2,0.0,0.0,0.0,19,330,0,0,1,0.0,9.32,165.0
2024-11-25 20:00:00+05:30,24.0,35,989.9,0,3.4,6.2,7.6,0.0,0.0,0.0,20,330,0,0,1,0.0,2.61,165.0
2024-11-25 21:00:00+05:30,23.2,36,990.2,0,8.6,13.6,15.5,0.0,0.0,0.0,21,330,0,0,1,0.0,43.32,165.0
2024-11-25 22:00:00+05:30,22.3,37,990.4,0,9.0,17.4,16.2,0.0,0.0,0.0,22,330,0,0,1,0.0,50.0,165.0
2024-11-25 23:00:00+05:30,21.3,38,990.4,0,9.6,17.6,18.0,0.0,0.0,0.0,23,330,0,0,1,0.0,50.0,165.0
2024-11-26 00:00:00+05:30,20.3,39,990.2,0,9.1,17.0,18.0,0.0,0.0,0.0,0,331,1,0,0,0.0,50.0,70.0
2024-11-26 01:00:00+05:30,19.6,40,989.6,0,8.9,16.1,17.3,0.0,0.0,0.0,1,331,1,0,0,0.0,50.0,70.0
2024-11-26 02:00:00+05:30,18.5,44,989.6,0,7.6,15.2,16.6,0.0,0.0,0.0,2,331,1,0,0,0.0,45.34,70.0
2024-11-26 03:00:00+05:30,17.6,48,989.5,0,8.5,16.7,15.8,0.0,0.0,0.0,3,331,1,0,0,0.0,50.0,70.0
2024-11-26 04:00:00+05:30,17.4,48,989.3,0,7.8,16.4,15.8,0.0,0.0,0.0,4,331,1,0,0,0.0,50.0,70.0
2024-11-26 05:00:00+05:30,17.2,49,989.5,0,5.9,12.4,14.4,0.0,0.0,0.0,5,331,1,0,0,0.0,22.75,70.0
2024-11-26 06:00:00+05:30,16.4,54,990.3,0,4.2,9.0,11.5,0.0,0.0,0.0,6,331,1,0,0,0.0,7.96,70.0
2024-11-26 07:00:00+05:30,16.4,54,991.0,0,3.8,6.9,8.3,17.0,4.0,28.4,7,331,1,0,0,0.0,4.06,110.0
2024-11-26 08:00:00+05:30,17.9,51,991.6,0,5.0,5.8,10.8,277.6,58.0,166.5,8,331,1,0,0,37.44,4.34,110.0
2024-11-26 09:00:00+05:30,21.3,42,992.7,0,3.3,5.4,11.9,501.6,102.0,348.4,9,331,1,1,0,87.69,1.8,190.0
2024-11-26 10:00:00+05:30,24.4,33,993.0,0,2.5,3.5,13.3,630.8,127.0,504.5,10,331,1,1,0,128.83,0.02,190.0
2024-11-26 11:00:00+05:30,26.8,27,992.2,0,1.3,1.5,13.3,696.7,142.0,605.7,11,331,1,1,0,155.72,0.0,199.29
2024-11-26 12:00:00+05:30,28.4,24,990.8,0,1.7,2.4,12.6,727.7,148.0,642.9,12,331,1,1,0,168.57,0.0,211.92
2024-11-26 13:00:00+05:30,29.0,24,989.5,0,3.6,4.9,15.8,728.1,147.0,611.9,13,331,1,1,0,167.28,1.62,181.29
2024-11-26 14:00:00+05:30,29.3,23,988.8,0,4.3,5.8,16.6,693.8,139.0,514.5,14,331,1,1,0,150.94,3.28,220.09
2024-11-26 15:00:00+05:30,29.2,23,988.6,0,4.9,6.5,16.6,617.1,122.0,363.8,15,331,1,1,0,120.18,5.09,219.15
2024-11-26 16:00:00+05:30,28.7,24,988.2,0,3.7,4.9,15.8,471.0,95.0,184.5,16,331,1,1,0,76.66,1.71,214.57
2024-11-26 17:00:00+05:30,26.7,30,988.1,0,4.0,7.8,10.4,240.7,46.0,23.1,17,331,1,1,0,28.33,5.42,198.6
2024-11-26 18:00:00+05:30,25.5,34,988.4,0,4.9,11.8,9.7,0.0,1.0,0.0,18,331,1,0,1,0.0,15.73,166.65
2024-11-26 19:00:00+05:30,24.2,45,988.8,0,2.9,9.4,9.4,0.0,0.0,0.0,19,331,1,0,1,0.0,3.66,165.0
2024-11-26 20:00:00+05:30,23.6,44,989.3,0,1.0,6.4,5.4,0.0,0.0,0.0,20,331,1,0,1,0.0,0.0,165.0
2024-11-26 21:00:00+05:30,22.7,46,989.7,0,3.7,9.1,7.2,0.0,0.0,0.0,21,331,1,0,1,0.0,6.62,165.0
2024-11-26 22:00:00+05:30,22.7,45,989.6,0,3.0,10.9,6.5,0.0,0.0,0.0,22,331,1,0,1,0.0,4.17,165.0
2024-11-26 23:00:00+05:30,21.7,46,989.3,0,4.8,12.1,7.6,0.0,0.0,0.0,23,331,1,0,1,0.0,16.22,165.0
2024-11-27 00:00:00+05:30,21.1,49,988.6,0,3.2,11.9,7.6,0.0,0.0,0.0,0,332,2,0,0,0.0,5.27,70.0
2024-11-27 01:00:00+05:30,20.3,52,988.1,0,2.2,9.0,4.7,0.0,0.0,0.0,1,332,2,0,0,0.0,1.13,70.0
2024-11-27 02:00:00+05:30,19.1,57,988.1,0,1.5,7.3,4.3,0.0,0.0,0.0,2,332,2,0,0,0.0,0.0,70.0
2024-11-27 03:00:00+05:30,18.2,61,988.0,0,1.8,7.5,3.2,0.0,0.0,0.0,3,332,2,0,0,0.0,0.23,70.0
2024-11-27 04:00:00+05:30,17.5,62,988.0,0,3.4,9.1,5.8,0.0,0.0,0.0,4,332,2,0,0,0.0,5.94,70.0
2024-11-27 05:00:00+05:30,17.2,61,988.0,0,3.6,9.5,7.2,0.0,0.0,0.0,5,332,2,0,0,0.0,7.03,70.0
2024-11-27 06:00:00+05:30,16.2,67,988.5,0,3.3,9.7,7.2,0.0,0.0,0.0,6,332,2,0,0,0.0,5.96,70.0
2024-11-27 07:00:00+05:30,16.1,69,989.2,0,1.8,9.1,6.1,17.4,4.0,29.5,7,332,2,0,0,0.0,0.23,110.0
2024-11-27 08:00:00+05:30,18.1,58,990.0,0,4.3,9.6,9.4,270.4,56.0,161.1,8,332,2,0,0,36.25,9.24,110.0
2024-11-27 09:00:00+05:30,21.6,46,990.9,0,3.2,10.5,11.5,491.6,101.0,341.6,9,332,2,1,0,85.95,5.27,190.0
2024-11-27 10:00:00+05:30,24.4,38,991.0,0,4.9,7.4,16.2,624.4,126.0,498.1,10,332,2,1,0,127.46,6.67,190.0
2024-11-27 11:00:00+05:30,26.5,34,990.4,0,6.9,9.5,20.9,693.2,141.0,600.6,11,332,2,1,0,154.95,16.98,197.26
2024-11-27 12:00:00+05:30,28.0,31,989.3,0,7.0,9.4,22.0,724.3,147.0,638.0,12,332,2,1,0,167.92,16.88,208.51
2024-11-27 13:00:00+05:30,29.0,28,988.4,0,6.9,9.2,22.0,721.4,147.0,606.2,13,332,2,1,0,166.02,15.86,181.29
2024-11-27 14:00:00+05:30,29.3,26,987.5,0,7.4,9.7,22.0,689.2,138.0,509.9,14,332,2,1,0,149.95,19.14,220.09
2024-11-27 15:00:00+05:30,29.2,25,987.0,0,6.5,8.8,21.6,614.7,122.0,362.1,15,332,2,1,0,119.83,13.46,219.15
2024-11-27 16:00:00+05:30,28.8,26,987.0,0,5.1,6.9,18.7,472.3,95.0,184.5,16,332,2,1,0,76.81,6.07,215.47
2024-11-27 17:00:00+05:30,26.7,33,987.2,0,4.0,8.3,13.0,241.4,46.0,22.9,17,332,2,1,0,28.43,6.11,198.6
2024-11-27 18:00:00+05:30,25.0,43,987.5,0,3.7,9.6,7.9,0.0,1.0,0.0,18,332,2,0,1,0.0,7.26,165.0
2024-11-27 19:00:00+05:30,24.9,45,988.2,0,0.8,6.2,6.8,0.0,0.0,0.0,19,332,2,0,1,0.0,0.0,165.0
2024-11-27 20:00:00+05:30,24.2,41,988.8,0,3.0,3.8,6.5,0.0,0.0,0.0,20,332,2,0,1,0.0,0.42,165.0
2024-11-27 21:00:00+05:30,23.1,49,989.2,0,3.3,6.6,7.9,0.0,0.0,0.0,21,332,2,0,1,0.0,2.86,165.0
2024-11-27 22:00:00+05:30,21.7,49,989.4,0,4.2,7.3,7.9,0.0,0.0,0.0,22,332,2,0,1,0.0,5.21,165.0
2024-11-27 23:00:00+05:30,21.6,43,989.1,0,7.1,8.4,13.3,0.0,0.0,0.0,23,332,2,0,1,0.0,14.36,165.0
2024-11-28 00:00:00+05:30,20.9,42,988.7,0,9.2,12.3,16.9,0.0,0.0,0.0,0,333,3,0,0,0.0,40.02,70.0
2024-11-28 01:00:00+05:30,20.1,44,988.4,0,8.6,18.1,17.3,0.0,0.0,0.0,1,333,3,0,0,0.0,50.0,70.0
2024-11-28 02:00:00+05:30,19.0,46,988.2,0,7.4,16.9,15.8,0.0,0.0,0.0,2,333,3,0,0,0.0,50.0,70.0
2024-11-28 03:00:00+05:30,18.1,48,988.1,0,8.6,15.0,15.8,0.0,0.0,0.0,3,333,3,0,0,0.0,50.0,70.0
2024-11-28 04:00:00+05:30,17.6,49,988.2,0,8.5,14.5,16.6,0.0,0.0,0.0,4,333,3,0,0,0.0,50.0,70.0
2024-11-28 05:00:00+05:30,17.1,51,988.4,0,8.8,15.9,17.3,0.0,0.0,0.0,5,333,3,0,0,0.0,50.0,70.0
2024-11-28 06:00:00+05:30,16.1,56,989.3,0,8.3,15.6,18.4,0.0,0.0,0.0,6,333,3,0,0,0.0,50.0,70.0
2024-11-28 07:00:00+05:30,15.8,59,990.0,0,8.0,13.9,15.5,17.8,4.0,30.5,7,333,3,0,0,0.0,41.94,110.0
2024-11-28 08:00:00+05:30,17.2,56,990.8,0,7.5,13.8,16.2,280.5,56.0,163.6,8,333,3,0,0,37.13,37.87,110.0
2024-11-28 09:00:00+05:30,20.2,49,991.6,0,5.3,13.0,15.5,509.4,101.0,348.2,9,333,3,1,0,88.45,21.24,190.0
2024-11-28 10:00:00+05:30,23.6,41,992.1,0,4.1,7.8,15.5,645.5,126.0,508.5,10,333,3,1,0,130.82,5.71,190.0
2024-11-28 11:00:00+05:30,26.5,33,991.6,0,4.4,6.1,16.6,715.7,142.0,614.6,11,333,3,1,0,158.61,3.83,197.26
2024-11-28 12:00:00+05:30,28.3,22,990.5,0,6.3,8.5,20.5,747.9,147.0,652.4,12,333,3,1,0,171.54,12.19,211.05
2024-11-28 13:00:00+05:30,29.0,19,989.5,0,7.4,9.8,22.7,747.8,146.0,620.8,13,333,3,1,0,170.18,19.55,181.29
2024-11-28 14:00:00+05:30,29.3,17,988.7,0,8.4,11.5,24.1,714.3,138.0,522.9,14,333,3,1,0,153.91,30.66,220.09
2024-11-28 15:00:00+05:30,29.0,18,988.2,0,9.1,12.5,24.5,638.7,122.0,371.5,15,333,3,1,0,123.36,39.46,217.29
2024-11-28 16:00:00+05:30,28.4,19,988.2,0,8.6,12.5,23.8,491.5,95.0,188.8,16,333,3,1,0,79.2,36.69,211.92
2024-11-28 17:00:00+05:30,26.3,25,988.4,0,4.7,12.1,19.4,248.9,47.0,23.4,17,333,3,1,0,29.3,15.5,195.99
2024-11-28 18:00:00+05:30,25.5,26,988.9,0,6.6,15.2,12.6,0.0,1.0,0.0,18,333,3,0,1,0.0,36.71,166.65
2024-11-28 19:00:00+05:30,24.3,28,989.4,0,8.0,17.4,15.5,0.0,0.0,0.0,19,333,3,0,1,0.0,50.0,165.0
2024-11-28 20:00:00+05:30,22.9,31,989.9,0,7.9,16.1,15.1,0.0,0.0,0.0,20,333,3,0,1,0.0,50.0,165.0
2024-11-28 21:00:00+05:30,21.9,33,990.4,0,10.9,21.6,20.9,0.0,0.0,0.0,21,333,3,0,1,0.0,50.0,165.0
2024-11-28 22:00:00+05:30,21.1,34,990.5,0,11.8,24.0,22.7,0.0,0.0,0.0,22,333,3,0,1,0.0,50.0,165.0
2024-11-28 23:00:00+05:30,20.0,43,990.3,0,10.6,21.9,23.0,0.0,0.0,0.0,23,333,3,0,1,0.0,50.0,165.0
2024-11-29 00:00:00+05:30,19.6,50,990.1,0,9.4,20.3,20.2,0.0,0.0,0.0,0,334,4,0,0,0.0,50.0,70.0
2024-11-29 01:00:00+05:30,19.1,55,989.9,0,8.2,18.1,17.6,0.0,0.0,0.0,1,334,4,0,0,0.0,50.0,70.0
2024-11-29 02:00:00+05:30,18.6,58,989.8,0,7.8,17.1,15.5,0.0,0.0,0.0,2,334,4,0,0,0.0,50.0,70.0
2024-11-29 03:00:00+05:30,17.9,62,989.9,0,7.6,15.3,14.8,0.0,0.0,0.0,3,334,4,0,0,0.0,45.96,70.0
2024-11-29 04:00:00+05:30,17.2,65,990.0,0,8.7,15.9,16.6,0.0,0.0,0.0,4,334,4,0,0,0.0,50.0,70.0
2024-11-29 05:00:00+05:30,16.6,68,990.3,0,8.6,15.7,16.6,0.0,0.0,0.0,5,334,4,0,0,0.0,50.0,70.0
2024-11-29 06:00:00+05:30,15.6,69,991.0,0,9.6,17.0,17.6,0.0,0.0,0.0,6,334,4,0,0,0.0,50.0,70.0
2024-11-29 07:00:00+05:30,15.2,70,991.6,0,10.5,19.5,19.8,0.0,4.0,25.4,7,334,4,0,0,0.0,50.0,110.0
2024-11-29 08:00:00+05:30,16.5,66,992.4,0,9.7,20.0,19.8,273.1,55.0,159.8,8,334,4,0,0,36.26,50.0,110.0
2024-11-29 09:00:00+05:30,19.3,55,993.3,0,6.9,17.9,19.4,502.0,101.0,343.8,9,334,4,1,0,87.64,50.0,190.0
2024-11-29 10:00:00+05:30,22.3,43,993.5,0,6.7,10.3,20.2,639.0,126.0,503.2,10,334,4,1,0,130.31,19.17,190.0
2024-11-29 11:00:00+05:30,24.8,32,992.6,0,7.6,10.6,22.3,710.4,142.0,609.6,11,334,4,1,0,158.66,23.69,190.0
2024-11-29 12:00:00+05:30,26.3,25,991.6,0,8.3,11.4,24.5,744.4,147.0,648.5,12,334,4,1,0,172.24,30.1,195.99
2024-11-29 13:00:00+05:30,27.2,21,990.5,0,8.6,11.8,25.2,743.9,147.0,618.1,13,334,4,1,0,170.88,33.39,166.18
2024-11-29 14:00:00+05:30,27.6,19,989.4,0,8.8,12.0,25.2,711.1,138.0,520.2,14,334,4,1,0,154.45,35.36,205.26
2024-11-29 15:00:00+05:30,27.5,17,988.9,0,9.3,13.0,24.5,634.1,122.0,368.9,15,334,4,1,0,123.47,43.72,204.47
2024-11-29 16:00:00+05:30,26.9,17,988.9,0,9.8,14.2,24.5,489.6,95.0,188.1,16,334,4,1,0,79.51,50.0,199.99
2024-11-29 17:00:00+05:30,25.1,21,989.0,0,7.7,15.8,22.7,249.4,47.0,23.3,17,334,4,1,0,29.53,50.0,190.19
2024-11-29 18:00:00+05:30,24.6,23,989.6,0,8.5,18.5,16.9,0.0,1.0,0.0,18,334,4,0,1,0.0,50.0,165.0
2024-11-29 19:00:00+05:30,23.7,26,990.0,0,7.2,17.2,16.6,0.0,0.0,0.0,19,334,4,0,1,0.0,50.0,165.0
2024-11-29 20:00:00+05:30,22.5,29,990.4,0,7.8,15.9,14.4,0.0,0.0,0.0,20,334,4,0,1,0.0,50.0,165.0
2024-11-29 21:00:00+05:30,21.1,31,991.0,0,9.7,19.4,18.7,0.0,0.0,0.0,21,334,4,0,1,0.0,50.0,165.0
2024-11-29 22:00:00+05:30,19.9,33,991.1,0,10.4,21.5,20.2,0.0,0.0,0.0,22,334,4,0,1,0.0,50.0,165.0
2024-11-29 23:00:00+05:30,18.9,36,990.9,0,8.5,17.6,20.2,0.0,0.0,0.0,23,334,4,0,1,0.0,50.0,165.0
2024-11-30 00:00:00+05:30,18.1,41,990.5,0,7.6,15.8,16.2,0.0,0.0,0.0,0,335,5,0,0,0.0,50.0,70.0
2024-11-30 01:00:00+05:30,17.5,45,989.9,0,6.7,14.5,14.4,0.0,0.0,0.0,1,335,5,0,0,0.0,35.48,70.0
2024-11-30 02:00:00+05:30,17.0,49,989.5,0,5.9,11.7,13.0,0.0,0.0,0.0,2,335,5,0,0,0.0,20.54,70.0
2024-11-30 03:00:00+05:30,16.3,52,989.3,0,7.4,10.7,14.0,0.0,0.0,0.0,3,335,5,0,0,0.0,23.84,70.0
2024-11-30 04:00:00+05:30,15.6,55,989.3,0,8.5,12.3,16.2,0.0,0.0,0.0,4,335,5,0,0,0.0,36.72,70.0
2024-11-30 05:00:00+05:30,15.1,57,989.3,0,8.6,13.2,16.6,0.0,0.0,0.0,5,335,5,0,0,0.0,42.25,70.0
2024-11-30 06:00:00+05:30,14.5,61,990.1,0,9.7,17.3,18.4,0.0,0.0,0.0,6,335,5,0,0,0.0,50.0,70.0
2024-11-30 07:00:00+05:30,14.3,62,990.7,0,10.2,18.6,19.1,0.0,4.0,26.4,7,335,5,0,0,0.0,50.0,110.0
2024-11-30 08:00:00+05:30,15.8,58,991.4,0,9.7,19.0,19.8,265.5,54.0,155.9,8,335,5,0,0,35.38,50.0,110.0
2024-11-30 09:00:00+05:30,18.7,50,992.2,0,7.0,18.8,19.1,491.7,99.0,335.7,9,335,5,0,0,85.95,50.0,130.0
2024-11-30 10:00:00+05:30,21.8,43,992.5,0,6.7,10.7,19.4,626.4,124.0,492.4,10,335,5,0,0,128.06,20.53,130.0
2024-11-30 11:00:00+05:30,24.1,36,992.0,0,7.8,10.8,23.0,695.2,140.0,596.1,11,335,5,0,0,156.03,25.39,130.0
2024-11-30 12:00:00+05:30,25.5,31,990.6,0,9.3,13.0,26.3,724.2,147.0,633.5,12,335,5,0,0,169.18,44.09,131.65
2024-11-30 13:00:00+05:30,26.5,29,989.2,0,11.2,15.6,29.5,721.7,147.0,602.7,13,335,5,0,0,167.49,50.0,119.26
2024-11-30 14:00:00+05:30,27.0,27,988.2,0,12.2,17.1,31.3,689.5,138.0,507.4,14,335,5,0,0,151.29,50.0,140.71
2024-11-30 15:00:00+05:30,26.9,28,987.6,0,12.4,17.7,31.7,615.0,122.0,360.5,15,335,5,0,0,121.03,50.0,139.99
2024-11-30 16:00:00+05:30,26.3,29,987.6,0,11.6,16.9,30.6,472.5,94.0,183.0,16,335,5,0,0,77.56,50.0,135.99
2024-11-30 17:00:00+05:30,24.9,33,987.4,0,7.7,15.6,26.6,235.9,46.0,22.5,17,335,5,0,0,28.36,50.0,130.0
2024-11-30 18:00:00+05:30,24.3,36,987.9,0,5.9,14.0,14.0,0.0,1.0,0.0,18,335,5,0,1,0.0,27.47,165.0
2024-11-30 19:00:00+05:30,23.3,39,988.4,0,7.2,14.6,13.7,0.0,0.0,0.0,19,335,5,0,1,0.0,38.67,165.0
2024-11-30 20:00:00+05:30,22.2,42,988.9,0,8.6,16.3,16.6,0.0,0.0,0.0,20,335,5,0,1,0.0,50.0,165.0
2024-11-30 21:00:00+05:30,21.5,43,989.1,0,9.4,18.5,17.6,0.0,0.0,0.0,21,335,5,0,1,0.0,50.0,165.0
2024-11-30 22:00:00+05:30,20.7,45,989.1,0,8.7,17.4,17.6,0.0,0.0,0.0,22,335,5,0,1,0.0,50.0,165.0
2024-11-30 23:00:00+05:30,19.6,49,989.0,0,8.5,16.8,16.2,0.0,0.0,0.0,23,335,5,0,1,0.0,50.0,165.0
2024-12-01 00:00:00+05:30,19.2,50,988.4,0,7.9,16.2,16.2,0.0,0.0,0.0,0,336,6,0,0,0.0,50.0,70.0
2024-12-01 01:00:00+05:30,18.3,53,987.7,0,8.1,14.5,15.5,0.0,0.0,0.0,1,336,6,0,0,0.0,45.38,70.0
2024-12-01 02:00:00+05:30,17.6,56,987.6,0,7.5,13.6,15.5,0.0,0.0,0.0,2,336,6,0,0,0.0,36.75,70.0
2024-12-01 03:00:00+05:30,16.8,59,987.4,0,7.6,13.5,14.4,0.0,0.0,0.0,3,336,6,0,0,0.0,37.01,70.0
2024-12-01 04:00:00+05:30,16.3,61,987.4,0,7.4,12.9,14.4,0.0,0.0,0.0,4,336,6,0,0,0.0,33.05,70.0
2024-12-01 05:00:00+05:30,15.9,62,987.6,0,7.8,13.0,14.4,0.0,0.0,0.0,5,336,6,0,0,0.0,35.99,70.0
2024-12-01 06:00:00+05:30,14.8,67,988.5,0,8.7,14.8,15.8,0.0,0.0,0.0,6,336,6,0,0,0.0,50.0,70.0
2024-12-01 07:00:00+05:30,14.8,67,989.0,0,8.8,15.6,16.6,0.0,3.0,20.6,7,336,6,0,0,0.0,50.0,110.0
2024-12-01 08:00:00+05:30,16.5,62,989.6,0,8.1,15.7,16.9,257.5,53.0,152.1,8,336,6,0,0,34.27,50.0,110.0
2024-12-01 09:00:00+05:30,19.4,53,990.6,0,6.0,16.7,16.6,478.3,99.0,328.8,9,336,6,0,0,83.85,38.99,70.0
2024-12-01 10:00:00+05:30,22.3,44,990.6,0,6.8,10.9,20.2,613.7,125.0,484.9,10,336,6,0,0,125.87,21.57,70.0
2024-12-01 11:00:00+05:30,24.5,39,989.8,0,8.3,11.7,23.8,686.4,140.0,588.9,11,336,6,0,0,154.11,31.64,70.0
2024-12-01 12:00:00+05:30,26.0,34,988.6,0,9.7,13.4,27.0,718.9,146.0,627.6,12,336,6,0,0,167.57,50.0,74.2
2024-12-01 13:00:00+05:30,26.9,31,987.4,0,10.0,13.8,28.1,719.0,145.0,598.0,13,336,6,0,0,166.29,50.0,79.99
2024-12-01 14:00:00+05:30,27.3,30,986.1,0,10.1,14.0,28.1,686.0,137.0,503.8,14,336,6,0,0,150.31,50.0,82.93
2024-12-01 15:00:00+05:30,27.4,30,985.4,0,10.1,14.2,27.0,612.0,121.0,358.0,15,336,6,0,0,120.17,50.0,83.69
2024-12-01 16:00:00+05:30,26.8,31,985.1,0,11.0,15.8,26.3,470.2,94.0,182.3,16,336,6,0,0,77.19,50.0,79.29
2024-12-01 17:00:00+05:30,25.3,35,984.9,0,7.6,15.4,25.6,236.2,46.0,22.5,17,336,6,0,0,28.39,45.11,70.83
2024-12-01 18:00:00+05:30,24.6,39,985.8,0,6.8,14.8,14.8,0.0,1.0,0.0,18,336,6,0,1,0.0,36.45,165.0
2024-12-01 19:00:00+05:30,23.6,42,986.3,0,7.9,15.9,14.8,0.0,0.0,0.0,19,336,6,0,1,0.0,50.0,165.0
2024-12-01 20:00:00+05:30,22.5,43,986.8,0,10.5,20.8,20.2,0.0,0.0,0.0,20,336,6,0,1,0.0,50.0,165.0
2024-12-01 21:00:00+05:30,22.0,43,987.1,0,11.1,22.6,21.2,0.0,0.0,0.0,21,336,6,0,1,0.0,50.0,165.0
2024-12-01 22:00:00+05:30,21.1,46,987.1,0,9.8,20.0,20.9,0.0,0.0,0.0,22,336,6,0,1,0.0,50.0,165.0
2024-12-01 23:00:00+05:30,19.9,51,986.9,0,8.9,18.9,18.7,0.0,0.0,0.0,23,336,6,0,1,0.0,50.0,165.0
2024-12-02 00:00:00+05:30,19.3,54,986.7,0,7.8,15.8,16.9,0.0,0.0,0.0,0,337,0,0,0,0.0,50.0,70.0
2024-12-02 01:00:00+05:30,18.5,58,986.3,0,7.4,14.6,14.8,0.0,0.0,0.0,1,337,0,0,0,0.0,40.67,70.0
2024-12-02 02:00:00+05:30,17.8,62,986.1,0,7.6,14.8,14.4,0.0,0.0,0.0,2,337,0,0,0,0.0,43.23,70.0
2024-12-02 03:00:00+05:30,17.1,65,985.8,0,8.0,15.0,15.1,0.0,0.0,0.0,3,337,0,0,0,0.0,47.45,70.0
2024-12-02 04:00:00+05:30,16.6,67,985.9,0,8.1,15.0,15.5,0.0,0.0,0.0,4,337,0,0,0,0.0,48.33,70.0
2024-12-02 05:00:00+05:30,16.2,69,986.4,0,8.7,16.0,16.6,0.0,0.0,0.0,5,337,0,0,0,0.0,50.0,70.0
2024-12-02 06:00:00+05:30,15.5,71,987.1,0,9.1,17.4,17.3,0.0,0.0,0.0,6,337,0,0,0,0.0,50.0,70.0
2024-12-02 07:00:00+05:30,15.4,73,987.8,0,9.4,17.8,17.6,0.0,3.0,21.5,7,337,0,0,0,0.0,50.0,110.0
2024-12-02 08:00:00+05:30,17.0,69,988.5,0,8.9,17.8,18.4,249.4,52.0,148.2,8,337,0,0,0,33.2,50.0,110.0
2024-12-02 09:00:00+05:30,19.8,61,989.4,0,6.5,17.3,18.0,473.3,98.0,324.3,9,337,0,1,0,82.71,45.97,190.0
2024-12-02 10:00:00+05:30,22.7,52,989.7,0,7.3,11.0,20.9,610.8,124.0,480.7,10,337,0,1,0,124.82,24.06,190.0
2024-12-02 11:00:00+05:30,24.9,44,989.1,0,9.4,13.2,25.6,684.1,139.0,584.9,11,337,0,1,0,153.1,45.94,190.0
2024-12-02 12:00:00+05:30,26.3,38,988.2,0,10.4,14.5,28.4,716.6,146.0,624.7,12,337,0,1,0,166.81,50.0,195.99
2024-12-02 13:00:00+05:30,27.2,34,987.4,0,10.9,15.1,29.5,717.8,145.0,596.2,13,337,0,1,0,165.77,50.0,166.18
2024-12-02 14:00:00+05:30,27.7,32,986.7,0,11.0,15.2,29.5,687.5,136.0,503.0,14,337,0,1,0,150.08,50.0,206.05
2024-12-02 15:00:00+05:30,27.7,31,986.3,0,11.1,15.7,28.8,613.1,121.0,358.0,15,337,0,1,0,120.2,50.0,206.05
2024-12-02 16:00:00+05:30,27.1,32,986.3,0,10.4,15.3,27.7,470.8,94.0,182.4,16,337,0,1,0,77.24,50.0,201.44
2024-12-02 17:00:00+05:30,25.7,36,986.3,0,7.2,14.9,24.5,236.5,46.0,22.6,17,337,0,1,0,28.43,39.66,192.59
2024-12-02 18:00:00+05:30,25.1,38,986.8,0,8.9,18.5,16.9,0.0,1.0,0.0,18,337,0,0,1,0.0,50.0,165.19
2024-12-02 19:00:00+05:30,24.6,39,987.6,0,10.1,21.2,19.4,0.0,0.0,0.0,19,337,0,0,1,0.0,50.0,165.0
2024-12-02 20:00:00+05:30,23.3,42,988.0,0,10.5,21.5,19.8,0.0,0.0,0.0,20,337,0,0,1,0.0,50.0,165.0
2024-12-02 21:00:00+05:30,21.8,47,988.5,0,9.5,19.4,20.5,0.0,0.0,0.0,21,337,0,0,1,0.0,50.0,165.0
2024-12-02 22:00:00+05:30,20.8,52,988.9,0,9.6,20.0,18.4,0.0,0.0,0.0,22,337,0,0,1,0.0,50.0,165.0
2024-12-02 23:00:00+05:30,20.1,55,989.0,0,9.7,20.9,18.7,0.0,0.0,0.0,23,337,0,0,1,0.0,50.0,165.0
2024-12-03 00:00:00+05:30,19.5,57,988.7,0,9.5,20.3,18.7,0.0,0.0,0.0,0,338,1,0,0,0.0,50.0,70.0
2024-12-03 01:00:00+05:30,18.8,59,988.8,0,9.4,19.7,18.0,0.0,0.0,0.0,1,338,1,0,0,0.0,50.0,70.0
2024-12-03 02:00:00+05:30,18.0,62,988.6,0,10.2,19.9,19.4,0.0,0.0,0.0,2,338,1,0,0,0.0,50.0,70.0
2024-12-03 03:00:00+05:30,17.3,65,988.5,0,11.2,21.8,21.6,0.0,0.0,0.0,3,338,1,0,0,0.0,50.0,70.0
2024-12-03 04:00:00+05:30,16.8,67,988.4,0,11.7,22.7,22.3,0.0,0.0,0.0,4,338,1,0,0,0.0,50.0,70.0
2024-12-03 05:00:00+05:30,16.3,69,988.6,0,11.8,23.1,22.7,0.0,0.0,0.0,5,338,1,0,0,0.0,50.0,70.0
2024-12-03 06:00:00+05:30,15.9,73,988.8,0,10.9,21.0,20.9,0.0,0.0,0.0,6,338,1,0,0,0.0,50.0,70.0
2024-12-03 07:00:00+05:30,15.9,73,989.8,0,11.3,22.1,21.6,0.0,3.0,22.5,7,338,1,0,0,0.0,50.0,110.0
2024-12-03 08:00:00+05:30,17.1,68,990.7,0,11.2,23.8,22.0,253.6,51.0,147.5,8,338,1,0,0,33.21,50.0,110.0
2024-12-03 09:00:00+05:30,19.6,58,991.6,0,9.3,18.8,22.7,479.9,98.0,326.1,9,338,1,1,0,83.4,50.0,190.0
2024-12-03 10:00:00+05:30,22.4,50,991.9,0,9.1,13.7,24.5,618.0,124.0,483.3,10,338,1,1,0,125.84,47.49,190.0
2024-12-03 11:00:00+05:30,24.8,43,991.2,0,9.5,13.4,26.3,690.1,139.0,587.3,11,338,1,1,0,153.96,50.0,190.0
2024-12-03 12:00:00+05:30,26.4,37,990.3,0,9.8,13.7,27.7,723.4,146.0,628.0,12,338,1,1,0,167.75,50.0,196.61
2024-12-03 13:00:00+05:30,27.4,32,989.4,0,9.7,13.3,27.7,725.7,145.0,600.2,13,338,1,1,0,166.88,50.0,167.69
2024-12-03 14:00:00+05:30,27.9,28,988.6,0,9.5,13.0,27.0,695.6,136.0,506.8,14,338,1,1,0,151.23,44.9,207.68
2024-12-03 15:00:00+05:30,27.9,26,988.2,0,9.8,13.6,26.3,622.3,120.0,360.7,15,338,1,1,0,121.27,50.0,207.68
2024-12-03 16:00:00+05:30,27.4,26,988.1,0,10.0,14.6,25.2,480.3,94.0,184.6,16,338,1,1,0,78.32,50.0,203.69
2024-12-03 17:00:00+05:30,25.8,29,988.4,0,7.9,16.2,23.0,243.5,47.0,23.3,17,338,1,1,0,29.23,50.0,193.11
2024-12-03 18:00:00+05:30,25.0,33,989.1,0,8.2,17.0,15.5,0.0,1.0,0.0,18,338,1,0,1,0.0,50.0,165.0
2024-12-03 19:00:00+05:30,24.2,33,989.8,0,9.3,19.7,18.0,0.0,0.0,0.0,19,338,1,0,1,0.0,50.0,165.0
2024-12-03 20:00:00+05:30,23.0,35,990.2,0,9.5,18.1,18.0,0.0,0.0,0.0,20,338,1,0,1,0.0,50.0,165.0
2024-12-03 21:00:00+05:30,21.6,38,990.7,0,11.5,23.0,22.0,0.0,0.0,0.0,21,338,1,0,1,0.0,50.0,165.0
2024-12-03 22:00:00+05:30,20.6,41,990.9,0,10.9,22.4,22.0,0.0,0.0,0.0,22,338,1,0,1,0.0,50.0,165.0
2024-12-03 23:00:00+05:30,19.7,45,990.8,0,8.9,17.9,21.2,0.0,0.0,0.0,23,338,1,0,1,0.0,50.0,165.0
2024-12-04 00:00:00+05:30,19.2,48,990.3,0,8.4,17.8,16.9,0.0,0.0,0.0,0,339,2,0,0,0.0,50.0,70.0
2024-12-04 01:00:00+05:30,18.1,52,990.1,0,9.3,15.3,17.3,0.0,0.0,0.0,1,339,2,0,0,0.0,50.0,70.0
2024-12-04 02:00:00+05:30,17.4,52,989.7,0,10.7,19.5,20.5,0.0,0.0,0.0,2,339,2,0,0,0.0,50.0,70.0
2024-12-04 03:00:00+05:30,16.8,53,989.5,14,11.4,21.8,22.0,0.0,0.0,0.0,3,339,2,0,0,0.0,50.0,70.0
2024-12-04 04:00:00+05:30,16.3,55,989.3,8,11.0,21.9,22.0,0.0,0.0,0.0,4,339,2,0,0,0.0,50.0,70.0
2024-12-04 05:00:00+05:30,15.9,55,989.4,0,11.1,21.8,21.2,0.0,0.0,0.0,5,339,2,0,0,0.0,50.0,70.0
2024-12-04 06:00:00+05:30,16.0,59,990.2,0,12.3,24.3,24.5,0.0,0.0,0.0,6,339,2,0,0,0.0,50.0,70.0
2024-12-04 07:00:00+05:30,15.9,60,991.0,0,12.1,23.4,23.8,0.0,3.0,23.6,7,339,2,0,0,0.0,50.0,110.0
2024-12-04 08:00:00+05:30,17.2,58,991.9,0,11.8,23.5,23.0,251.4,51.0,146.8,8,339,2,0,0,32.91,50.0,110.0
2024-12-04 09:00:00+05:30,19.5,51,992.5,0,9.3,19.6,23.0,483.6,97.0,325.3,9,339,2,1,0,83.49,50.0,190.0
2024-12-04 10:00:00+05:30,22.3,44,992.8,0,8.2,12.7,23.0,621.1,124.0,483.7,10,339,2,1,0,126.14,36.31,190.0
2024-12-04 11:00:00+05:30,24.7,38,992.1,0,8.4,12.0,24.1,696.0,138.0,588.6,11,339,2,1,0,154.62,33.66,190.0
2024-12-04 12:00:00+05:30,26.3,33,991.1,0,7.7,10.5,24.5,728.6,146.0,630.2,12,339,2,1,0,168.56,23.55,195.99
2024-12-04 13:00:00+05:30,27.2,29,990.1,0,7.4,10.1,23.4,729.0,145.0,601.3,13,339,2,1,0,167.49,20.76,166.18
2024-12-04 14:00:00+05:30,27.5,28,989.2,0,6.9,9.5,22.7,695.2,137.0,506.9,14,339,2,1,0,151.57,16.9,204.47
2024-12-04 15:00:00+05:30,27.4,28,988.7,0,7.0,9.6,21.2,621.0,120.0,359.9,15,339,2,1,0,121.37,17.55,203.69
2024-12-04 16:00:00+05:30,26.8,28,988.6,0,7.6,10.7,20.2,477.6,94.0,184.0,16,339,2,1,0,78.27,23.83,199.29
2024-12-04 17:00:00+05:30,25.3,32,988.7,0,7.6,14.8,18.7,243.6,46.0,23.2,17,339,2,1,0,29.14,42.26,190.83
2024-12-04 18:00:00+05:30,24.7,33,989.3,0,8.6,17.8,17.3,0.0,1.0,0.0,18,339,2,0,1,0.0,50.0,165.0
2024-12-04 19:00:00+05:30,24.3,33,989.6,0,6.4,13.0,16.9,0.0,0.0,0.0,19,339,2,0,1,0.0,26.93,165.0
2024-12-04 20:00:00+05:30,23.0,37,990.0,0,10.2,18.3,18.4,0.0,0.0,0.0,20,339,2,0,1,0.0,50.0,165.0
2024-12-04 21:00:00+05:30,21.4,41,990.4,0,11.6,23.0,22.3,0.0,0.0,0.0,21,339,2,0,1,0.0,50.0,165.0
2024-12-04 22:00:00+05:30,20.6,42,990.5,0,12.7,24.9,24.1,0.0,0.0,0.0,22,339,2,0,1,0.0,50.0,165.0
2024-12-04 23:00:00+05:30,20.0,44,990.2,0,12.5,24.8,24.5,0.0,0.0,0.0,23,339,2,0,1,0.0,50.0,165.0
2024-12-05 00:00:00+05:30,19.1,47,989.8,0,11.1,22.7,24.1,0.0,0.0,0.0,0,340,3,0,0,0.0,50.0,70.0
2024-12-05 01:00:00+05:30,18.3,50,989.5,0,9.1,19.1,21.2,0.0,0.0,0.0,1,340,3,0,0,0.0,50.0,70.0
2024-12-05 02:00:00+05:30,17.5,53,989.3,0,8.4,17.2,17.3,0.0,0.0,0.0,2,340,3,0,0,0.0,50.0,70.0
2024-12-05 03:00:00+05:30,17.1,54,989.0,0,8.8,17.3,16.6,0.0,0.0,0.0,3,340,3,0,0,0.0,50.0,70.0
2024-12-05 04:00:00+05:30,16.7,55,988.7,0,9.2,18.2,16.9,0.0,0.0,0.0,4,340,3,0,0,0.0,50.0,70.0
2024-12-05 05:00:00+05:30,16.2,56,988.6,16,9.6,18.5,17.6,0.0,0.0,0.0,5,340,3,0,0,0.0,50.0,70.0
2024-12-05 06:00:00+05:30,14.8,64,989.4,0,8.8,17.9,17.6,0.0,0.0,0.0,6,340,3,0,0,0.0,50.0,70.0
2024-12-05 07:00:00+05:30,14.5,66,990.1,0,8.4,16.9,16.6,0.0,2.0,16.5,7,340,3,0,0,0.0,50.0,110.0
2024-12-05 08:00:00+05:30,15.8,62,991.0,0,8.0,16.3,16.6,255.8,50.0,146.1,8,340,3,0,0,33.12,50.0,110.0
2024-12-05 09:00:00+05:30,18.8,53,992.1,0,5.6,16.1,16.2,484.3,97.0,324.6,9,340,3,1,0,83.61,32.35,190.0
2024-12-05 10:00:00+05:30,22.0,42,992.3,0,5.5,9.3,17.6,624.2,123.0,482.9,10,340,3,1,0,126.35,12.17,190.0
2024-12-05 11:00:00+05:30,24.5,34,991.6,0,5.6,7.7,19.1,700.2,139.0,591.0,11,340,3,1,0,155.43,8.73,190.0
2024-12-05 12:00:00+05:30,25.7,30,990.1,0,2.7,3.4,19.1,735.2,145.0,632.4,12,340,3,1,0,169.8,0.07,192.59
2024-12-05 13:00:00+05:30,26.6,27,989.2,0,0.4,0.6,14.8,739.8,144.0,606.3,13,340,3,1,0,169.49,0.0,161.92
2024-12-05 14:00:00+05:30,26.8,25,988.4,0,2.3,3.1,13.3,709.8,136.0,513.5,14,340,3,1,0,154.18,0.0,199.29
2024-12-05 15:00:00+05:30,26.8,24,987.9,0,1.9,2.8,13.3,634.1,120.0,365.2,15,340,3,1,0,123.61,0.0,199.29
2024-12-05 16:00:00+05:30,26.3,24,987.8,0,2.1,3.0,10.8,489.9,94.0,187.1,16,340,3,1,0,79.95,0.0,195.99
2024-12-05 17:00:00+05:30,24.6,39,987.7,0,1.1,5.4,7.6,250.5,47.0,23.9,17,340,3,1,0,30.04,0.0,190.0
2024-12-05 18:00:00+05:30,23.1,34,988.3,0,4.3,10.9,8.6,0.0,1.0,0.0,18,340,3,0,1,0.0,11.47,165.0
2024-12-05 19:00:00+05:30,22.1,41,988.8,0,3.4,8.9,8.6,0.0,0.0,0.0,19,340,3,0,1,0.0,5.6,165.0
2024-12-05 20:00:00+05:30,21.9,41,989.0,0,0.6,4.2,6.1,0.0,0.0,0.0,20,340,3,0,1,0.0,0.0,165.0
2024-12-05 21:00:00+05:30,20.6,38,989.3,0,4.5,6.8,8.6,0.0,0.0,0.0,21,340,3,0,1,0.0,5.04,165.0
2024-12-05 22:00:00+05:30,19.8,39,989.3,1,6.7,10.6,12.2,0.0,0.0,0.0,22,340,3,0,1,0.0,20.26,165.0
2024-12-05 23:00:00+05:30,19.3,39,989.1,6,7.7,11.5,14.0,0.0,0.0,0.0,23,340,3,0,1,0.0,28.25,165.0
2024-12-06 00:00:00+05:30,18.7,40,988.7,0,8.0,11.5,14.8,0.0,0.0,0.0,0,341,4,0,0,0.0,29.78,70.0
2024-12-06 01:00:00+05:30,17.8,42,988.4,48,6.1,9.0,14.4,0.0,0.0,0.0,1,341,4,0,0,0.0,13.37,70.0
2024-12-06 02:00:00+05:30,16.7,46,988.3,0,4.5,6.9,11.2,0.0,0.0,0.0,2,341,4,0,0,0.0,5.25,70.0
2024-12-06 03:00:00+05:30,15.9,48,988.0,6,5.7,7.7,11.2,0.0,0.0,0.0,3,341,4,0,0,0.0,9.18,70.0
2024-12-06 04:00:00+05:30,15.3,49,987.7,15,5.8,8.5,10.8,0.0,0.0,0.0,4,341,4,0,0,0.0,11.32,70.0
2024-12-06 05:00:00+05:30,14.5,58,987.9,38,3.9,8.8,11.5,0.0,0.0,0.0,5,341,4,0,0,0.0,6.88,70.0
2024-12-06 06:00:00+05:30,13.5,65,988.7,49,0.7,5.6,8.3,0.0,0.0,0.0,6,341,4,0,0,0.0,0.0,70.0
2024-12-06 07:00:00+05:30,13.2,64,989.4,81,1.5,2.7,3.2,0.0,2.0,17.4,7,341,4,0,0,0.0,0.0,110.0
2024-12-06 08:00:00+05:30,15.1,57,990.1,45,4.1,4.1,8.6,253.5,50.0,145.5,8,341,4,0,0,32.9,1.86,110.0
2024-12-06 09:00:00+05:30,18.7,47,990.9,35,2.3,4.2,10.1,482.0,98.0,323.9,9,341,4,1,0,83.37,0.22,190.0
2024-12-06 10:00:00+05:30,21.9,37,991.2,70,2.6,3.5,12.2,623.1,125.0,483.3,10,341,4,1,0,126.41,0.07,190.0
2024-12-06 11:00:00+05:30,24.3,30,990.5,14,3.3,4.2,14.8,701.1,140.0,591.3,11,341,4,1,0,155.7,0.86,190.0
2024-12-06 12:00:00+05:30,25.6,27,989.3,2,3.9,5.0,16.6,740.3,144.0,633.7,12,341,4,1,0,170.42,2.0,192.11
2024-12-06 13:00:00+05:30,26.2,26,988.1,9,4.7,6.1,18.0,741.3,144.0,606.5,13,341,4,1,0,169.95,4.24,159.37
2024-12-06 14:00:00+05:30,26.4,26,987.2,0,5.6,7.3,18.7,710.9,136.0,513.6,14,341,4,1,0,154.6,7.81,196.61
2024-12-06 15:00:00+05:30,26.2,26,986.5,0,6.1,8.1,18.7,636.8,120.0,366.2,15,341,4,1,0,124.36,10.7,195.37
2024-12-06 16:00:00+05:30,25.7,26,986.4,0,6.3,8.4,18.4,496.0,93.0,187.9,16,341,4,1,0,80.75,11.98,192.59
2024-12-06 17:00:00+05:30,23.9,33,986.3,0,4.1,9.6,15.5,257.3,47.0,24.4,17,341,4,1,0,30.73,8.43,190.0
2024-12-06 18:00:00+05:30,23.0,40,986.6,0,4.5,10.1,10.1,0.0,2.0,0.0,18,341,4,0,1,0.0,10.61,165.0
2024-12-06 19:00:00+05:30,22.2,45,987.0,0,3.7,7.7,7.9,0.0,0.0,0.0,19,341,4,0,1,0.0,4.76,165.0
2024-12-06 20:00:00+05:30,21.0,45,987.3,0,4.6,10.2,8.3,0.0,0.0,0.0,20,341,4,0,1,0.0,11.22,165.0
2024-12-06 21:00:00+05:30,19.9,50,987.4,0,4.4,11.7,9.0,0.0,0.0,0.0,21,341,4,0,1,0.0,13.6,165.0
2024-12-06 22:00:00+05:30,19.9,51,987.6,0,1.5,7.7,7.6,0.0,0.0,0.0,22,341,4,0,1,0.0,0.0,165.0
2024-12-06 23:00:00+05:30,19.4,51,987.3,0,1.8,5.7,3.6,0.0,0.0,0.0,23,341,4,0,1,0.0,0.23,165.0
2024-12-07 00:00:00+05:30,18.6,54,986.7,0,2.4,6.5,4.7,0.0,0.0,0.0,0,342,5,0,0,0.0,1.56,70.0
2024-12-07 01:00:00+05:30,17.8,56,986.2,0,0.4,3.1,3.6,0.0,0.0,0.0,1,342,5,0,0,0.0,0.0,70.0
2024-12-07 02:00:00+05:30,16.6,61,985.8,0,0.6,1.5,1.8,0.0,0.0,0.0,2,342,5,0,0,0.0,0.0,70.0
2024-12-07 03:00:00+05:30,16.0,63,985.5,0,0.4,2.5,1.8,0.0,0.0,0.0,3,342,5,0,0,0.0,0.0,70.0
2024-12-07 04:00:00+05:30,15.1,67,985.4,0,1.3,3.3,2.5,0.0,0.0,0.0,4,342,5,0,0,0.0,0.0,70.0
2024-12-07 05:00:00+05:30,14.3,70,985.5,0,0.9,3.8,2.5,0.0,0.0,0.0,5,342,5,0,0,0.0,0.0,70.0
2024-12-07 06:00:00+05:30,13.6,70,986.6,0,2.2,9.0,5.4,0.0,0.0,0.0,6,342,5,0,0,0.0,1.16,70.0
2024-12-07 07:00:00+05:30,13.2,71,987.0,0,2.3,6.2,5.0,0.0,2.0,18.3,7,342,5,0,0,0.0,1.28,110.0
2024-12-07 08:00:00+05:30,15.0,65,987.7,0,3.5,5.9,7.6,251.1,49.0,143.1,8,342,5,0,0,32.38,2.53,110.0
2024-12-07 09:00:00+05:30,18.4,53,988.4,0,2.1,5.2,9.7,488.6,95.0,321.9,9,342,5,0,0,83.46,0.53,130.0
2024-12-07 10:00:00+05:30,21.4,42,988.8,0,3.1,4.3,13.0,630.3,121.0,481.4,10,342,5,0,0,126.75,0.8,130.0
2024-12-07 11:00:00+05:30,23.8,35,988.2,0,5.1,6.9,17.6,706.9,136.0,589.4,11,342,5,0,0,156.05,6.18,130.0
2024-12-07 12:00:00+05:30,25.3,30,987.1,0,6.6,8.7,20.9,742.2,143.0,632.9,12,342,5,0,0,170.65,13.64,130.83
2024-12-07 13:00:00+05:30,26.1,24,986.1,0,7.9,10.6,23.4,747.4,142.0,607.7,13,342,5,0,0,170.63,24.68,116.78
2024-12-07 14:00:00+05:30,26.3,22,985.3,0,8.7,11.6,24.5,718.7,134.0,515.6,14,342,5,0,0,155.56,32.83,135.99
2024-12-07 15:00:00+05:30,26.1,21,984.9,0,8.8,11.8,24.5,647.6,119.0,369.8,15,342,5,0,0,125.85,34.35,134.78
2024-12-07 16:00:00+05:30,25.5,21,985.0,0,8.5,11.7,23.0,508.0,93.0,191.0,16,342,5,0,0,82.33,32.39,131.65
2024-12-07 17:00:00+05:30,23.7,26,984.9,0,6.6,13.5,19.4,270.8,47.0,25.3,17,342,5,0,0,31.89,29.89,130.0
2024-12-07 18:00:00+05:30,22.9,31,985.4,0,7.3,15.9,14.8,0.0,2.0,0.0,18,342,5,0,1,0.0,45.6,165.0
2024-12-07 19:00:00+05:30,21.2,36,986.1,0,5.1,13.0,13.3,0.0,0.0,0.0,19,342,5,0,1,0.0,19.99,165.0
2024-12-07 20:00:00+05:30,20.1,35,986.6,0,5.9,14.3,11.2,0.0,0.0,0.0,20,342,5,0,1,0.0,28.88,165.0
2024-12-07 21:00:00+05:30,19.9,27,986.8,0,7.3,16.0,13.3,0.0,0.0,0.0,21,342,5,0,1,0.0,46.64,165.0
2024-12-07 22:00:00+05:30,19.3,26,986.9,0,6.6,15.1,14.4,0.0,0.0,0.0,22,342,5,0,1,0.0,36.99,165.0
2024-12-07 23:00:00+05:30,17.7,33,986.5,0,5.3,13.5,12.6,0.0,0.0,0.0,23,342,5,0,1,0.0,22.79,165.0
2024-12-08 00:00:00+05:30,16.7,39,986.4,0,3.6,13.5,9.4,0.0,0.0,0.0,0,343,6,0,0,0.0,7.96,70.0
2024-12-08 01:00:00+05:30,16.2,40,986.2,0,2.2,11.1,5.8,0.0,0.0,0.0,1,343,6,0,0,0.0,1.14,70.0
2024-12-08 02:00:00+05:30,15.4,41,985.7,0,2.2,10.2,3.2,0.0,0.0,0.0,2,343,6,0,0,0.0,1.15,70.0
2024-12-08 03:00:00+05:30,14.5,42,985.6,0,3.0,11.2,4.3,0.0,0.0,0.0,3,343,6,0,0,0.0,4.27,70.0
2024-12-08 04:00:00+05:30,13.8,36,985.7,0,5.6,15.1,10.1,0.0,0.0,0.0,4,343,6,0,0,0.0,30.26,70.0
2024-12-08 05:00:00+05:30,13.5,31,985.9,0,6.5,18.1,12.2,0.0,0.0,0.0,5,343,6,0,0,0.0,50.0,70.0
2024-12-08 06:00:00+05:30,11.2,45,986.6,0,5.4,14.5,9.7,0.0,0.0,0.0,6,343,6,0,0,0.0,27.11,70.0
2024-12-08 07:00:00+05:30,11.3,40,987.4,0,5.7,16.1,10.1,0.0,2.0,19.4,7,343,6,0,0,0.0,34.9,110.0
2024-12-08 08:00:00+05:30,13.7,33,988.2,0,6.4,16.2,10.1,283.1,49.0,150.8,8,343,6,0,0,35.08,40.98,110.0
2024-12-08 09:00:00+05:30,17.3,27,988.9,0,7.6,18.5,15.5,534.5,96.0,341.2,9,343,6,0,0,89.44,50.0,70.0
2024-12-08 10:00:00+05:30,19.8,19,989.3,1,10.1,15.7,25.2,676.7,122.0,506.6,10,343,6,0,0,134.46,50.0,70.0
2024-12-08 11:00:00+05:30,21.6,16,988.4,0,8.5,12.1,27.4,749.8,138.0,617.3,11,343,6,0,0,164.73,34.92,70.0
2024-12-08 12:00:00+05:30,23.5,14,987.3,15,8.6,12.1,24.1,785.9,144.0,661.5,12,343,6,0,0,179.46,35.2,70.0
2024-12-08 13:00:00+05:30,25.1,10,986.3,8,14.0,20.0,33.8,782.8,144.0,631.1,13,343,6,0,0,177.65,50.0,70.19
2024-12-08 14:00:00+05:30,25.2,8,985.4,33,16.9,24.0,40.3,750.0,136.0,534.3,14,343,6,0,0,161.71,50.0,70.48
2024-12-08 15:00:00+05:30,24.8,8,985.4,7,15.9,23.2,40.0,679.0,121.0,384.5,15,343,6,0,0,131.52,50.0,70.0
2024-12-08 16:00:00+05:30,24.3,9,985.4,15,14.6,22.7,37.4,531.9,95.0,198.5,16,343,6,0,0,86.06,50.0,70.0
2024-12-08 17:00:00+05:30,22.4,12,985.7,1,12.1,22.5,30.6,283.6,48.0,26.5,17,343,6,0,0,33.37,50.0,70.0
2024-12-08 18:00:00+05:30,21.1,12,986.5,6,13.0,25.0,26.3,0.0,2.0,0.0,18,343,6,0,1,0.0,50.0,165.0
2024-12-08 19:00:00+05:30,19.6,13,987.3,6,12.2,24.8,24.8,0.0,0.0,0.0,19,343,6,0,1,0.0,50.0,165.0
2024-12-08 20:00:00+05:30,18.5,15,987.8,0,12.3,24.9,23.4,0.0,0.0,0.0,20,343,6,0,1,0.0,50.0,165.0
2024-12-08 21:00:00+05:30,17.5,17,988.0,0,12.1,25.0,23.8,0.0,0.0,0.0,21,343,6,0,1,0.0,50.0,165.0
2024-12-08 22:00:00+05:30,16.9,19,988.5,0,12.7,26.2,24.1,0.0,0.0,0.0,22,343,6,0,1,0.0,50.0,165.0
2024-12-08 23:00:00+05:30,16.1,22,988.4,0,12.2,25.2,24.1,0.0,0.0,0.0,23,343,6,0,1,0.0,50.0,165.0
2024-12-09 00:00:00+05:30,15.2,28,988.3,0,10.8,22.6,23.4,0.0,0.0,0.0,0,344,0,0,0,0.0,50.0,70.0
2024-12-09 01:00:00+05:30,14.5,33,988.2,0,10.2,22.2,20.5,0.0,0.0,0.0,1,344,0,0,0,0.0,50.0,70.0
2024-12-09 02:00:00+05:30,14.0,40,988.1,0,10.1,21.6,19.8,0.0,0.0,0.0,2,344,0,0,0,0.0,50.0,70.0
2024-12-09 03:00:00+05:30,13.4,45,987.9,0,8.6,19.0,19.1,0.0,0.0,0.0,3,344,0,0,0,0.0,50.0,70.0
2024-12-09 04:00:00+05:30,12.9,49,988.0,1,8.4,17.9,16.2,0.0,0.0,0.0,4,344,0,0,0,0.0,50.0,70.0
2024-12-09 05:00:00+05:30,12.3,53,988.4,1,9.2,18.3,16.9,0.0,0.0,0.0,5,344,0,0,0,0.0,50.0,70.0
2024-12-09 06:00:00+05:30,11.6,64,989.1,0,7.8,17.7,16.9,0.0,0.0,0.0,6,344,0,0,0,0.0,50.0,70.0
2024-12-09 07:00:00+05:30,11.2,66,990.0,1,8.7,18.4,15.8,0.0,2.0,20.5,7,344,0,0,0,0.0,50.0,110.0
2024-12-09 08:00:00+05:30,12.1,63,991.2,0,8.9,19.1,17.3,258.8,48.0,143.5,8,344,0,0,0,32.92,50.0,110.0
2024-12-09 09:00:00+05:30,14.6,55,992.4,0,5.0,13.0,16.6,495.8,96.0,324.3,9,344,0,1,0,85.39,20.03,190.0
2024-12-09 10:00:00+05:30,17.1,47,992.9,0,4.0,6.3,15.8,640.2,123.0,486.6,10,344,0,1,0,130.4,3.64,190.0
2024-12-09 11:00:00+05:30,19.3,40,992.4,0,5.1,7.1,18.4,716.6,138.0,595.3,11,344,0,1,0,160.59,6.66,190.0
2024-12-09 12:00:00+05:30,21.0,34,991.5,0,7.4,10.3,23.0,748.9,145.0,637.4,12,344,0,1,0,175.01,21.98,190.0
2024-12-09 13:00:00+05:30,22.1,30,990.5,0,8.9,12.5,25.9,748.5,145.0,610.0,13,344,0,1,0,174.12,39.3,154.0
2024-12-09 14:00:00+05:30,22.7,25,989.8,0,10.0,14.0,27.4,716.9,137.0,516.9,14,344,0,1,0,158.18,50.0,190.0
2024-12-09 15:00:00+05:30,22.6,24,989.3,0,10.8,15.4,28.1,646.1,120.0,370.1,15,344,0,1,0,127.77,50.0,190.0
2024-12-09 16:00:00+05:30,22.0,24,989.3,0,10.8,15.8,27.7,504.3,95.0,192.1,16,344,0,1,0,83.66,50.0,190.0
2024-12-09 17:00:00+05:30,20.5,27,989.8,0,7.6,15.3,25.6,261.8,48.0,26.0,17,344,0,1,0,31.95,45.55,190.0
2024-12-09 18:00:00+05:30,19.7,32,990.6,0,8.9,19.0,16.9,0.0,2.0,0.0,18,344,0,0,1,0.0,50.0,165.0
2024-12-09 19:00:00+05:30,18.8,34,991.5,0,10.3,21.3,19.8,0.0,0.0,0.0,19,344,0,0,1,0.0,50.0,165.0
2024-12-09 20:00:00+05:30,17.8,36,992.0,0,10.5,21.6,20.2,0.0,0.0,0.0,20,344,0,0,1,0.0,50.0,165.0
2024-12-09 21:00:00+05:30,16.8,39,992.3,0,10.7,21.7,20.5,0.0,0.0,0.0,21,344,0,0,1,0.0,50.0,165.0
2024-12-09 22:00:00+05:30,15.9,42,992.6,0,10.5,21.1,20.5,0.0,0.0,0.0,22,344,0,0,1,0.0,50.0,165.0
2024-12-09 23:00:00+05:30,15.1,45,992.2,0,10.2,20.8,20.2,0.0,0.0,0.0,23,344,0,0,1,0.0,50.0,165.0
2024-12-10 00:00:00+05:30,14.4,48,991.8,0,10.2,20.8,19.4,0.0,0.0,0.0,0,345,1,0,0,0.0,50.0,70.0
2024-12-10 01:00:00+05:30,13.9,51,991.6,0,10.5,21.3,19.8,0.0,0.0,0.0,1,345,1,0,0,0.0,50.0,70.0
2024-12-10 02:00:00+05:30,13.3,54,991.4,0,10.2,20.5,19.8,0.0,0.0,0.0,2,345,1,0,0,0.0,50.0,70.0
2024-12-10 03:00:00+05:30,12.8,57,991.3,0,10.6,20.8,19.8,0.0,0.0,0.0,3,345,1,0,0,0.0,50.0,70.0
2024-12-10 04:00:00+05:30,12.3,60,991.2,0,10.8,21.4,20.9,0.0,0.0,0.0,4,345,1,0,0,0.0,50.0,70.0
2024-12-10 05:00:00+05:30,11.7,63,991.3,0,10.5,20.6,20.5,0.0,0.0,0.0,5,345,1,0,0,0.0,50.0,70.0
2024-12-10 06:00:00+05:30,11.5,67,992.3,0,10.1,20.5,20.9,0.0,0.0,0.0,6,345,1,0,0,0.0,50.0,70.0
2024-12-10 07:00:00+05:30,11.1,68,992.9,0,9.9,20.0,19.4,0.0,1.0,10.9,7,345,1,0,0,0.0,50.0,110.0
2024-12-10 08:00:00+05:30,12.0,65,993.6,0,9.9,20.5,19.4,247.0,47.0,139.4,8,345,1,0,0,31.61,50.0,110.0
2024-12-10 09:00:00+05:30,14.3,57,994.2,0,7.6,15.5,19.8,487.1,96.0,319.8,9,345,1,1,0,84.21,47.81,190.0
2024-12-10 10:00:00+05:30,17.1,49,994.4,0,8.1,12.0,22.3,632.6,124.0,482.5,10,345,1,1,0,129.24,32.99,190.0
2024-12-10 11:00:00+05:30,19.2,38,993.6,0,11.4,16.0,30.2,712.0,139.0,592.4,11,345,1,1,0,159.9,50.0,190.0
2024-12-10 12:00:00+05:30,20.6,30,992.4,0,10.5,14.5,30.2,749.0,145.0,636.6,12,345,1,1,0,175.19,50.0,190.0
2024-12-10 13:00:00+05:30,21.5,27,991.2,0,9.6,13.1,28.8,752.7,144.0,611.1,13,345,1,1,0,175.05,47.26,154.0
2024-12-10 14:00:00+05:30,22.0,23,990.2,0,8.9,12.3,27.4,724.3,136.0,519.8,14,345,1,1,0,159.69,38.21,190.0
2024-12-10 15:00:00+05:30,22.1,22,989.7,0,8.5,11.7,25.2,652.4,121.0,373.7,15,345,1,1,0,129.23,32.92,190.0
2024-12-10 16:00:00+05:30,21.6,23,989.7,0,8.7,12.3,23.0,509.8,95.0,193.8,16,345,1,1,0,84.56,37.11,190.0
2024-12-10 17:00:00+05:30,20.1,27,989.9,0,7.0,14.0,20.9,267.4,48.0,26.6,17,345,1,1,0,32.54,35.05,190.0
2024-12-10 18:00:00+05:30,19.7,33,990.3,0,7.6,15.6,14.4,0.0,2.0,0.0,18,345,1,0,1,0.0,47.27,165.0
2024-12-10 19:00:00+05:30,18.5,35,990.8,0,9.3,18.7,17.6,0.0,0.0,0.0,19,345,1,0,1,0.0,50.0,165.0
2024-12-10 20:00:00+05:30,17.4,37,991.5,0,10.4,21.1,20.2,0.0,0.0,0.0,20,345,1,0,1,0.0,50.0,165.0
2024-12-10 21:00:00+05:30,16.5,38,991.8,0,11.6,23.0,22.0,0.0,0.0,0.0,21,345,1,0,1,0.0,50.0,165.0
2024-12-10 22:00:00+05:30,15.9,39,992.0,0,11.6,23.5,22.0,0.0,0.0,0.0,22,345,1,0,1,0.0,50.0,165.0
2024-12-10 23:00:00+05:30,15.0,41,991.7,0,11.4,23.0,22.0,0.0,0.0,0.0,23,345,1,0,1,0.0,50.0,165.0
2024-12-11 00:00:00+05:30,14.5,42,991.1,0,11.3,22.8,22.0,0.0,0.0,0.0,0,346,2,0,0,0.0,50.0,70.0
2024-12-11 01:00:00+05:30,13.7,46,990.8,0,9.8,19.8,21.6,0.0,0.0,0.0,1,346,2,0,0,0.0,50.0,70.0
2024-12-11 02:00:00+05:30,13.0,50,990.6,0,9.0,17.8,18.7,0.0,0.0,0.0,2,346,2,0,0,0.0,50.0,70.0
2024-12-11 03:00:00+05:30,12.4,55,990.4,0,8.6,16.8,16.9,0.0,0.0,0.0,3,346,2,0,0,0.0,50.0,70.0
2024-12-11 04:00:00+05:30,11.9,59,990.3,0,8.7,16.0,16.2,0.0,0.0,0.0,4,346,2,0,0,0.0,50.0,70.0
2024-12-11 05:00:00+05:30,11.4,62,990.4,0,9.3,16.6,17.3,0.0,0.0,0.0,5,346,2,0,0,0.0,50.0,70.0
2024-12-11 06:00:00+05:30,10.3,68,991.3,0,9.8,18.3,18.7,0.0,0.0,0.0,6,346,2,0,0,0.0,50.0,70.0
2024-12-11 07:00:00+05:30,10.2,68,991.9,0,10.6,19.3,19.8,0.0,1.0,11.6,7,346,2,0,0,0.0,50.0,110.0
2024-12-11 08:00:00+05:30,11.7,63,992.6,0,10.6,19.9,20.9,249.1,46.0,138.7,8,346,2,0,0,31.49,50.0,110.0
2024-12-11 09:00:00+05:30,14.4,54,993.5,0,8.3,21.7,20.2,493.5,95.0,320.3,9,346,2,1,0,84.56,50.0,190.0
2024-12-11 10:00:00+05:30,17.5,44,993.7,0,8.8,14.4,23.0,639.5,122.0,482.8,10,346,2,1,0,129.47,50.0,190.0
2024-12-11 11:00:00+05:30,20.1,35,993.0,0,10.5,14.9,27.7,719.2,137.0,593.7,11,346,2,1,0,159.96,50.0,190.0
2024-12-11 12:00:00+05:30,21.6,29,991.8,0,10.2,14.2,28.8,756.8,143.0,638.8,12,346,2,1,0,175.34,50.0,190.0
2024-12-11 13:00:00+05:30,22.5,26,990.8,0,9.3,12.7,28.1,758.4,143.0,613.3,13,346,2,1,0,175.08,42.78,154.0
2024-12-11 14:00:00+05:30,23.0,25,989.8,2,8.1,11.1,26.3,726.6,136.0,521.0,14,346,2,1,0,159.43,28.07,190.0
2024-12-11 15:00:00+05:30,23.1,24,989.4,11,7.4,10.1,23.4,652.4,120.0,373.0,15,346,2,1,0,128.6,21.03,190.0
2024-12-11 16:00:00+05:30,22.5,25,989.3,0,7.3,10.3,20.9,509.2,95.0,194.1,16,346,2,1,0,84.32,21.42,190.0
2024-12-11 17:00:00+05:30,20.9,30,989.2,0,6.8,13.3,18.0,266.0,49.0,27.3,17,346,2,1,0,32.63,30.73,190.0
2024-12-11 18:00:00+05:30,20.1,32,989.6,0,8.0,15.0,14.8,0.0,2.0,0.0,18,346,2,0,1,0.0,47.15,165.0
2024-12-11 19:00:00+05:30,19.5,32,990.0,0,9.4,17.8,17.6,0.0,0.0,0.0,19,346,2,0,1,0.0,50.0,165.0
2024-12-11 20:00:00+05:30,18.8,33,990.2,28,9.8,18.9,18.0,0.0,0.0,0.0,20,346,2,0,1,0.0,50.0,165.0
2024-12-11 21:00:00+05:30,17.6,37,990.3,13,10.0,18.7,18.7,0.0,0.0,0.0,21,346,2,0,1,0.0,50.0,165.0
2024-12-11 22:00:00+05:30,16.1,41,990.3,0,10.3,19.3,19.1,0.0,0.0,0.0,22,346,2,0,1,0.0,50.0,165.0
2024-12-11 23:00:00+05:30,14.9,44,990.0,1,11.1,21.0,20.9,0.0,0.0,0.0,23,346,2,0,1,0.0,50.0,165.0
2024-12-12 00:00:00+05:30,14.3,47,989.6,1,9.9,18.4,20.9,0.0,0.0,0.0,0,347,3,0,0,0.0,50.0,70.0
2024-12-12 01:00:00+05:30,13.6,50,989.0,0,9.1,16.3,18.4,0.0,0.0,0.0,1,347,3,0,0,0.0,50.0,70.0
2024-12-12 02:00:00+05:30,13.0,51,988.7,0,9.1,15.0,17.3,0.0,0.0,0.0,2,347,3,0,0,0.0,50.0,70.0
2024-12-12 03:00:00+05:30,12.3,52,988.2,0,8.7,14.1,16.9,0.0,0.0,0.0,3,347,3,0,0,0.0,48.53,70.0
2024-12-12 04:00:00+05:30,11.7,53,988.0,0,8.7,13.3,16.2,0.0,0.0,0.0,4,347,3,0,0,0.0,43.93,70.0
2024-12-12 05:00:00+05:30,11.2,53,988.0,0,8.9,13.1,16.2,0.0,0.0,0.0,5,347,3,0,0,0.0,44.17,70.0
2024-12-12 06:00:00+05:30,10.0,60,989.0,0,9.1,14.4,17.3,0.0,0.0,0.0,6,347,3,0,0,0.0,50.0,70.0
2024-12-12 07:00:00+05:30,9.7,62,989.6,0,9.1,14.0,16.9,0.0,1.0,12.4,7,347,3,0,0,0.0,50.0,110.0
2024-12-12 08:00:00+05:30,11.2,59,990.5,0,8.8,13.2,17.3,251.3,45.0,138.0,8,347,3,0,0,31.39,44.2,110.0
2024-12-12 09:00:00+05:30,14.7,51,991.6,0,6.1,12.7,17.3,496.9,94.0,319.6,9,347,3,1,0,84.47,25.09,190.0
2024-12-12 10:00:00+05:30,18.2,42,992.4,0,4.0,8.1,15.1,646.4,120.0,483.2,10,347,3,1,0,129.54,6.03,190.0
2024-12-12 11:00:00+05:30,20.8,28,992.1,0,5.5,7.8,18.4,721.2,137.0,594.0,11,347,3,1,0,159.66,8.83,190.0
2024-12-12 12:00:00+05:30,22.1,21,991.5,0,5.6,7.6,20.5,756.7,143.0,638.1,12,347,3,1,0,174.85,8.58,190.0
2024-12-12 13:00:00+05:30,22.9,19,990.7,0,5.1,6.6,19.8,759.4,142.0,612.5,13,347,3,1,0,174.74,5.7,154.0
2024-12-12 14:00:00+05:30,23.2,19,990.2,0,5.4,7.0,18.7,728.7,135.0,521.1,14,347,3,1,0,159.49,6.94,190.0
2024-12-12 15:00:00+05:30,23.2,20,989.8,0,5.8,7.7,18.7,656.4,120.0,375.0,15,347,3,1,0,129.23,9.2,190.0
2024-12-12 16:00:00+05:30,22.7,20,989.6,0,6.8,9.3,18.0,514.4,94.0,195.1,16,347,3,1,0,84.8,16.21,190.0
2024-12-12 17:00:00+05:30,20.9,24,989.9,0,6.3,13.6,16.9,271.3,49.0,28.1,17,347,3,1,0,33.15,28.88,190.0
2024-12-12 18:00:00+05:30,19.5,34,990.4,0,4.0,10.1,9.4,0.0,2.0,0.0,18,347,3,0,1,0.0,9.13,165.0
2024-12-12 19:00:00+05:30,19.1,30,991.2,0,7.3,14.2,13.0,0.0,0.0,0.0,19,347,3,0,1,0.0,38.17,165.0
2024-12-12 20:00:00+05:30,18.1,27,991.6,0,11.7,23.2,22.0,0.0,0.0,0.0,20,347,3,0,1,0.0,50.0,165.0
2024-12-12 21:00:00+05:30,16.9,27,992.1,0,12.2,24.1,23.8,0.0,0.0,0.0,21,347,3,0,1,0.0,50.0,165.0
2024-12-12 22:00:00+05:30,15.8,29,992.6,0,12.2,23.9,23.4,0.0,0.0,0.0,22,347,3,0,1,0.0,50.0,165.0
2024-12-12 23:00:00+05:30,15.2,30,992.6,60,13.2,26.0,24.8,0.0,0.0,0.0,23,347,3,0,1,0.0,50.0,165.0
2024-12-13 00:00:00+05:30,14.8,31,992.2,97,14.4,28.5,27.7,0.0,0.0,0.0,0,348,4,0,0,0.0,50.0,70.0
2024-12-13 01:00:00+05:30,14.3,32,992.2,29,14.0,27.6,27.7,0.0,0.0,0.0,1,348,4,0,0,0.0,50.0,70.0
2024-12-13 02:00:00+05:30,13.5,33,992.0,7,13.5,26.5,27.0,0.0,0.0,0.0,2,348,4,0,0,0.0,50.0,70.0
2024-12-13 03:00:00+05:30,13.1,34,992.0,1,13.5,26.6,25.9,0.0,0.0,0.0,3,348,4,0,0,0.0,50.0,70.0
2024-12-13 04:00:00+05:30,12.8,35,991.9,4,13.9,27.8,27.0,0.0,0.0,0.0,4,348,4,0,0,0.0,50.0,70.0
2024-12-13 05:00:00+05:30,12.5,36,992.1,63,13.4,26.7,27.0,0.0,0.0,0.0,5,348,4,0,0,0.0,50.0,70.0
2024-12-13 06:00:00+05:30,11.5,42,993.0,22,12.2,24.7,24.5,0.0,0.0,0.0,6,348,4,0,0,0.0,50.0,70.0
2024-12-13 07:00:00+05:30,11.1,44,993.7,76,12.0,23.9,23.0,0.0,1.0,13.3,7,348,4,0,0,0.0,50.0,110.0
2024-12-13 08:00:00+05:30,12.1,42,994.6,2,11.4,22.7,22.7,238.9,46.0,137.2,8,348,4,0,0,30.39,50.0,110.0
2024-12-13 09:00:00+05:30,14.5,38,995.5,0,8.2,21.6,20.5,500.1,94.0,320.1,9,348,4,1,0,84.73,50.0,190.0
2024-12-13 10:00:00+05:30,17.6,32,995.8,0,8.5,13.9,22.7,648.9,122.0,485.8,10,348,4,1,0,130.42,45.42,190.0
2024-12-13 11:00:00+05:30,20.0,25,995.1,0,11.5,16.6,29.5,730.0,138.0,599.6,11,348,4,1,0,161.66,50.0,190.0
2024-12-13 12:00:00+05:30,21.3,21,993.9,0,11.9,16.6,31.3,765.9,145.0,645.4,12,348,4,1,0,177.27,50.0,190.0
2024-12-13 13:00:00+05:30,22.2,20,992.7,0,11.5,16.0,31.3,766.4,144.0,618.5,13,348,4,1,0,176.78,50.0,154.0
2024-12-13 14:00:00+05:30,22.6,19,991.7,0,11.3,15.8,30.6,734.1,137.0,526.0,14,348,4,1,0,161.18,50.0,190.0
2024-12-13 15:00:00+05:30,22.5,19,991.4,0,10.6,14.9,29.9,660.2,121.0,377.7,15,348,4,1,0,130.45,50.0,190.0
2024-12-13 16:00:00+05:30,22.0,20,991.5,0,9.8,14.1,27.0,516.5,96.0,197.5,16,348,4,1,0,85.82,50.0,190.0
2024-12-13 17:00:00+05:30,20.4,23,991.7,0,8.6,17.0,23.0,276.3,49.0,28.9,17,348,4,1,0,33.72,50.0,190.0
2024-12-13 18:00:00+05:30,19.7,25,992.2,0,10.6,21.3,20.5,0.0,2.0,0.0,18,348,4,0,1,0.0,50.0,165.0
2024-12-13 19:00:00+05:30,18.7,25,992.9,0,11.8,23.7,22.7,0.0,0.0,0.0,19,348,4,0,1,0.0,50.0,165.0
2024-12-13 20:00:00+05:30,17.7,27,993.1,0,11.5,23.4,22.7,0.0,0.0,0.0,20,348,4,0,1,0.0,50.0,165.0
2024-12-13 21:00:00+05:30,16.6,29,993.5,0,10.7,21.3,21.6,0.0,0.0,0.0,21,348,4,0,1,0.0,50.0,165.0
2024-12-13 22:00:00+05:30,15.2,33,993.4,0,12.8,24.6,23.8,0.0,0.0,0.0,22,348,4,0,1,0.0,50.0,165.0
2024-12-13 23:00:00+05:30,14.3,34,993.1,0,13.7,27.1,26.3,0.0,0.0,0.0,23,348,4,0,1,0.0,50.0,165.0
2024-12-14 00:00:00+05:30,13.6,34,992.6,0,13.2,26.3,26.3,0.0,0.0,0.0,0,349,5,0,0,0.0,50.0,70.0
2024-12-14 01:00:00+05:30,13.0,35,992.4,0,12.2,24.6,25.2,0.0,0.0,0.0,1,349,5,0,0,0.0,50.0,70.0
2024-12-14 02:00:00+05:30,12.3,37,992.1,0,10.6,21.6,23.0,0.0,0.0,0.0,2,349,5,0,0,0.0,50.0,70.0
2024-12-14 03:00:00+05:30,11.6,40,991.9,0,9.7,19.8,19.8,0.0,0.0,0.0,3,349,5,0,0,0.0,50.0,70.0
2024-12-14 04:00:00+05:30,11.1,42,992.2,0,9.5,19.2,18.0,0.0,0.0,0.0,4,349,5,0,0,0.0,50.0,70.0
2024-12-14 05:00:00+05:30,10.6,43,992.3,0,9.8,19.2,18.0,0.0,0.0,0.0,5,349,5,0,0,0.0,50.0,70.0
2024-12-14 06:00:00+05:30,9.4,48,992.9,0,11.0,21.5,20.2,0.0,0.0,0.0,6,349,5,0,0,0.0,50.0,70.0
2024-12-14 07:00:00+05:30,9.0,50,993.4,0,11.4,22.9,21.6,0.0,1.0,14.3,7,349,5,0,0,0.0,50.0,110.0
2024-12-14 08:00:00+05:30,10.0,48,993.9,0,12.0,24.1,23.0,248.1,44.0,136.5,8,349,5,0,0,30.81,50.0,110.0
2024-12-14 09:00:00+05:30,12.6,42,994.8,0,8.6,26.0,22.3,503.3,94.0,320.6,9,349,5,0,0,85.54,50.0,130.0
2024-12-14 10:00:00+05:30,16.1,33,995.4,0,8.0,14.6,22.0,655.6,121.0,487.3,10,349,5,0,0,131.79,45.88,130.0
2024-12-14 11:00:00+05:30,19.0,27,994.7,0,9.7,14.0,26.3,735.3,137.0,601.0,11,349,5,0,0,162.85,50.0,130.0
2024-12-14 12:00:00+05:30,21.0,21,993.6,0,9.2,12.9,27.0,773.4,144.0,648.7,12,349,5,0,0,178.5,43.68,130.0
2024-12-14 13:00:00+05:30,22.6,17,992.6,0,8.1,11.3,25.9,778.1,144.0,625.6,13,349,5,0,0,178.46,29.08,112.0
2024-12-14 14:00:00+05:30,23.4,15,991.7,0,7.8,10.5,23.8,747.8,137.0,533.6,14,349,5,0,0,162.92,24.21,130.0
2024-12-14 15:00:00+05:30,23.6,14,991.2,0,8.1,11.3,22.3,674.3,122.0,384.8,15,349,5,0,0,132.24,28.94,130.0
2024-12-14 16:00:00+05:30,23.0,14,991.2,0,8.2,12.1,22.0,530.4,96.0,201.5,16,349,5,0,0,87.29,33.23,130.0
2024-12-14 17:00:00+05:30,21.1,18,991.2,0,6.3,13.9,17.6,287.9,50.0,30.3,17,349,5,0,0,34.9,30.03,130.0
2024-12-14 18:00:00+05:30,21.0,19,991.6,0,8.9,17.9,16.2,0.0,2.0,0.0,18,349,5,0,1,0.0,50.0,165.0
2024-12-14 19:00:00+05:30,19.8,20,992.1,0,10.4,21.3,19.4,0.0,0.0,0.0,19,349,5,0,1,0.0,50.0,165.0
2024-12-14 20:00:00+05:30,18.5,21,992.5,0,11.2,22.2,20.9,0.0,0.0,0.0,20,349,5,0,1,0.0,50.0,165.0
2024-12-14 21:00:00+05:30,17.2,24,992.7,0,11.8,23.1,22.0,0.0,0.0,0.0,21,349,5,0,1,0.0,50.0,165.0
2024-12-14 22:00:00+05:30,15.8,26,992.9,0,11.5,23.4,22.3,0.0,0.0,0.0,22,349,5,0,1,0.0,50.0,165.0
2024-12-14 23:00:00+05:30,14.9,27,992.6,0,11.4,23.6,22.0,0.0,0.0,0.0,23,349,5,0,1,0.0,50.0,165.0
2024-12-15 00:00:00+05:30,14.5,27,992.1,0,11.0,22.7,21.2,0.0,0.0,0.0,0,350,6,0,0,0.0,50.0,70.0
2024-12-15 01:00:00+05:30,13.6,30,991.5,0,10.4,20.7,20.2,0.0,0.0,0.0,1,350,6,0,0,0.0,50.0,70.0
2024-12-15 02:00:00+05:30,12.6,33,991.1,0,10.3,19.9,19.4,0.0,0.0,0.0,2,350,6,0,0,0.0,50.0,70.0
2024-12-15 03:00:00+05:30,11.9,37,990.8,0,10.7,19.9,20.2,0.0,0.0,0.0,3,350,6,0,0,0.0,50.0,70.0
2024-12-15 04:00:00+05:30,11.5,41,990.8,0,11.6,21.3,21.6,0.0,0.0,0.0,4,350,6,0,0,0.0,50.0,70.0
2024-12-15 05:00:00+05:30,11.1,43,991.0,0,12.2,23.2,23.0,0.0,0.0,0.0,5,350,6,0,0,0.0,50.0,70.0
2024-12-15 06:00:00+05:30,9.9,50,991.8,0,12.9,24.9,24.1,0.0,0.0,0.0,6,350,6,0,0,0.0,50.0,70.0
2024-12-15 07:00:00+05:30,9.7,51,992.4,0,13.0,25.7,24.5,0.0,1.0,15.4,7,350,6,0,0,0.0,50.0,110.0
2024-12-15 08:00:00+05:30,11.0,48,993.5,0,12.7,25.0,24.5,250.0,44.0,137.4,8,350,6,0,0,30.74,50.0,110.0
2024-12-15 09:00:00+05:30,13.7,42,994.8,0,10.0,27.2,23.4,515.9,94.0,324.8,9,350,6,0,0,86.52,50.0,70.0
2024-12-15 10:00:00+05:30,17.0,33,995.2,0,8.9,16.9,23.4,668.6,122.0,494.5,10,350,6,0,0,133.26,50.0,70.0
2024-12-15 11:00:00+05:30,20.2,26,994.7,0,8.0,11.8,23.8,749.0,138.0,609.8,11,350,6,0,0,164.33,31.18,70.0
2024-12-15 12:00:00+05:30,22.8,20,993.5,0,6.6,9.4,23.0,783.9,145.0,656.0,12,350,6,0,0,179.04,15.92,70.0
2024-12-15 13:00:00+05:30,24.5,15,992.1,0,5.4,7.4,20.9,784.9,145.0,630.6,13,350,6,0,0,178.34,7.69,70.0
2024-12-15 14:00:00+05:30,25.4,13,991.3,0,4.0,5.4,18.7,756.4,136.0,537.5,14,350,6,0,0,162.83,2.52,71.22
2024-12-15 15:00:00+05:30,25.6,12,990.8,0,3.1,4.3,15.5,682.1,122.0,388.5,15,350,6,0,0,132.4,0.79,72.11
2024-12-15 16:00:00+05:30,24.9,14,990.7,0,2.6,4.0,12.2,538.2,96.0,204.0,16,350,6,0,0,87.71,0.3,70.0
2024-12-15 17:00:00+05:30,22.2,26,990.5,0,1.9,6.0,5.0,292.5,50.0,31.2,17,350,6,0,0,35.23,0.42,70.0
2024-12-15 18:00:00+05:30,20.8,27,991.0,0,3.8,6.4,6.1,0.0,2.0,0.0,18,350,6,0,1,0.0,3.42,165.0
2024-12-15 19:00:00+05:30,20.5,24,991.5,0,9.8,16.7,17.3,0.0,0.0,0.0,19,350,6,0,1,0.0,50.0,165.0
2024-12-15 20:00:00+05:30,19.3,26,991.4,0,12.0,24.8,23.0,0.0,0.0,0.0,20,350,6,0,1,0.0,50.0,165.0
2024-12-15 21:00:00+05:30,17.8,30,991.8,0,12.1,24.6,23.4,0.0,0.0,0.0,21,350,6,0,1,0.0,50.0,165.0
2024-12-15 22:00:00+05:30,16.7,35,991.8,0,12.2,24.3,23.8,0.0,0.0,0.0,22,350,6,0,1,0.0,50.0,165.0
2024-12-15 23:00:00+05:30,15.5,40,991.5,0,11.6,22.8,23.4,0.0,0.0,0.0,23,350,6,0,1,0.0,50.0,165.0
2024-12-16 00:00:00+05:30,14.6,45,991.2,0,11.1,22.0,22.3,0.0,0.0,0.0,0,351,0,0,0,0.0,50.0,70.0
2024-12-16 01:00:00+05:30,13.8,51,990.9,0,10.8,21.6,21.2,0.0,0.0,0.0,1,351,0,0,0,0.0,50.0,70.0
2024-12-16 02:00:00+05:30,13.1,55,990.4,0,10.0,20.2,20.9,0.0,0.0,0.0,2,351,0,0,0,0.0,50.0,70.0
2024-12-16 03:00:00+05:30,12.6,59,990.0,0,9.4,19.0,18.7,0.0,0.0,0.0,3,351,0,0,0,0.0,50.0,70.0
2024-12-16 04:00:00+05:30,12.2,62,989.6,0,7.8,16.6,17.6,0.0,0.0,0.0,4,351,0,0,0,0.0,50.0,70.0
2024-12-16 05:00:00+05:30,11.8,65,989.5,0,6.3,12.3,14.4,0.0,0.0,0.0,5,351,0,0,0,0.0,24.96,70.0
2024-12-16 06:00:00+05:30,10.4,69,990.4,0,8.1,12.1,15.8,0.0,0.0,0.0,6,351,0,0,0,0.0,34.12,70.0
2024-12-16 07:00:00+05:30,9.8,72,991.0,0,9.3,12.0,16.9,0.0,1.0,16.6,7,351,0,0,0,0.0,40.51,110.0
2024-12-16 08:00:00+05:30,11.0,67,991.8,0,9.5,13.3,18.7,237.1,43.0,133.1,8,351,0,0,0,29.37,50.0,110.0
2024-12-16 09:00:00+05:30,14.2,57,992.8,0,8.5,14.9,18.7,496.6,93.0,315.2,9,351,0,1,0,83.61,50.0,190.0
2024-12-16 10:00:00+05:30,17.5,45,993.1,0,6.2,11.6,18.7,649.5,120.0,481.2,10,351,0,1,0,129.57,21.67,190.0
2024-12-16 11:00:00+05:30,20.4,35,992.6,0,5.3,7.3,19.1,729.9,134.0,593.0,11,351,0,1,0,160.17,7.4,190.0
2024-12-16 12:00:00+05:30,22.6,29,991.5,0,4.4,6.0,18.4,764.6,142.0,640.0,12,351,0,1,0,175.28,3.75,190.0
2024-12-16 13:00:00+05:30,24.2,24,990.3,0,4.4,5.8,17.6,768.2,141.0,616.3,13,351,0,1,0,175.02,3.47,154.0
2024-12-16 14:00:00+05:30,25.0,20,989.3,0,4.9,6.6,17.6,739.3,134.0,526.6,14,351,0,1,0,160.04,5.32,190.0
2024-12-16 15:00:00+05:30,25.1,18,988.9,0,6.0,8.0,18.0,669.0,119.0,381.0,15,351,0,1,0,130.33,10.28,190.19
2024-12-16 16:00:00+05:30,24.4,18,988.6,0,6.0,8.3,17.6,527.9,95.0,201.4,16,351,0,1,0,86.6,11.02,190.0
2024-12-16 17:00:00+05:30,22.2,25,988.6,0,4.7,10.7,14.4,283.7,50.0,31.4,17,351,0,1,0,34.62,12.58,190.0
2024-12-16 18:00:00+05:30,21.6,28,988.6,0,5.4,10.4,11.2,0.0,2.0,0.0,18,351,0,0,1,0.0,14.5,165.0
2024-12-16 19:00:00+05:30,21.1,28,989.1,0,5.9,10.5,10.8,0.0,0.0,0.0,19,351,0,0,1,0.0,16.69,165.0
2024-12-16 20:00:00+05:30,20.2,30,988.9,0,7.8,12.7,14.0,0.0,0.0,0.0,20,351,0,0,1,0.0,34.09,165.0
2024-12-16 21:00:00+05:30,18.8,34,989.1,0,8.3,12.6,15.5,0.0,0.0,0.0,21,351,0,0,1,0.0,36.69,165.0
2024-12-16 22:00:00+05:30,17.3,38,989.0,0,8.9,13.9,16.2,0.0,0.0,0.0,22,351,0,0,1,0.0,47.98,165.0
2024-12-16 23:00:00+05:30,15.9,42,988.8,0,8.9,12.2,17.3,0.0,0.0,0.0,23,351,0,0,1,0.0,38.42,165.0
2024-12-17 00:00:00+05:30,14.9,47,988.4,0,8.4,9.2,16.6,0.0,0.0,0.0,0,352,1,0,0,0.0,22.67,70.0
2024-12-17 01:00:00+05:30,13.8,52,988.0,0,8.7,10.0,16.6,0.0,0.0,0.0,1,352,1,0,0,0.0,26.48,70.0
2024-12-17 02:00:00+05:30,12.9,58,987.6,0,9.1,12.6,16.6,0.0,0.0,0.0,2,352,1,0,0,0.0,42.24,70.0
2024-12-17 03:00:00+05:30,12.4,62,987.3,0,10.0,16.7,18.7,0.0,0.0,0.0,3,352,1,0,0,0.0,50.0,70.0
2024-12-17 04:00:00+05:30,12.1,65,987.1,0,10.4,19.4,19.4,0.0,0.0,0.0,4,352,1,0,0,0.0,50.0,70.0
2024-12-17 05:00:00+05:30,11.7,69,987.0,0,10.0,18.8,19.4,0.0,0.0,0.0,5,352,1,0,0,0.0,50.0,70.0
2024-12-17 06:00:00+05:30,10.7,76,987.9,0,9.9,17.7,19.1,0.0,0.0,0.0,6,352,1,0,0,0.0,50.0,70.0
2024-12-17 07:00:00+05:30,10.5,78,988.7,0,9.2,16.6,18.0,0.0,0.0,0.0,7,352,1,0,0,0.0,50.0,110.0
2024-12-17 08:00:00+05:30,11.6,74,989.8,0,8.1,14.6,16.9,231.3,42.0,130.4,8,352,1,0,0,28.5,47.11,110.0
2024-12-17 09:00:00+05:30,14.5,63,990.8,0,4.4,12.5,15.5,493.0,91.0,310.6,9,352,1,1,0,82.47,15.45,190.0
2024-12-17 10:00:00+05:30,17.8,52,991.3,0,2.9,5.8,13.3,645.1,119.0,477.0,10,352,1,1,0,128.38,1.7,190.0
2024-12-17 11:00:00+05:30,20.7,42,990.9,0,3.5,4.9,15.1,727.8,134.0,591.1,11,352,1,1,0,159.48,1.58,190.0
2024-12-17 12:00:00+05:30,23.0,30,989.8,0,7.0,9.7,21.6,767.0,141.0,640.2,12,352,1,1,0,175.14,18.17,190.0
2024-12-17 13:00:00+05:30,24.2,23,989.0,0,8.8,12.1,25.2,773.2,140.0,618.4,13,352,1,1,0,175.69,36.27,154.0
2024-12-17 14:00:00+05:30,24.6,20,988.6,0,9.4,12.8,25.6,744.2,134.0,529.6,14,352,1,1,0,161.17,43.58,190.0
2024-12-17 15:00:00+05:30,24.5,20,988.3,0,9.8,13.8,25.6,674.4,119.0,383.8,15,352,1,1,0,131.57,50.0,190.0
2024-12-17 16:00:00+05:30,23.7,21,988.2,0,10.0,14.4,25.2,535.3,95.0,203.9,16,352,1,1,0,87.89,50.0,190.0
2024-12-17 17:00:00+05:30,22.1,26,988.3,0,7.6,16.1,23.4,288.1,51.0,32.6,17,352,1,1,0,35.32,50.0,190.0
2024-12-17 18:00:00+05:30,21.4,31,988.3,0,9.6,20.1,18.0,0.0,3.0,0.0,18,352,1,0,1,0.0,50.0,165.0
2024-12-17 19:00:00+05:30,20.0,34,989.0,0,11.4,22.9,22.0,0.0,0.0,0.0,19,352,1,0,1,0.0,50.0,165.0
2024-12-17 20:00:00+05:30,18.5,35,989.5,0,12.6,24.7,24.1,0.0,0.0,0.0,20,352,1,0,1,0.0,50.0,165.0
2024-12-17 21:00:00+05:30,17.4,34,989.9,0,14.3,28.0,27.7,0.0,0.0,0.0,21,352,1,0,1,0.0,50.0,165.0
2024-12-17 22:00:00+05:30,16.6,33,990.2,0,15.5,30.1,30.6,0.0,0.0,0.0,22,352,1,0,1,0.0,50.0,165.0
2024-12-17 23:00:00+05:30,15.7,35,990.4,0,14.9,29.0,30.2,0.0,0.0,0.0,23,352,1,0,1,0.0,50.0,165.0
2024-12-18 00:00:00+05:30,14.8,38,990.2,0,14.8,28.6,28.8,0.0,0.0,0.0,0,353,2,0,0,0.0,50.0,70.0
2024-12-18 01:00:00+05:30,14.3,41,989.7,0,15.0,28.7,29.5,0.0,0.0,0.0,1,353,2,0,0,0.0,50.0,70.0
2024-12-18 02:00:00+05:30,13.7,44,989.5,1,14.5,27.6,29.2,0.0,0.0,0.0,2,353,2,0,0,0.0,50.0,70.0
2024-12-18 03:00:00+05:30,13.1,46,989.2,0,14.1,27.0,28.1,0.0,0.0,0.0,3,353,2,0,0,0.0,50.0,70.0
2024-12-18 04:00:00+05:30,12.7,49,988.9,3,14.2,26.6,27.4,0.0,0.0,0.0,4,353,2,0,0,0.0,50.0,70.0
2024-12-18 05:00:00+05:30,12.2,52,988.9,33,14.5,27.1,28.1,0.0,0.0,0.0,5,353,2,0,0,0.0,50.0,70.0
2024-12-18 06:00:00+05:30,10.7,56,989.8,97,13.2,25.2,27.0,0.0,0.0,0.0,6,353,2,0,0,0.0,50.0,70.0
2024-12-18 07:00:00+05:30,10.4,60,990.4,57,13.0,25.0,25.6,0.0,0.0,0.0,7,353,2,0,0,0.0,50.0,110.0
2024-12-18 08:00:00+05:30,11.3,59,990.9,100,13.3,25.7,25.6,217.8,42.0,127.7,8,353,2,0,0,27.36,50.0,110.0
2024-12-18 09:00:00+05:30,13.7,53,991.5,15,10.4,26.0,24.8,424.7,103.0,298.3,9,353,2,1,0,76.81,50.0,190.0
2024-12-18 10:00:00+05:30,16.8,47,991.4,4,10.2,16.4,25.9,640.5,119.0,473.9,10,353,2,1,0,128.02,50.0,190.0
2024-12-18 11:00:00+05:30,19.8,41,990.4,30,9.7,14.2,26.6,722.2,134.0,587.1,11,353,2,1,0,159.01,50.0,190.0
2024-12-18 12:00:00+05:30,22.1,34,989.2,10,9.8,13.5,27.4,758.3,142.0,635.3,12,353,2,1,0,174.42,50.0,190.0
2024-12-18 13:00:00+05:30,23.4,29,988.2,76,8.1,11.1,27.4,762.5,141.0,612.8,13,353,2,1,0,174.63,27.98,154.0
2024-12-18 14:00:00+05:30,24.0,26,987.4,64,6.8,9.1,24.1,730.3,135.0,523.3,14,353,2,1,0,159.56,15.49,190.0
2024-12-18 15:00:00+05:30,24.1,25,987.0,1,6.8,9.0,21.2,661.1,120.0,379.8,15,353,2,1,0,130.15,15.17,190.0
2024-12-18 16:00:00+05:30,23.5,26,986.6,0,7.3,10.2,19.8,524.9,95.0,202.0,16,353,2,1,0,86.86,20.93,190.0
2024-12-18 17:00:00+05:30,21.9,30,986.7,0,8.1,15.3,18.4,285.7,51.0,33.2,17,353,2,1,0,35.26,50.0,190.0
2024-12-18 18:00:00+05:30,21.1,32,987.0,1,10.1,19.4,19.8,0.0,3.0,0.0,18,353,2,0,1,0.0,50.0,165.0
2024-12-18 19:00:00+05:30,20.3,33,987.3,1,11.4,21.7,20.9,0.0,0.0,0.0,19,353,2,0,1,0.0,50.0,165.0
2024-12-18 20:00:00+05:30,18.6,39,987.3,1,13.2,25.1,25.6,0.0,0.0,0.0,20,353,2,0,1,0.0,50.0,165.0
2024-12-18 21:00:00+05:30,17.2,44,987.7,0,13.0,25.1,25.6,0.0,0.0,0.0,21,353,2,0,1,0.0,50.0,165.0
2024-12-18 22:00:00+05:30,16.3,46,987.8,0,13.3,25.4,25.6,0.0,0.0,0.0,22,353,2,0,1,0.0,50.0,165.0
2024-12-18 23:00:00+05:30,15.7,47,987.6,0,13.6,25.9,26.6,0.0,0.0,0.0,23,353,2,0,1,0.0,50.0,165.0
2024-12-19 00:00:00+05:30,15.1,48,987.3,0,13.2,25.2,26.6,0.0,0.0,0.0,0,354,3,0,0,0.0,50.0,70.0
2024-12-19 01:00:00+05:30,14.4,49,987.0,0,12.8,24.2,25.6,0.0,0.0,0.0,1,354,3,0,0,0.0,50.0,70.0
2024-12-19 02:00:00+05:30,13.8,52,986.5,0,12.0,22.7,24.8,0.0,0.0,0.0,2,354,3,0,0,0.0,50.0,70.0
2024-12-19 03:00:00+05:30,13.3,57,986.1,0,11.9,22.4,23.0,0.0,0.0,0.0,3,354,3,0,0,0.0,50.0,70.0
2024-12-19 04:00:00+05:30,12.9,64,986.0,0,12.0,22.6,23.0,0.0,0.0,0.0,4,354,3,0,0,0.0,50.0,70.0
2024-12-19 05:00:00+05:30,12.6,69,986.3,0,12.0,22.6,23.0,0.0,0.0,0.0,5,354,3,0,0,0.0,50.0,70.0
2024-12-19 06:00:00+05:30,11.2,74,986.9,0,11.2,20.7,21.6,0.0,0.0,0.0,6,354,3,0,0,0.0,50.0,70.0
2024-12-19 07:00:00+05:30,11.0,78,987.4,0,11.7,21.7,22.3,0.0,0.0,0.0,7,354,3,0,0,0.0,50.0,110.0
2024-12-19 08:00:00+05:30,12.0,74,988.4,0,12.7,23.6,23.4,211.7,40.0,123.1,8,354,3,0,0,26.25,50.0,110.0
2024-12-19 09:00:00+05:30,14.5,64,989.3,0,9.6,22.4,23.8,462.5,90.0,296.2,9,354,3,1,0,78.21,50.0,190.0
2024-12-19 10:00:00+05:30,17.6,53,989.6,0,8.0,12.1,23.4,614.3,118.0,458.3,10,354,3,1,0,123.35,32.7,190.0
2024-12-19 11:00:00+05:30,20.4,45,989.1,0,6.6,9.2,22.3,695.5,134.0,570.2,11,354,3,1,0,154.1,15.38,190.0
2024-12-19 12:00:00+05:30,22.4,40,988.0,0,5.3,6.9,20.9,732.1,141.0,617.2,12,354,3,1,0,169.46,6.57,190.0
2024-12-19 13:00:00+05:30,23.8,36,987.1,0,5.0,6.4,19.1,737.6,141.0,597.4,13,354,3,1,0,170.09,5.17,154.0
2024-12-19 14:00:00+05:30,24.5,34,986.3,0,5.4,6.9,18.7,711.2,133.0,511.5,14,354,3,1,0,155.83,6.69,190.0
2024-12-19 15:00:00+05:30,24.6,33,985.9,0,6.0,7.6,18.7,641.6,119.0,371.4,15,354,3,1,0,126.96,9.33,190.0
2024-12-19 16:00:00+05:30,24.1,33,985.8,0,6.0,8.1,18.4,505.4,94.0,197.1,16,354,3,1,0,84.25,10.52,190.0
2024-12-19 17:00:00+05:30,22.5,40,985.8,0,3.9,9.0,15.8,276.8,50.0,33.0,17,354,3,1,0,34.34,6.97,190.0
2024-12-19 18:00:00+05:30,21.4,43,985.8,0,5.4,10.5,10.4,0.0,3.0,0.0,18,354,3,0,1,0.0,14.72,165.0
2024-12-19 19:00:00+05:30,20.3,46,986.2,0,8.0,13.6,13.3,0.0,0.0,0.0,19,354,3,0,1,0.0,39.6,165.0
2024-12-19 20:00:00+05:30,19.0,45,986.7,0,15.0,29.0,28.8,0.0,0.0,0.0,20,354,3,0,1,0.0,50.0,165.0
2024-12-19 21:00:00+05:30,18.0,43,987.3,0,15.0,28.5,31.3,0.0,0.0,0.0,21,354,3,0,1,0.0,50.0,165.0
2024-12-19 22:00:00+05:30,17.0,43,987.7,0,16.0,30.0,31.3,0.0,0.0,0.0,22,354,3,0,1,0.0,50.0,165.0
2024-12-19 23:00:00+05:30,16.3,44,987.6,0,15.9,30.3,32.4,0.0,0.0,0.0,23,354,3,0,1,0.0,50.0,165.0
2024-12-20 00:00:00+05:30,15.6,46,987.2,0,15.9,29.5,31.7,0.0,0.0,0.0,0,355,4,0,0,0.0,50.0,70.0
2024-12-20 01:00:00+05:30,14.8,49,987.1,0,15.3,28.1,31.3,0.0,0.0,0.0,1,355,4,0,0,0.0,50.0,70.0
2024-12-20 02:00:00+05:30,14.1,54,987.0,24,14.7,27.4,29.9,0.0,0.0,0.0,2,355,4,0,0,0.0,50.0,70.0
2024-12-20 03:00:00+05:30,13.5,61,986.6,0,14.1,26.5,28.8,0.0,0.0,0.0,3,355,4,0,0,0.0,50.0,70.0
2024-12-20 04:00:00+05:30,13.0,65,986.7,0,13.8,26.3,27.7,0.0,0.0,0.0,4,355,4,0,0,0.0,50.0,70.0
2024-12-20 05:00:00+05:30,12.5,68,987.1,0,13.8,26.3,27.4,0.0,0.0,0.0,5,355,4,0,0,0.0,50.0,70.0
2024-12-20 06:00:00+05:30,11.9,68,987.8,0,14.5,27.3,29.5,0.0,0.0,0.0,6,355,4,0,0,0.0,50.0,70.0
2024-12-20 07:00:00+05:30,11.7,71,988.5,0,14.5,27.4,29.2,0.0,0.0,0.0,7,355,4,0,0,0.0,50.0,110.0
2024-12-20 08:00:00+05:30,12.5,69,989.6,0,12.7,30.3,29.2,197.8,40.0,120.3,8,355,4,0,0,25.02,50.0,110.0
2024-12-20 09:00:00+05:30,14.4,65,990.4,0,11.7,21.0,28.1,445.2,92.0,291.5,9,355,4,1,0,76.41,50.0,190.0
2024-12-20 10:00:00+05:30,17.0,60,990.7,0,10.8,16.3,28.4,598.6,120.0,451.7,10,355,4,1,0,121.53,50.0,190.0
2024-12-20 11:00:00+05:30,19.4,54,990.2,0,10.3,14.5,28.1,680.8,136.0,563.0,11,355,4,1,0,152.54,50.0,190.0
2024-12-20 12:00:00+05:30,21.4,49,989.2,0,10.7,14.8,29.2,720.0,144.0,612.3,12,355,4,1,0,168.56,50.0,190.0
2024-12-20 13:00:00+05:30,22.7,45,988.0,0,11.4,16.1,30.6,726.6,143.0,592.7,13,355,4,1,0,169.35,50.0,154.0
2024-12-20 14:00:00+05:30,23.4,42,987.2,0,12.1,16.9,31.3,700.4,136.0,508.9,14,355,4,1,0,155.4,50.0,190.0
2024-12-20 15:00:00+05:30,23.5,41,986.7,0,13.1,18.7,32.4,630.1,121.0,369.1,15,355,4,1,0,126.35,50.0,190.0
2024-12-20 16:00:00+05:30,23.0,42,986.7,0,13.7,19.9,32.8,494.7,95.0,196.0,16,355,4,1,0,83.68,50.0,190.0
2024-12-20 17:00:00+05:30,22.0,45,987.0,0,11.7,20.4,31.7,261.4,51.0,33.3,17,355,4,1,0,33.44,50.0,190.0
2024-12-20 18:00:00+05:30,20.8,48,987.5,0,12.5,24.0,24.8,0.0,3.0,0.0,18,355,4,0,1,0.0,50.0,165.0
2024-12-20 19:00:00+05:30,19.8,51,988.1,0,12.7,24.6,25.6,0.0,0.0,0.0,19,355,4,0,1,0.0,50.0,165.0
2024-12-20 20:00:00+05:30,18.6,53,988.5,0,13.5,26.2,26.3,0.0,0.0,0.0,20,355,4,0,1,0.0,50.0,165.0
2024-12-20 21:00:00+05:30,17.8,53,988.8,0,16.0,30.0,31.3,0.0,0.0,0.0,21,355,4,0,1,0.0,50.0,165.0
2024-12-20 22:00:00+05:30,17.1,55,989.1,0,16.4,30.5,32.4,0.0,0.0,0.0,22,355,4,0,1,0.0,50.0,165.0
2024-12-20 23:00:00+05:30,16.3,57,988.9,0,16.3,30.5,32.8,0.0,0.0,0.0,23,355,4,0,1,0.0,50.0,165.0
2024-12-21 00:00:00+05:30,15.6,60,988.5,0,15.7,29.6,32.4,0.0,0.0,0.0,0,356,5,0,0,0.0,50.0,70.0
2024-12-21 01:00:00+05:30,15.1,61,988.4,0,15.2,28.7,31.3,0.0,0.0,0.0,1,356,5,0,0,0.0,50.0,70.0
2024-12-21 02:00:00+05:30,14.5,62,988.3,0,14.4,27.4,29.9,0.0,0.0,0.0,2,356,5,0,0,0.0,50.0,70.0
2024-12-21 03:00:00+05:30,13.9,63,988.4,0,13.6,26.0,28.4,0.0,0.0,0.0,3,356,5,0,0,0.0,50.0,70.0
2024-12-21 04:00:00+05:30,13.4,65,988.2,0,13.5,25.8,27.0,0.0,0.0,0.0,4,356,5,0,0,0.0,50.0,70.0
2024-12-21 05:00:00+05:30,12.9,67,988.4,0,13.2,25.0,26.6,0.0,0.0,0.0,5,356,5,0,0,0.0,50.0,70.0
2024-12-21 06:00:00+05:30,12.2,73,988.7,0,12.0,23.0,24.5,0.0,0.0,0.0,6,356,5,0,0,0.0,50.0,70.0
2024-12-21 07:00:00+05:30,11.8,76,989.4,0,12.3,23.4,23.8,0.0,0.0,0.0,7,356,5,0,0,0.0,50.0,110.0
2024-12-21 08:00:00+05:30,12.8,75,990.4,0,12.8,25.1,24.8,206.7,38.0,119.3,8,356,5,0,0,25.15,50.0,110.0
2024-12-21 09:00:00+05:30,15.0,68,991.3,0,10.1,21.5,24.1,457.1,91.0,294.5,9,356,5,0,0,77.29,50.0,130.0
2024-12-21 10:00:00+05:30,17.9,59,991.3,0,9.7,14.9,25.6,613.1,118.0,456.6,10,356,5,0,0,122.69,50.0,130.0
2024-12-21 11:00:00+05:30,20.7,50,990.7,0,9.8,14.1,27.0,695.7,135.0,570.7,11,356,5,0,0,153.89,50.0,130.0
2024-12-21 12:00:00+05:30,22.8,44,989.4,0,9.4,13.0,27.0,734.5,142.0,619.7,12,356,5,0,0,169.67,45.07,130.0
2024-12-21 13:00:00+05:30,24.2,39,988.6,5,8.6,11.8,26.6,738.9,142.0,599.8,13,356,5,0,0,170.25,33.66,112.0
2024-12-21 14:00:00+05:30,25.0,35,987.7,0,7.3,10.0,25.2,709.9,135.0,513.8,14,356,5,0,0,155.84,20.12,130.0
2024-12-21 15:00:00+05:30,25.1,34,987.2,19,7.1,9.8,22.0,639.1,121.0,373.7,15,356,5,0,0,127.0,18.68,130.19
2024-12-21 16:00:00+05:30,24.7,34,986.9,26,7.1,10.0,20.5,504.5,96.0,200.1,16,356,5,0,0,84.67,19.39,130.0
2024-12-21 17:00:00+05:30,23.0,42,987.0,51,4.0,9.6,17.6,271.4,52.0,35.0,17,356,5,0,0,34.47,8.17,130.0
2024-12-21 18:00:00+05:30,21.9,44,987.8,31,4.8,9.2,9.4,0.0,3.0,0.0,18,356,5,0,1,0.0,9.82,165.0
2024-12-21 19:00:00+05:30,20.9,45,988.6,30,9.9,17.3,18.0,0.0,0.0,0.0,19,356,5,0,1,0.0,50.0,165.0
2024-12-21 20:00:00+05:30,20.0,47,988.8,23,11.7,22.9,22.0,0.0,0.0,0.0,20,356,5,0,1,0.0,50.0,165.0
2024-12-21 21:00:00+05:30,18.9,49,989.2,14,13.0,25.8,24.8,0.0,0.0,0.0,21,356,5,0,1,0.0,50.0,165.0
2024-12-21 22:00:00+05:30,18.4,52,989.0,6,13.7,27.0,27.0,0.0,0.0,0.0,22,356,5,0,1,0.0,50.0,165.0
2024-12-21 23:00:00+05:30,17.7,58,988.6,11,11.7,23.6,26.6,0.0,0.0,0.0,23,356,5,0,1,0.0,50.0,165.0
2024-12-22 00:00:00+05:30,16.8,64,988.3,3,11.4,22.8,22.7,0.0,0.0,0.0,0,357,6,0,0,0.0,50.0,70.0
2024-12-22 01:00:00+05:30,16.2,69,987.9,14,11.1,22.1,22.3,0.0,0.0,0.0,1,357,6,0,0,0.0,50.0,70.0
2024-12-22 02:00:00+05:30,15.7,74,987.3,53,11.0,21.4,21.2,0.0,0.0,0.0,2,357,6,0,0,0.0,50.0,70.0
2024-12-22 03:00:00+05:30,15.4,77,986.8,48,11.0,21.4,21.2,0.0,0.0,0.0,3,357,6,0,0,0.0,50.0,70.0
2024-12-22 04:00:00+05:30,15.0,79,986.6,0,11.0,21.5,21.2,0.0,0.0,0.0,4,357,6,0,0,0.0,50.0,70.0
2024-12-22 05:00:00+05:30,14.7,79,986.8,0,11.1,21.8,21.2,0.0,0.0,0.0,5,357,6,0,0,0.0,50.0,70.0
2024-12-22 06:00:00+05:30,14.1,78,987.3,7,9.9,19.4,19.4,0.0,0.0,0.0,6,357,6,0,0,0.0,50.0,70.0
2024-12-22 07:00:00+05:30,14.0,76,988.1,85,10.4,19.9,19.8,0.0,0.0,0.0,7,357,6,0,0,0.0,50.0,110.0
2024-12-22 08:00:00+05:30,15.2,69,988.7,62,10.0,20.0,20.2,154.1,39.0,109.0,8,357,6,0,0,21.01,50.0,110.0
2024-12-22 09:00:00+05:30,17.5,59,989.3,98,7.9,19.5,19.4,72.2,120.0,181.3,9,357,6,0,0,36.06,50.0,70.0
2024-12-22 10:00:00+05:30,20.0,49,989.7,14,7.9,12.5,20.9,167.2,189.0,303.1,10,357,6,0,0,68.41,33.77,70.0
2024-12-22 11:00:00+05:30,22.8,40,988.9,4,7.8,11.1,22.3,555.1,166.0,517.5,11,357,6,0,0,135.12,26.68,70.0
2024-12-22 12:00:00+05:30,25.1,35,987.7,7,7.2,10.2,22.7,649.6,160.0,583.2,12,357,6,0,0,156.71,20.45,70.19
2024-12-22 13:00:00+05:30,26.6,31,986.5,16,8.1,11.1,23.0,605.9,176.0,550.2,13,357,6,0,0,151.84,27.64,77.92
2024-12-22 14:00:00+05:30,27.1,31,985.5,17,10.2,14.1,26.6,595.7,155.0,470.4,14,357,6,0,0,139.5,50.0,81.44
2024-12-22 15:00:00+05:30,27.1,32,984.7,14,11.4,16.1,28.4,551.8,132.0,347.2,15,357,6,0,0,115.31,50.0,81.44
2024-12-22 16:00:00+05:30,26.6,34,984.4,29,10.7,15.6,28.4,408.9,102.0,181.0,16,357,6,0,0,73.77,50.0,77.92
2024-12-22 17:00:00+05:30,25.5,39,984.3,56,4.8,10.7,24.8,187.4,49.0,29.7,17,357,6,0,0,26.58,12.76,71.65
2024-12-22 18:00:00+05:30,23.8,50,984.7,40,0.2,2.4,3.6,0.0,3.0,0.0,18,357,6,0,1,0.0,0.0,165.0
2024-12-22 19:00:00+05:30,23.7,44,985.3,80,6.2,14.7,11.2,0.0,0.0,0.0,19,357,6,0,1,0.0,31.95,165.0
2024-12-22 20:00:00+05:30,22.8,48,986.1,48,9.2,17.8,17.6,0.0,0.0,0.0,20,357,6,0,1,0.0,50.0,165.0
2024-12-22 21:00:00+05:30,21.6,51,986.7,71,10.8,20.6,20.2,0.0,0.0,0.0,21,357,6,0,1,0.0,50.0,165.0
2024-12-22 22:00:00+05:30,20.8,61,986.8,60,4.8,14.2,20.2,0.0,0.0,0.0,22,357,6,0,1,0.0,19.81,165.0
2024-12-22 23:00:00+05:30,18.5,79,986.8,97,2.5,10.3,12.2,0.0,0.0,0.0,23,357,6,0,1,0.0,2.07,165.0
2024-12-23 00:00:00+05:30,17.8,84,986.8,82,2.6,5.1,8.3,0.0,0.0,0.0,0,358,0,0,0,0.0,0.92,70.0
2024-12-23 01:00:00+05:30,17.2,91,986.2,80,4.3,4.7,15.1,0.0,0.0,0.0,1,358,0,0,0,0.0,2.25,70.0
2024-12-23 02:00:00+05:30,16.8,92,985.8,37,3.4,3.0,8.6,0.0,0.0,0.0,2,358,0,0,0,0.0,0.67,70.0
2024-12-23 03:00:00+05:30,16.1,97,985.4,10,5.7,8.5,11.2,0.0,0.0,0.0,3,358,0,0,0,0.0,10.99,70.0
2024-12-23 04:00:00+05:30,15.3,97,985.2,26,2.8,5.6,11.2,0.0,0.0,0.0,4,358,0,0,0,0.0,1.45,70.0
2024-12-23 05:00:00+05:30,15.1,98,985.4,14,5.4,6.9,10.8,0.0,0.0,0.0,5,358,0,0,0,0.0,6.9,70.0
2024-12-23 06:00:00+05:30,15.2,90,985.8,3,1.1,4.3,2.9,0.0,0.0,0.0,6,358,0,0,0,0.0,0.0,70.0
2024-12-23 07:00:00+05:30,14.8,92,986.5,9,2.1,6.8,3.6,0.0,0.0,0.0,7,358,0,0,0,0.0,0.89,110.0
2024-12-23 08:00:00+05:30,16.1,87,987.6,5,5.0,9.6,10.4,178.2,38.0,113.4,8,358,0,0,0,22.49,11.47,110.0
2024-12-23 09:00:00+05:30,18.2,77,988.3,4,2.9,6.7,11.2,395.3,95.0,274.8,9,358,0,1,0,69.57,2.41,190.0
2024-12-23 10:00:00+05:30,20.2,67,988.9,0,4.9,6.7,16.2,544.0,129.0,432.1,10,358,0,1,0,113.29,5.57,190.0
2024-12-23 11:00:00+05:30,21.5,59,988.5,4,6.7,9.0,20.9,632.5,146.0,543.4,11,358,0,1,0,144.84,15.02,190.0
2024-12-23 12:00:00+05:30,22.6,52,987.4,3,7.6,10.2,23.0,646.6,149.0,570.2,12,358,0,1,0,155.75,22.18,190.0
2024-12-23 13:00:00+05:30,23.6,44,986.6,2,8.4,11.4,24.8,697.6,148.0,580.7,13,358,0,1,0,164.7,30.71,154.0
2024-12-23 14:00:00+05:30,24.1,40,986.1,10,8.8,12.0,25.2,664.1,140.0,494.8,14,358,0,1,0,149.98,35.66,190.0
2024-12-23 15:00:00+05:30,24.2,37,985.9,10,8.2,11.3,24.5,589.2,127.0,359.6,15,358,0,1,0,121.48,29.21,190.0
2024-12-23 16:00:00+05:30,23.7,37,986.2,19,8.0,11.4,22.3,468.2,100.0,195.6,16,358,0,1,0,81.69,28.76,190.0
2024-12-23 17:00:00+05:30,22.3,42,986.4,27,6.3,12.2,20.2,240.9,54.0,35.6,17,358,0,1,0,32.63,23.65,190.0
2024-12-23 18:00:00+05:30,20.7,50,986.8,28,7.7,16.2,14.4,0.0,3.0,0.0,18,358,0,0,1,0.0,50.0,165.0
2024-12-23 19:00:00+05:30,19.8,53,987.6,13,9.1,18.4,17.3,0.0,0.0,0.0,19,358,0,0,1,0.0,50.0,165.0
2024-12-23 20:00:00+05:30,18.9,57,988.1,4,9.4,19.2,18.7,0.0,0.0,0.0,20,358,0,0,1,0.0,50.0,165.0
2024-12-23 21:00:00+05:30,17.8,62,988.4,5,9.9,20.2,18.7,0.0,0.0,0.0,21,358,0,0,1,0.0,50.0,165.0
2024-12-23 22:00:00+05:30,17.2,64,988.6,1,11.3,23.0,21.6,0.0,0.0,0.0,22,358,0,0,1,0.0,50.0,165.0
2024-12-23 23:00:00+05:30,16.6,68,988.5,0,11.1,22.1,22.3,0.0,0.0,0.0,23,358,0,0,1,0.0,50.0,165.0
2024-12-24 00:00:00+05:30,15.9,72,988.2,0,11.2,22.1,22.0,0.0,0.0,0.0,0,359,1,0,0,0.0,50.0,70.0
2024-12-24 01:00:00+05:30,15.2,75,988.2,3,11.9,22.9,23.0,0.0,0.0,0.0,1,359,1,0,0,0.0,50.0,70.0
2024-12-24 02:00:00+05:30,14.5,77,988.2,4,12.5,23.8,24.5,0.0,0.0,0.0,2,359,1,0,0,0.0,50.0,70.0
2024-12-24 03:00:00+05:30,13.9,80,988.1,3,12.6,24.0,24.8,0.0,0.0,0.0,3,359,1,0,0,0.0,50.0,70.0
2024-12-24 04:00:00+05:30,13.3,83,988.1,2,13.2,25.0,26.3,0.0,0.0,0.0,4,359,1,0,0,0.0,50.0,70.0
2024-12-24 05:00:00+05:30,12.8,87,988.3,0,13.6,25.1,27.0,0.0,0.0,0.0,5,359,1,0,0,0.0,50.0,70.0
2024-12-24 06:00:00+05:30,12.4,86,988.8,0,13.0,24.5,26.3,0.0,0.0,0.0,6,359,1,0,0,0.0,50.0,70.0
2024-12-24 07:00:00+05:30,12.0,89,989.6,0,13.2,24.7,26.3,0.0,0.0,0.0,7,359,1,0,0,0.0,50.0,110.0
2024-12-24 08:00:00+05:30,12.7,86,990.3,0,11.0,27.9,26.6,179.2,38.0,114.2,8,359,1,0,0,22.78,50.0,110.0
2024-12-24 09:00:00+05:30,14.5,78,991.2,0,11.6,19.5,27.7,430.0,92.0,284.1,9,359,1,1,0,73.94,50.0,190.0
2024-12-24 10:00:00+05:30,16.8,70,991.7,0,11.7,17.5,29.9,579.9,123.0,443.7,10,359,1,1,0,118.83,50.0,190.0
2024-12-24 11:00:00+05:30,18.9,63,991.2,0,11.3,15.9,30.6,664.5,140.0,556.5,11,359,1,1,0,150.49,50.0,190.0
2024-12-24 12:00:00+05:30,20.5,57,990.2,0,10.5,14.5,30.2,708.1,147.0,608.1,12,359,1,1,0,167.52,50.0,190.0
2024-12-24 13:00:00+05:30,21.7,51,989.4,0,10.5,14.5,29.2,719.0,147.0,593.6,13,359,1,1,0,169.61,50.0,154.0
2024-12-24 14:00:00+05:30,22.4,47,989.1,13,9.7,13.2,29.2,696.9,138.0,511.8,14,359,1,1,0,156.25,50.0,190.0
2024-12-24 15:00:00+05:30,22.4,45,988.8,12,9.8,13.5,27.0,559.1,135.0,354.7,15,359,1,1,0,119.51,50.0,190.0
2024-12-24 16:00:00+05:30,21.9,44,988.8,11,10.3,14.5,26.3,451.5,102.0,193.8,16,359,1,1,0,80.77,50.0,190.0
2024-12-24 17:00:00+05:30,20.8,47,989.2,8,9.0,15.8,25.6,238.2,55.0,36.7,17,359,1,1,0,32.91,50.0,190.0
2024-12-24 18:00:00+05:30,19.2,56,989.6,6,10.8,21.2,20.2,0.0,4.0,0.0,18,359,1,0,1,0.0,50.0,165.0
2024-12-24 19:00:00+05:30,18.3,58,990.6,9,12.8,25.1,24.8,0.0,0.0,0.0,19,359,1,0,1,0.0,50.0,165.0
2024-12-24 20:00:00+05:30,17.5,59,991.3,0,15.5,28.8,30.6,0.0,0.0,0.0,20,359,1,0,1,0.0,50.0,165.0
2024-12-24 21:00:00+05:30,16.8,61,992.0,0,16.2,29.7,32.8,0.0,0.0,0.0,21,359,1,0,1,0.0,50.0,165.0
2024-12-24 22:00:00+05:30,16.0,64,992.2,0,15.5,29.0,32.4,0.0,0.0,0.0,22,359,1,0,1,0.0,50.0,165.0
2024-12-24 23:00:00+05:30,15.3,66,992.2,0,15.4,28.8,31.0,0.0,0.0,0.0,23,359,1,0,1,0.0,50.0,165.0
2024-12-25 00:00:00+05:30,14.7,68,991.9,0,15.0,28.7,30.2,0.0,0.0,0.0,0,360,2,0,0,0.0,50.0,70.0
2024-12-25 01:00:00+05:30,14.1,69,991.7,0,15.1,28.4,29.9,0.0,0.0,0.0,1,360,2,0,0,0.0,50.0,70.0
2024-12-25 02:00:00+05:30,13.5,71,991.5,0,15.0,28.2,29.5,0.0,0.0,0.0,2,360,2,0,0,0.0,50.0,70.0
2024-12-25 03:00:00+05:30,13.1,72,991.3,0,14.7,27.7,29.5,0.0,0.0,0.0,3,360,2,0,0,0.0,50.0,70.0
2024-12-25 04:00:00+05:30,12.7,75,991.2,0,14.0,26.5,28.8,0.0,0.0,0.0,4,360,2,0,0,0.0,50.0,70.0
2024-12-25 05:00:00+05:30,12.3,78,991.3,0,14.0,26.4,27.7,0.0,0.0,0.0,5,360,2,0,0,0.0,50.0,70.0
2024-12-25 06:00:00+05:30,11.6,84,991.7,0,13.3,25.3,26.3,0.0,0.0,0.0,6,360,2,0,0,0.0,50.0,70.0
2024-12-25 07:00:00+05:30,11.3,86,992.6,0,12.9,24.7,26.3,0.0,0.0,0.0,7,360,2,0,0,0.0,50.0,110.0
2024-12-25 08:00:00+05:30,12.1,84,993.2,0,12.2,25.9,25.6,180.2,38.0,114.9,8,360,2,0,0,22.83,50.0,110.0
2024-12-25 09:00:00+05:30,14.1,78,993.9,0,10.9,19.9,25.9,431.7,92.0,284.5,9,360,2,1,0,74.11,50.0,190.0
2024-12-25 10:00:00+05:30,16.6,70,994.2,0,10.7,16.1,27.4,589.7,122.0,447.4,10,360,2,1,0,120.05,50.0,190.0
2024-12-25 11:00:00+05:30,18.9,64,993.7,0,11.1,15.8,29.2,675.5,139.0,562.0,11,360,2,1,0,152.04,50.0,190.0
2024-12-25 12:00:00+05:30,20.5,57,992.6,0,11.5,16.1,30.6,717.5,146.0,613.5,12,360,2,1,0,168.95,50.0,190.0
2024-12-25 13:00:00+05:30,21.6,49,991.5,0,11.2,15.3,30.6,724.6,147.0,597.8,13,360,2,1,0,170.7,50.0,154.0
2024-12-25 14:00:00+05:30,22.2,44,991.0,0,10.8,14.8,29.5,700.7,139.0,515.8,14,360,2,1,0,157.31,50.0,190.0
2024-12-25 15:00:00+05:30,22.3,42,990.6,1,10.5,14.7,28.4,632.6,123.0,376.6,15,360,2,1,0,128.51,50.0,190.0
2024-12-25 16:00:00+05:30,21.9,43,990.7,7,10.7,15.7,27.0,492.4,99.0,203.2,16,360,2,1,0,85.42,50.0,190.0
2024-12-25 17:00:00+05:30,20.6,48,990.9,0,8.9,16.6,25.6,265.6,55.0,39.4,17,360,2,1,0,35.4,50.0,190.0
2024-12-25 18:00:00+05:30,18.9,57,991.2,0,11.8,23.4,22.7,0.0,4.0,0.0,18,360,2,0,1,0.0,50.0,165.0
2024-12-25 19:00:00+05:30,18.1,59,992.0,0,13.4,26.4,25.9,0.0,0.0,0.0,19,360,2,0,1,0.0,50.0,165.0
2024-12-25 20:00:00+05:30,17.4,60,992.6,0,14.8,28.7,28.8,0.0,0.0,0.0,20,360,2,0,1,0.0,50.0,165.0
2024-12-25 21:00:00+05:30,16.9,60,993.0,0,15.0,29.1,29.2,0.0,0.0,0.0,21,360,2,0,1,0.0,50.0,165.0
2024-12-25 22:00:00+05:30,16.3,62,993.6,1,14.6,28.3,29.2,0.0,0.0,0.0,22,360,2,0,1,0.0,50.0,165.0
2024-12-25 23:00:00+05:30,15.7,64,993.5,0,14.5,28.0,29.2,0.0,0.0,0.0,23,360,2,0,1,0.0,50.0,165.0
2024-12-26 00:00:00+05:30,15.2,66,993.1,0,13.2,25.5,28.4,0.0,0.0,0.0,0,361,3,0,0,0.0,50.0,70.0
2024-12-26 01:00:00+05:30,14.5,69,992.8,0,12.4,24.0,25.9,0.0,0.0,0.0,1,361,3,0,0,0.0,50.0,70.0
2024-12-26 02:00:00+05:30,14.0,72,992.3,0,12.2,23.8,24.1,0.0,0.0,0.0,2,361,3,0,0,0.0,50.0,70.0
2024-12-26 03:00:00+05:30,13.6,74,992.1,0,12.3,24.2,24.1,0.0,0.0,0.0,3,361,3,0,0,0.0,50.0,70.0
2024-12-26 04:00:00+05:30,13.3,77,992.1,0,12.7,24.7,24.8,0.0,0.0,0.0,4,361,3,0,0,0.0,50.0,70.0
2024-12-26 05:00:00+05:30,13.0,81,992.4,0,12.8,24.8,24.8,0.0,0.0,0.0,5,361,3,0,0,0.0,50.0,70.0
2024-12-26 06:00:00+05:30,13.0,84,992.7,0,13.8,26.7,26.6,0.0,0.0,0.0,6,361,3,0,0,0.0,50.0,70.0
2024-12-26 07:00:00+05:30,13.0,86,993.5,0,13.5,26.2,27.0,0.0,0.0,0.0,7,361,3,0,0,0.0,50.0,110.0
2024-12-26 08:00:00+05:30,13.9,83,994.3,2,12.8,26.8,27.0,165.3,36.0,108.1,8,361,3,0,0,21.02,50.0,110.0
2024-12-26 09:00:00+05:30,15.9,75,995.0,7,11.9,21.6,27.4,393.3,93.0,270.7,9,361,3,1,0,69.12,50.0,190.0
2024-12-26 10:00:00+05:30,18.4,67,995.0,3,11.8,17.3,29.2,536.0,128.0,426.0,10,361,3,1,0,112.33,50.0,190.0
2024-12-26 11:00:00+05:30,20.6,61,994.5,3,10.2,14.5,29.5,633.8,144.0,541.9,11,361,3,1,0,144.96,50.0,190.0
2024-12-26 12:00:00+05:30,22.3,57,993.4,9,8.0,10.9,27.0,663.7,154.0,587.1,12,361,3,1,0,159.81,26.9,190.0
2024-12-26 13:00:00+05:30,23.5,55,992.4,50,6.1,8.2,23.4,646.0,162.0,563.8,13,361,3,1,0,158.47,11.11,154.0
2024-12-26 14:00:00+05:30,23.9,54,991.6,44,4.6,6.0,20.2,450.6,162.0,399.8,14,361,3,1,0,118.17,4.01,190.0
2024-12-26 15:00:00+05:30,24.2,52,991.1,26,2.5,3.1,15.8,430.5,143.0,308.5,15,361,3,1,0,100.81,0.0,190.0
2024-12-26 16:00:00+05:30,23.9,53,990.9,86,3.4,4.4,11.5,309.4,107.0,162.2,16,361,3,1,0,63.63,1.08,190.0
2024-12-26 17:00:00+05:30,22.8,58,991.0,31,6.6,11.5,12.6,143.1,51.0,30.4,17,361,3,1,0,23.77,22.75,190.0
2024-12-26 18:00:00+05:30,20.8,71,991.3,50,3.9,8.6,8.6,0.0,4.0,0.0,18,361,3,0,1,0.0,6.46,165.0
2024-12-26 19:00:00+05:30,20.1,73,991.8,64,4.7,9.6,11.5,0.0,0.0,0.0,19,361,3,0,1,0.0,10.42,165.0
2024-12-26 20:00:00+05:30,19.3,80,992.1,37,7.6,14.5,14.4,0.0,0.0,0.0,20,361,3,0,1,0.0,41.76,165.0
2024-12-26 21:00:00+05:30,18.4,87,992.2,45,10.7,20.3,20.9,0.0,0.0,0.0,21,361,3,0,1,0.0,50.0,165.0
2024-12-26 22:00:00+05:30,18.1,90,992.4,81,10.1,19.8,20.5,0.0,0.0,0.0,22,361,3,0,1,0.0,50.0,165.0
2024-12-26 23:00:00+05:30,18.2,89,992.0,37,9.2,18.4,19.4,0.0,0.0,0.0,23,361,3,0,1,0.0,50.0,165.0
2024-12-27 00:00:00+05:30,17.7,92,991.8,39,9.3,17.7,17.3,0.0,0.0,0.0,0,362,4,0,0,0.0,50.0,70.0
2024-12-27 01:00:00+05:30,17.4,95,991.2,5,10.6,20.1,22.0,0.0,0.0,0.0,1,362,4,0,0,0.0,50.0,70.0
2024-12-27 02:00:00+05:30,17.0,96,990.8,8,9.7,19.1,20.2,0.0,0.0,0.0,2,362,4,0,0,0.0,50.0,70.0
2024-12-27 03:00:00+05:30,16.7,96,990.4,10,7.2,15.2,18.7,0.0,0.0,0.0,3,362,4,0,0,0.0,42.51,70.0
2024-12-27 04:00:00+05:30,16.4,97,990.1,9,6.0,12.6,14.0,0.0,0.0,0.0,4,362,4,0,0,0.0,24.02,70.0
2024-12-27 05:00:00+05:30,16.1,97,990.3,15,5.0,7.6,10.8,0.0,0.0,0.0,5,362,4,0,0,0.0,7.44,70.0
2024-12-27 06:00:00+05:30,16.2,97,990.4,100,4.7,6.1,8.6,0.0,0.0,0.0,6,362,4,0,0,0.0,4.4,70.0
2024-12-27 07:00:00+05:30,15.9,98,990.9,4,7.9,10.1,14.8,0.0,0.0,0.0,7,362,4,0,0,0.0,23.57,110.0
2024-12-27 08:00:00+05:30,16.5,96,991.7,28,8.9,13.6,17.6,134.5,37.0,103.0,8,362,4,0,0,18.67,46.45,110.0
2024-12-27 09:00:00+05:30,18.3,88,992.5,30,7.2,14.0,18.4,244.2,113.0,238.9,9,362,4,1,0,55.01,36.71,190.0
2024-12-27 10:00:00+05:30,20.0,78,993.3,77,5.9,8.1,19.1,344.0,152.0,353.1,10,362,4,1,0,87.65,10.5,190.0
2024-12-27 11:00:00+05:30,21.2,72,992.8,66,6.3,8.5,19.4,311.8,185.0,388.9,11,362,4,1,0,97.56,12.51,190.0
2024-12-27 12:00:00+05:30,22.5,66,991.6,49,6.2,8.3,24.5,394.0,220.0,480.1,12,362,4,1,0,123.87,11.65,190.0
2024-12-27 13:00:00+05:30,23.1,63,990.5,26,5.2,7.0,24.1,469.6,201.0,491.7,13,362,4,1,0,134.5,6.57,154.0
2024-12-27 14:00:00+05:30,23.4,60,989.9,79,6.1,8.4,23.4,476.5,160.0,413.0,14,362,4,1,0,122.64,11.58,190.0
2024-12-27 15:00:00+05:30,23.4,57,989.8,21,8.7,12.0,23.0,435.2,133.0,302.7,15,362,4,1,0,100.01,35.34,190.0
2024-12-27 16:00:00+05:30,23.0,53,989.7,13,11.9,16.9,27.7,284.9,116.0,163.3,16,362,4,1,0,62.7,50.0,190.0
2024-12-27 17:00:00+05:30,21.7,55,990.1,0,11.9,20.0,28.8,223.8,55.0,38.4,17,362,4,1,0,31.85,50.0,190.0
2024-12-27 18:00:00+05:30,20.1,60,990.6,2,14.1,25.3,29.2,0.0,4.0,0.0,18,362,4,0,1,0.0,50.0,165.0
2024-12-27 19:00:00+05:30,18.8,63,991.5,4,13.1,24.2,29.2,0.0,0.0,0.0,19,362,4,0,1,0.0,50.0,165.0
2024-12-27 20:00:00+05:30,17.9,65,992.2,2,14.6,26.7,29.2,0.0,0.0,0.0,20,362,4,0,1,0.0,50.0,165.0
2024-12-27 21:00:00+05:30,17.1,69,992.7,2,14.8,27.1,30.6,0.0,0.0,0.0,21,362,4,0,1,0.0,50.0,165.0
2024-12-27 22:00:00+05:30,16.5,73,993.1,2,14.2,26.3,29.9,0.0,0.0,0.0,22,362,4,0,1,0.0,50.0,165.0
2024-12-27 23:00:00+05:30,15.9,76,992.8,2,13.9,25.7,28.4,0.0,0.0,0.0,23,362,4,0,1,0.0,50.0,165.0
2024-12-28 00:00:00+05:30,15.1,80,992.4,0,12.5,24.2,27.7,0.0,0.0,0.0,0,363,5,0,0,0.0,50.0,70.0
2024-12-28 01:00:00+05:30,14.3,84,992.3,0,11.5,22.7,24.8,0.0,0.0,0.0,1,363,5,0,0,0.0,50.0,70.0
2024-12-28 02:00:00+05:30,13.6,87,992.0,0,11.2,22.3,22.3,0.0,0.0,0.0,2,363,5,0,0,0.0,50.0,70.0
2024-12-28 03:00:00+05:30,13.0,89,992.0,0,10.8,21.6,21.6,0.0,0.0,0.0,3,363,5,0,0,0.0,50.0,70.0
2024-12-28 04:00:00+05:30,12.5,91,991.9,0,10.3,20.7,20.5,0.0,0.0,0.0,4,363,5,0,0,0.0,50.0,70.0
2024-12-28 05:00:00+05:30,12.0,92,992.0,0,9.8,20.0,19.4,0.0,0.0,0.0,5,363,5,0,0,0.0,50.0,70.0
2024-12-28 06:00:00+05:30,11.4,92,992.5,0,10.9,21.8,21.2,0.0,0.0,0.0,6,363,5,0,0,0.0,50.0,70.0
2024-12-28 07:00:00+05:30,11.1,93,993.3,0,10.8,22.1,20.9,0.0,0.0,0.0,7,363,5,0,0,0.0,50.0,110.0
2024-12-28 08:00:00+05:30,11.9,88,994.2,0,10.6,21.2,20.9,198.7,36.0,117.1,8,363,5,0,0,23.57,50.0,110.0
2024-12-28 09:00:00+05:30,14.3,78,995.0,0,7.2,20.5,19.1,466.4,90.0,294.5,9,363,5,0,0,77.31,50.0,130.0
2024-12-28 10:00:00+05:30,16.9,61,995.5,0,8.7,13.4,23.0,627.4,119.0,463.1,10,363,5,0,0,124.48,44.04,130.0
2024-12-28 11:00:00+05:30,18.9,44,995.1,0,9.4,13.3,26.3,714.8,135.0,582.0,11,363,5,0,0,157.54,47.8,130.0
2024-12-28 12:00:00+05:30,20.1,37,993.9,0,9.0,12.5,26.3,752.8,144.0,635.6,12,363,5,0,0,174.98,40.3,130.0
2024-12-28 13:00:00+05:30,21.0,32,992.7,0,8.9,12.1,25.9,762.5,143.0,620.0,13,363,5,0,0,177.2,37.36,112.0
2024-12-28 14:00:00+05:30,21.4,30,992.0,0,8.8,12.1,25.6,736.7,137.0,537.0,14,363,5,0,0,163.87,36.73,130.0
2024-12-28 15:00:00+05:30,21.4,30,991.8,0,8.9,12.4,24.8,670.7,122.0,395.9,15,363,5,0,0,135.09,38.9,130.0
2024-12-28 16:00:00+05:30,20.9,32,991.9,0,8.5,12.0,23.8,535.5,99.0,218.2,16,363,5,0,0,91.71,34.63,130.0
2024-12-28 17:00:00+05:30,19.4,39,992.1,0,5.5,11.8,20.5,302.5,57.0,45.9,17,363,5,0,0,39.58,18.86,130.0
2024-12-28 18:00:00+05:30,17.9,41,992.6,0,8.9,18.9,16.6,17.5,4.0,0.0,18,363,5,0,1,0.0,50.0,165.0
2024-12-28 19:00:00+05:30,17.2,44,993.4,0,10.1,20.9,18.7,0.0,0.0,0.0,19,363,5,0,1,0.0,50.0,165.0
2024-12-28 20:00:00+05:30,15.9,49,993.9,0,10.0,20.4,19.1,0.0,0.0,0.0,20,363,5,0,1,0.0,50.0,165.0
2024-12-28 21:00:00+05:30,14.6,54,994.5,0,11.4,22.2,21.2,0.0,0.0,0.0,21,363,5,0,1,0.0,50.0,165.0
2024-12-28 22:00:00+05:30,13.9,55,994.8,0,12.9,25.9,24.5,0.0,0.0,0.0,22,363,5,0,1,0.0,50.0,165.0
2024-12-28 23:00:00+05:30,13.2,57,994.6,0,13.4,26.5,25.6,0.0,0.0,0.0,23,363,5,0,1,0.0,50.0,165.0
2024-12-29 00:00:00+05:30,12.6,60,994.5,0,12.7,25.4,25.6,0.0,0.0,0.0,0,364,6,0,0,0.0,50.0,70.0
2024-12-29 01:00:00+05:30,12.0,64,994.0,0,12.2,24.3,24.5,0.0,0.0,0.0,1,364,6,0,0,0.0,50.0,70.0
2024-12-29 02:00:00+05:30,11.5,67,993.9,0,11.6,23.4,23.0,0.0,0.0,0.0,2,364,6,0,0,0.0,50.0,70.0
2024-12-29 03:00:00+05:30,11.0,70,993.9,0,11.8,23.6,22.3,0.0,0.0,0.0,3,364,6,0,0,0.0,50.0,70.0
2024-12-29 04:00:00+05:30,10.6,73,993.9,0,12.3,24.7,23.8,0.0,0.0,0.0,4,364,6,0,0,0.0,50.0,70.0
2024-12-29 05:00:00+05:30,10.2,76,994.0,0,12.1,24.4,23.8,0.0,0.0,0.0,5,364,6,0,0,0.0,50.0,70.0
2024-12-29 06:00:00+05:30,9.8,81,994.8,0,11.4,23.1,22.3,0.0,0.0,0.0,6,364,6,0,0,0.0,50.0,70.0
2024-12-29 07:00:00+05:30,9.6,84,995.2,0,11.7,23.6,22.3,0.0,0.0,0.0,7,364,6,0,0,0.0,50.0,110.0
2024-12-29 08:00:00+05:30,10.4,81,995.9,0,11.3,22.5,22.7,191.5,36.0,115.9,8,364,6,0,0,23.08,50.0,110.0
2024-12-29 09:00:00+05:30,12.5,73,996.9,0,8.7,21.7,20.9,464.4,90.0,293.6,9,364,6,0,0,77.45,50.0,70.0
2024-12-29 10:00:00+05:30,15.3,62,997.4,0,8.5,13.4,22.7,628.0,119.0,463.3,10,364,6,0,0,125.23,43.02,70.0
2024-12-29 11:00:00+05:30,17.7,47,997.0,0,10.6,15.0,27.7,713.1,136.0,582.2,11,364,6,0,0,158.16,50.0,70.0
2024-12-29 12:00:00+05:30,19.4,39,995.8,0,10.7,14.8,28.8,753.9,144.0,636.8,12,364,6,0,0,175.68,50.0,70.0
2024-12-29 13:00:00+05:30,20.5,35,994.8,0,10.2,14.2,28.4,759.8,144.0,620.2,13,364,6,0,0,177.36,50.0,70.0
2024-12-29 14:00:00+05:30,21.2,33,994.2,0,10.7,14.9,28.1,731.7,138.0,536.4,14,364,6,0,0,163.5,50.0,70.0
2024-12-29 15:00:00+05:30,21.3,33,993.7,0,11.1,15.7,28.4,664.3,123.0,395.4,15,364,6,0,0,134.57,50.0,70.0
2024-12-29 16:00:00+05:30,20.9,34,993.5,0,10.8,15.9,27.7,532.5,99.0,218.7,16,364,6,0,0,91.54,50.0,70.0
2024-12-29 17:00:00+05:30,19.3,40,993.6,0,8.8,17.2,24.8,298.6,57.0,46.7,17,364,6,0,0,39.39,50.0,70.0
2024-12-29 18:00:00+05:30,17.3,50,994.1,0,10.7,21.8,20.2,17.1,5.0,0.0,18,364,6,0,1,0.0,50.0,165.0
2024-12-29 19:00:00+05:30,16.4,52,994.6,0,11.5,23.5,22.0,0.0,0.0,0.0,19,364,6,0,1,0.0,50.0,165.0
2024-12-29 20:00:00+05:30,15.6,55,994.9,0,11.2,23.4,22.0,0.0,0.0,0.0,20,364,6,0,1,0.0,50.0,165.0
2024-12-29 21:00:00+05:30,14.5,59,995.1,0,11.3,23.0,21.2,0.0,0.0,0.0,21,364,6,0,1,0.0,50.0,165.0
2024-12-29 22:00:00+05:30,13.4,63,995.1,0,12.6,25.1,24.1,0.0,0.0,0.0,22,364,6,0,1,0.0,50.0,165.0
2024-12-29 23:00:00+05:30,12.7,66,994.8,0,12.6,25.3,24.8,0.0,0.0,0.0,23,364,6,0,1,0.0,50.0,165.0
2024-12-30 00:00:00+05:30,12.1,70,994.4,0,12.5,25.1,24.5,0.0,0.0,0.0,0,365,0,0,0,0.0,50.0,70.0
2024-12-30 01:00:00+05:30,11.5,75,993.9,0,12.3,24.4,24.1,0.0,0.0,0.0,1,365,0,0,0,0.0,50.0,70.0
2024-12-30 02:00:00+05:30,10.9,79,993.5,0,11.8,23.3,23.4,0.0,0.0,0.0,2,365,0,0,0,0.0,50.0,70.0
2024-12-30 03:00:00+05:30,10.4,82,993.0,0,11.5,22.7,22.7,0.0,0.0,0.0,3,365,0,0,0,0.0,50.0,70.0
2024-12-30 04:00:00+05:30,9.9,85,993.1,0,10.2,20.6,22.0,0.0,0.0,0.0,4,365,0,0,0,0.0,50.0,70.0
2024-12-30 05:00:00+05:30,9.5,88,993.4,1,9.4,18.9,19.1,0.0,0.0,0.0,5,365,0,0,0,0.0,50.0,70.0
2024-12-30 06:00:00+05:30,9.0,89,993.7,0,11.4,22.1,21.2,0.0,0.0,0.0,6,365,0,0,0,0.0,50.0,70.0
2024-12-30 07:00:00+05:30,8.8,91,994.4,0,11.7,23.1,22.3,0.0,0.0,0.0,7,365,0,0,0,0.0,50.0,110.0
2024-12-30 08:00:00+05:30,9.7,88,995.2,0,11.7,23.2,22.7,192.3,35.0,114.6,8,365,0,0,0,22.89,50.0,110.0
2024-12-30 09:00:00+05:30,12.0,79,995.9,13,8.9,22.7,21.6,458.8,90.0,291.3,9,365,0,1,0,76.8,50.0,190.0
2024-12-30 10:00:00+05:30,14.8,68,996.1,0,8.9,13.8,23.4,622.0,119.0,460.1,10,365,0,1,0,124.47,48.14,190.0
2024-12-30 11:00:00+05:30,17.2,56,995.5,0,8.7,12.3,24.8,707.7,136.0,579.3,11,365,0,1,0,157.52,37.9,190.0
2024-12-30 12:00:00+05:30,18.9,47,994.4,2,6.7,9.3,24.5,750.1,144.0,635.0,12,365,0,1,0,175.4,16.17,190.0
2024-12-30 13:00:00+05:30,20.3,40,993.4,4,6.1,8.1,21.2,758.6,144.0,620.5,13,365,0,1,0,177.39,10.99,154.0
2024-12-30 14:00:00+05:30,21.2,36,992.5,8,5.7,7.8,19.8,734.9,137.0,538.5,14,365,0,1,0,164.01,9.28,190.0
2024-12-30 15:00:00+05:30,21.5,33,992.1,1,6.4,8.8,18.7,671.9,122.0,399.2,15,365,0,1,0,135.62,13.59,190.0
2024-12-30 16:00:00+05:30,21.1,35,991.9,0,6.8,9.8,18.7,543.3,99.0,223.0,16,365,0,1,0,93.03,17.94,190.0
2024-12-30 17:00:00+05:30,19.3,44,991.6,1,5.3,12.3,16.2,311.8,57.0,48.9,17,365,0,1,0,40.69,19.31,190.0
2024-12-30 18:00:00+05:30,18.0,48,991.9,0,8.7,17.8,16.2,16.8,5.0,0.0,18,365,0,0,1,0.0,50.0,165.0
2024-12-30 19:00:00+05:30,17.1,48,992.6,0,9.8,20.3,18.0,0.0,0.0,0.0,19,365,0,0,1,0.0,50.0,165.0
2024-12-30 20:00:00+05:30,15.9,53,993.0,0,11.3,23.3,21.6,0.0,0.0,0.0,20,365,0,0,1,0.0,50.0,165.0
2024-12-30 21:00:00+05:30,14.8,57,993.2,0,11.4,23.5,22.0,0.0,0.0,0.0,21,365,0,0,1,0.0,50.0,165.0
2024-12-30 22:00:00+05:30,14.1,60,993.6,0,11.2,23.2,21.6,0.0,0.0,0.0,22,365,0,0,1,0.0,50.0,165.0
2024-12-30 23:00:00+05:30,13.5,61,993.3,3,11.7,23.8,22.3,0.0,0.0,0.0,23,365,0,0,1,0.0,50.0,165.0
2024-12-31 00:00:00+05:30,12.9,62,992.7,1,11.5,22.7,22.7,0.0,0.0,0.0,0,366,1,0,0,0.0,50.0,70.0
2024-12-31 01:00:00+05:30,12.1,66,992.2,0,11.1,21.4,22.0,0.0,0.0,0.0,1,366,1,0,0,0.0,50.0,70.0
2024-12-31 02:00:00+05:30,11.5,74,992.0,3,10.9,21.3,20.9,0.0,0.0,0.0,2,366,1,0,0,0.0,50.0,70.0
2024-12-31 03:00:00+05:30,11.0,83,991.7,3,10.8,21.0,20.9,0.0,0.0,0.0,3,366,1,0,0,0.0,50.0,70.0
2024-12-31 04:00:00+05:30,10.7,89,991.7,9,10.9,20.5,20.5,0.0,0.0,0.0,4,366,1,0,0,0.0,50.0,70.0
2024-12-31 05:00:00+05:30,10.4,92,991.8,0,11.0,20.6,20.9,0.0,0.0,0.0,5,366,1,0,0,0.0,50.0,70.0
2024-12-31 06:00:00+05:30,9.9,91,992.8,0,11.8,22.3,22.7,0.0,0.0,0.0,6,366,1,0,0,0.0,50.0,70.0
2024-12-31 07:00:00+05:30,9.6,91,993.4,0,11.6,22.2,23.0,0.0,0.0,0.0,7,366,1,0,0,0.0,50.0,110.0
2024-12-31 08:00:00+05:30,10.4,88,994.4,0,11.7,22.1,23.0,184.9,35.0,113.3,8,366,1,0,0,22.21,50.0,110.0
2024-12-31 09:00:00+05:30,12.5,79,995.2,0,9.1,21.7,22.0,456.5,89.0,289.0,9,366,1,1,0,76.03,50.0,190.0
2024-12-31 10:00:00+05:30,15.4,68,995.6,0,8.0,12.3,22.3,620.1,118.0,458.1,10,366,1,1,0,123.58,34.12,190.0
2024-12-31 11:00:00+05:30,18.3,56,995.2,0,7.0,10.0,21.6,707.5,135.0,578.4,11,366,1,1,0,156.55,19.6,190.0
2024-12-31 12:00:00+05:30,20.6,46,994.1,0,6.2,8.6,21.2,749.3,142.0,633.2,12,366,1,1,0,173.7,12.54,190.0
2024-12-31 13:00:00+05:30,22.1,38,992.9,0,5.3,7.3,19.8,755.7,143.0,618.8,13,366,1,1,0,175.49,7.36,154.0
2024-12-31 14:00:00+05:30,23.0,32,991.9,3,4.5,6.1,18.4,731.3,136.0,537.0,14,366,1,1,0,162.18,4.02,190.0
2024-12-31 15:00:00+05:30,23.3,30,991.5,52,3.9,5.3,16.2,663.4,122.0,396.9,15,366,1,1,0,133.56,2.33,190.0
2024-12-31 16:00:00+05:30,22.9,31,991.6,7,3.9,5.2,13.3,537.3,98.0,222.0,16,366,1,1,0,91.62,2.23,190.0
2024-12-31 17:00:00+05:30,20.7,49,991.6,5,3.6,7.8,9.7,307.7,57.0,49.7,17,366,1,1,0,40.25,4.73,190.0
2024-12-31 18:00:00+05:30,18.7,53,991.8,92,4.7,8.8,8.3,16.5,5.0,0.0,18,366,1,0,1,0.0,8.91,165.0
2024-12-31 19:00:00+05:30,18.3,50,992.1,78,8.2,16.3,14.8,0.0,0.0,0.0,19,366,1,0,1,0.0,50.0,165.0
2024-12-31 20:00:00+05:30,17.0,53,992.9,9,11.0,23.2,21.2,0.0,0.0,0.0,20,366,1,0,1,0.0,50.0,165.0
2024-12-31 21:00:00+05:30,15.9,59,993.2,46,11.4,23.7,22.0,0.0,0.0,0.0,21,366,1,0,1,0.0,50.0,165.0
2024-12-31 22:00:00+05:30,15.2,61,993.3,11,11.7,24.2,22.7,0.0,0.0,0.0,22,366,1,0,1,0.0,50.0,165.0
2024-12-31 23:00:00+05:30,14.3,63,993.1,66,11.8,23.7,23.0,0.0,0.0,0.0,23,366,1,0,1,0.0,50.0,165.0
